date_time,CutlerOrosi,Avenal,Coalinguita,TerraBella,LostHills,McFarland,Coalinga
2025-06-03,62.098118688999946,56.518714994546656,56.518714994546656,56.02571597275663,56.670506756723384,60.80245154819059,
2025-06-04,61.64600284525212,56.613377678795395,56.613377678795395,56.64107725980223,57.47626798128751,60.71989037167763,
2025-06-05,60.69417272532784,56.08425386337125,56.08425386337125,55.899703492663626,56.62395981997288,59.29686453966657,
2025-06-06,58.05983877592122,54.68497777173167,54.68497777173167,54.90416614928457,55.337487326323966,57.86303858600834,
2025-06-07,60.076574341040406,56.60933941332142,56.60933941332142,57.31271786959991,58.892006328447366,59.72395932286164,
2025-06-08,56.18972158418648,53.73690653491244,53.73690653491244,54.300657931088466,55.35072667991207,56.78739272073196,
2025-06-09,58.10749999147497,55.66909514561458,55.66909514561458,56.38500634263464,57.85148462681422,58.48852054861706,
2025-06-10,57.8692145523076,55.560287597973485,55.560287597973485,56.86944303127467,57.84557568758577,58.388998704220285,
2025-06-11,55.764901336941854,54.33914987652567,54.33914987652567,55.536694478748764,52.90414820074741,55.942749507131865,
2025-06-12,55.061185474987525,54.21269821930279,54.21269821930279,54.658324873386,53.284715556902306,55.2535279528221,
2025-06-13,51.030133017372236,50.157460258312916,50.157460258312916,51.5044129858336,48.46655436155125,51.7773515982038,
2025-06-14,56.15858521503622,55.35017498831957,55.35017498831957,55.907482839939796,54.47524942510051,56.57745062838195,
2025-06-15,60.67678799764421,59.90630477413332,59.90630477413332,60.271318536042784,59.76172899013332,61.71401406504326,
2025-06-16,63.545662442243135,61.614549689591755,61.614549689591755,63.500970696978555,59.47177099561221,63.8143538268614,
2025-06-17,59.51886095469281,58.97075314570593,58.97075314570593,58.94990908801711,57.75698179016759,59.62550187745371,
2025-06-18,61.44016186746475,61.02538292839897,61.02538292839897,60.882169795959626,61.59899369401708,61.93735650453014,
2025-06-19,63.478730207067045,62.186135253401304,62.186135253401304,63.6503829799468,61.19156806916734,63.86163168281996,
2025-06-20,47.52805135305288,48.372185389616526,48.372185389616526,48.4748395733113,45.79610824332332,47.93189048132759,
2025-06-21,39.471868619803274,40.373037456475224,40.373037456475224,41.00867367702167,38.46506614054541,39.32272093422811,
2025-06-22,41.8090690705646,42.833507959077345,42.833507959077345,43.02055400623486,39.991941911919255,42.64898830328056,
2025-06-23,49.63517775642735,51.31067105510273,51.31067105510273,50.63946536937903,48.66549540760014,50.200672438822906,
2025-06-24,52.5883246012835,53.876110245538186,53.876110245538186,53.954105499544525,52.202389600143306,52.47411919656051,
2025-06-25,55.68824073544757,56.88892427873633,56.88892427873633,56.85977551710474,55.26089242917627,55.498192024733,
2025-06-26,56.723526428159516,58.108588718256286,58.108588718256286,58.20553813512005,57.04526607009385,56.42478137277865,
2025-06-27,59.87785536321632,60.96932019128864,60.96932019128864,60.58667196503278,60.66796690637985,57.779398277487005,
2025-06-28,64.19835005407829,64.64921949118862,64.64921949118862,64.35623533437067,64.89595460087563,63.089541553636856,69.79350762953426
2025-06-29,59.54844719894029,60.876239430211044,60.876239430211044,60.34096041154498,60.545488865870325,58.65692280837548,64.23914844033945
2025-06-30,61.181171212391426,61.76584443442822,61.76584443442822,62.07455742424723,61.59619288380594,60.99582236606494,66.57938305449244
2025-07-01,58.67186156503538,59.94472013725792,59.94472013725792,59.880117371790575,59.759796906958734,59.329740355105244,63.561260125811174
2025-07-02,54.284493050927075,55.96425711556062,55.96425711556062,55.59145492044051,55.68825125953041,55.94048666837311,58.09828673632159
2025-07-03,55.746563001486145,57.13799628674594,57.13799628674594,57.02676044374502,57.09102011249577,55.8939255394263,58.92359643922365
2025-07-04,42.68258436296529,44.65073676953638,44.65073676953638,45.95021520474345,42.176129903036326,45.56817800160227,44.536539028925034
2025-07-05,47.98256616570843,49.98083356746232,49.98083356746232,50.208443717554125,47.97829133706258,50.12809919092528,50.943916515110956
2025-07-06,51.89029983759843,55.09522068848609,55.09522068848609,54.85476258094569,52.90561421639199,54.80464466561814,54.83049771010698
2025-07-07,62.68004844084281,64.67935089880983,64.67935089880983,64.29236413726059,64.7821794329518,62.52560760289249,66.81140977559322
2025-07-08,56.07902538800772,58.74046290905061,58.74046290905061,57.83835547826301,58.619923552230205,59.56091777014878,58.91827870466753
2025-07-09,54.135156754525696,56.61902241892051,56.61902241892051,55.9938547564811,56.377239452694916,57.47486481823335,57.254728036454125
2025-07-10,,,,,57.682708374776965,,59.75654765557401
2025-07-11,66.49220981372586,,,64.63790391206031,68.68133098984451,,69.36982358294178
2025-07-12,64.72241148491649,,61.75343946209977,64.22102459403479,65.4273074336247,68.00910245109111,71.75947951293594
2025-07-13,59.13765035047682,,55.21002703280013,59.40437805036797,63.857755140450706,63.9236647397057,60.26063392881178
2025-07-14,59.8817551570063,,55.27455785876219,58.01066914131101,59.59217227743731,61.54281919041713,60.57570673931477
2025-07-15,57.8438926774466,,54.10596982977687,57.582040256871814,54.57594843470847,60.40040983693715,59.52958177977532
2025-07-16,48.88921942277056,,47.25241007636944,53.877693954559575,47.78330608096878,56.73336738949954,53.861646238139194
2025-07-17,51.783417257467,,49.82465395384716,52.873851168190065,52.8692649048283,59.12383906448455,51.23561578457222
2025-07-18,50.43408020489695,,51.869278174219694,52.442451462681085,56.57766945499349,59.67087795534813,51.80845034221376
2025-07-19,54.76616562332816,,51.3977518114914,53.28545595784202,55.722620763142054,60.54942879086857,53.72332907232496
2025-07-20,50.851071201880316,,50.18794874089074,53.9436494282188,51.376645765003516,60.77370205177741,49.63445760166832
2025-07-21,39.5330066450879,,38.18902723213602,44.20334411208327,33.53960754340978,49.602965550486644,39.660329509326374
2025-07-22,40.1122146316618,,36.871693338463906,41.328346575959216,34.90629187218275,48.656950674963646,40.478600612036225
2025-07-23,42.00623243464479,,37.13001435428981,43.13637159817562,35.56364533763371,50.64379996842667,41.933430258008904
2025-07-24,45.29919921407984,,38.83752084709689,45.41137619700655,39.83713498730161,54.71808110223044,
2025-07-25,42.621565359386565,,39.567138004442675,42.338038977599105,40.57648690231045,50.035962171744835,
2025-07-26,41.83398632272719,,38.85156470393656,44.468783463574425,42.992354506165995,51.184944724677955,
2025-07-27,43.813724268661986,,42.3072709696805,46.41724909017443,43.198579350277335,54.44811379314113,
2025-07-28,46.80466792638007,,40.987998150437065,48.185754872947314,42.97404934487492,55.345232337133105,40.594177008637544
2025-07-29,48.445016922277695,,43.86402639185452,48.542615329154785,44.9179908718757,56.19460993871454,43.402095927914495
2025-07-30,47.777558985057084,,44.85784362332675,49.5592506988459,43.77073004891128,58.61488538108206,43.284056521953524
2025-07-31,49.14942255220604,,45.30961578516151,50.458424312977925,45.49384776215426,58.16682280934475,43.824926919626996
2025-08-01,51.95619913920626,,47.14111391679288,51.91482949980464,49.160171355884245,59.92983547764145,46.138513184185456
2025-08-02,50.47117399705665,,41.535944181138206,49.13935212632748,43.56701293761128,56.156678019232906,40.47411962123703
2025-08-03,48.26108360524694,,43.49440617656776,49.383528837265665,44.758214547684815,54.620379494630335,38.2507658962304
2025-08-04,40.86728175880273,,36.00569894666398,41.0729523005657,34.59055714371587,47.54531394398394,34.05488171139321
2025-08-05,44.97838369760414,,39.492384266477515,44.694027550743314,36.36064357812482,51.00229110431266,35.324410535521864
2025-08-06,48.279845186321886,,44.51697394650245,47.50254283670615,43.659170587946136,56.926215565817294,41.57953285685302
2025-08-07,54.42637334163143,,48.17919325869741,50.45304955142656,47.971376257198706,57.0763557805969,45.054150534656586
2025-08-08,55.245668787619444,,49.109031723776475,49.30394002083139,46.67704343218951,57.88981397632048,46.48385916706381
2025-08-09,57.09281625197413,,56.63231007865146,59.69804995823493,65.46609636253851,67.48065409588091,52.77965134765861
2025-08-10,60.285360374174005,,54.52990969419197,58.440977825882655,61.210049775517795,67.75394867230303,50.64213016748787
2025-08-11,56.7614293716764,,51.809769841677905,54.18936824851582,54.38646052403487,61.70867166777978,49.565025532454484
2025-08-12,51.864890671886045,,46.468729349766015,52.93935545554934,50.2493878775142,58.57147737830721,44.508238033051036
2025-08-13,53.029304881063354,,44.73195192233143,51.86034992350148,45.68448886872848,57.2258604780776,41.20146195596582
2025-08-14,49.335468203639444,,41.5672187342289,48.972712296955734,42.72079460958293,53.26301625026604,37.20804933675513
2025-08-15,48.18571342596054,,40.2656530702198,48.21824799550256,41.64040834147953,53.53080660922762,36.61364350578255
2025-08-16,35.47152614613719,,31.90249559264047,40.703705464134366,31.516785220809528,45.64505055848235,
2025-08-17,37.245426522422015,,30.018384384183808,38.00213659331702,29.354456787215376,45.71895753899884,
2025-08-18,43.48212861867045,,32.57421176044095,41.85659603258371,38.87838230591875,48.905409233560846,33.16850334076138
2025-08-19,45.58171723178514,39.227081132246504,,43.9124899831869,41.1344003191651,52.20933517404549,36.61779160179611
2025-08-20,51.62128355024198,44.358795597509214,,47.0101019137293,43.76590054909919,53.596413979263104,43.22668788505224
2025-08-21,60.60649209930877,43.93418431953096,,49.500447154433644,49.12941881460107,57.70459804014041,37.77815434920883
2025-08-22,64.55594125810347,47.17397510203618,,56.000292306082684,51.109654338157156,64.56778486691495,44.51453394801204
2025-08-23,49.641547471357086,45.642092082698866,,45.97577986602421,47.607177410556595,54.29205380415366,42.96334579708087
2025-08-24,63.4505423185765,48.61705564178762,,59.60487500141221,53.470281511565574,69.60047157702368,44.720332408557425
2025-08-25,57.62800823178143,45.8115591608869,,54.29663487464312,43.796362313504595,59.90301940234531,37.34649991129461
2025-08-26,56.70451889209849,48.06707286996861,,54.82005954731379,46.563248267299386,63.88519235878374,43.53369851069084
2025-08-27,52.21565827046774,43.861135828549806,,50.776352342314496,44.43203591664104,55.20664889032715,40.58639258427798
2025-08-28,59.34542825577919,49.773456718629944,,53.337199937344906,53.75019189917134,52.772276999694874,41.879799345150715
2025-08-29,48.44658772506792,43.463731419722,,48.5205153191307,44.85219089267092,51.71681303868432,38.61201865436965
2025-08-30,56.267277983876276,45.9888033717398,,49.60177352370725,48.86648221715384,52.39067068403065,41.929688246152374
2025-08-31,58.14472022507238,51.457526675139846,,50.72792579788704,51.3527390182451,55.087275850268895,45.04668100882417
2025-09-01,59.58100276898396,46.511786698444375,,54.17259874943267,45.68389777274819,55.74930609835528,40.043318724623084
2025-09-02,63.02758269540634,39.41718700123496,,51.15220213067568,44.38405176289375,53.06853792791389,
2025-09-03,58.0447513237963,53.33743198113477,,61.32273263905358,51.16587063034728,56.81337547661392,51.724442559094726
2025-09-04,61.0896707530049,50.68989756496677,,53.883483613845215,46.92203239488269,56.214960452565506,47.39193240486288
2025-09-05,48.82139419480424,46.26318232772302,,48.20866580167565,43.704119924514245,49.573061257341095,39.77958539362738
2025-09-06,53.29331257509836,47.14521908405276,,51.71176725292414,40.60471835748441,51.47809434850888,37.355126050553096
2025-09-07,48.016831283168656,39.27768252365,,44.15084291698734,35.26080861163207,44.598406743240226,33.703549631162886
2025-09-08,46.91562622254875,37.02212912675573,,44.653188263730634,34.45113035554247,43.8676262754991,31.281104299308666
2025-09-09,38.47077636727969,30.289535678927066,,37.888843406503995,30.56803116475038,40.549353568068184,
2025-09-10,35.83142855775227,28.632883969122517,,35.56144079012111,28.919582161102444,39.00550452944896,
2025-09-11,36.85369610008651,29.73380663165954,,37.246780521129686,32.617265801199544,39.46858295035749,
2025-09-12,42.60450811728108,35.898438388083505,,41.62994762192824,36.38048850712526,42.45643588289884,34.09343986874728
2025-09-13,49.61198128638623,40.85555308098887,,47.43437947611074,43.02273707946121,46.74326688252763,37.7627206798507
2025-09-14,47.66838061362465,40.66092364036672,,46.23348832379821,38.91846187055283,46.31628909838675,36.12924019427812
2025-09-15,49.27810354107672,41.82799957884033,,47.58167239999304,41.96017609929769,49.45002193368509,36.479956441537794
2025-09-16,58.69482784253878,41.73918834390587,,53.55373479331146,49.5285380857153,55.23751876730151,45.779798765763516
2025-09-17,62.40531571648867,46.775586621100175,,50.916134886673916,50.67813532095475,52.21967297715508,46.38557710570165
2025-09-18,41.685476508540624,37.42764236337565,,38.05844926247136,36.37782799794523,,
2025-09-19,37.16179719376549,38.06290178061225,,50.32641621295624,,45.813115762672446,41.727141228915144
2025-09-20,57.73648842948101,46.48285634394979,,58.71123693853746,,50.40679480199288,44.46066717983771
2025-09-21,55.69642370967016,40.133816158588715,,52.92600092069672,,48.60376533626598,38.75704981771926
2025-09-22,54.82518192106044,40.823114423785015,,48.575232794271386,,51.228966860382215,38.708131681214965
2025-09-23,62.84981053876053,48.50840279621231,,55.93918701405801,,57.51635329838751,45.65856990843585
2025-09-24,45.08302935078065,41.03484468899468,,46.77395736761703,,49.691722787104226,
2025-09-25,45.86595289437418,41.24421386456043,,46.136804554763515,,48.32206762473151,38.91845597911266
2025-09-26,52.315844607292206,43.17591435852368,,46.9665226674944,,49.1144047411978,44.00650566641365
2025-09-27,57.15772256678209,43.29024068486181,,46.88379950692919,,48.46309507544335,43.359127498385135
2025-09-28,45.665272655030314,36.29604381468367,,43.88677523516313,,44.98227930272993,37.722901184172436
2025-09-29,43.36941453068113,33.201384144383226,,43.61387589055612,,43.26142081986987,37.74013536920561
2025-09-30,39.62466242320477,33.76525678491108,,41.37558235864772,,43.19271201355866,35.610622189974976
2025-10-01,41.98012484482201,36.869869233198976,,40.6514810957967,,43.29820471521808,37.99586854239478
2025-10-02,45.97089649163061,36.15815288657504,,44.0150982987606,,45.75491171189505,32.56154005506077
2025-10-03,34.529251218553874,31.162039078705586,,34.09372105040143,,37.13740181999681,35.03788181386638
2025-10-04,40.19985930954615,32.79322542729321,,38.09051322865332,,40.67322296715013,34.82704631245286
2025-10-05,44.769441849120774,39.43714362500898,,44.277065237113796,,45.70192036793776,41.4889597070964
2025-10-06,51.549171651579016,42.489205471811076,,48.76745250359849,,50.048548219476864,43.79171388118267
2025-10-07,55.04889385912244,43.998716294811004,,49.4548857824179,,49.20912223016929,45.5353080193325
2025-10-08,52.75347318087922,39.29252922055328,,46.3833766311288,,42.948217339345675,41.60011005203918
2025-10-09,42.4197577917406,35.268264249884034,,39.92760550738332,,42.74891826972817,
2025-10-10,44.32354572520629,36.67436151922267,,42.53437003034587,,44.05777810453003,39.47510989274069
2025-10-11,36.11897198616537,33.30962277297703,,35.432944435218644,,37.260211809763895,36.786415539459
2025-10-12,35.72755503927732,32.37072058448711,,35.456241356753644,,36.29219624566241,35.20987050968356
2025-10-13,30.977303522258335,31.494977545091942,,34.98859905455924,,34.71530127031431,35.32968948947414
2025-10-14,,26.929161231599814,,27.01005696884232,,33.460670701297566,33.79899982641789
2025-10-15,,29.340639799893577,,31.329643551097917,,,33.766871439742665
2025-10-16,,31.705538574096924,,,,,37.686290310224166
2025-10-17,,37.89138010350499,,,,,42.269704515207444
2025-10-18,56.13643636688719,47.378673610963,,30.115029861565763,,50.209782413569904,51.99715915413057
2025-10-19,59.43005295981895,47.32520705702053,,28.47657948104892,,49.8792314334601,54.30409758139364
2025-10-20,58.33527169495098,40.61173414671067,,,,49.86824389712234,53.60826983495528
2025-10-21,63.727320910100595,,,,,,58.31145645743329
2025-10-22,47.28995693463303,,,43.25601087360017,,41.32972517444805,44.24575429070377
2025-10-23,40.850199104242265,,,,,39.01162616183988,
2025-10-24,45.5248408526986,40.437596870098986,40.437596870098986,42.73352616258158,,43.070552815132636,44.13981838579249
2025-10-25,45.72005850856524,41.27464350996641,41.27464350996641,42.86411491849471,,42.885083337075855,
2025-10-26,37.60469162107692,35.57612968464311,35.57612968464311,37.36661308910167,,39.92482889263935,
2025-10-27,31.036498784083037,29.891049275563994,29.891049275563994,,,35.068530070265375,
2025-10-28,37.08018105463251,35.167725349300134,35.167725349300134,,,38.517235478841364,39.14738925791748
2025-10-29,43.59996642597952,40.13122780614946,40.13122780614946,,,42.00593820371207,43.407414902437
2025-10-30,49.549129641716775,44.38109067427589,44.38109067427589,,,45.380697145862854,49.41439911847086
2025-10-31,46.43429055806739,42.432448958154026,42.432448958154026,44.28894500809294,,44.25270743020297,46.35559959590817
2025-11-01,47.811337019167404,43.45240090081405,43.45240090081405,,,44.4923246466852,
2025-11-02,43.72105099625377,42.104143084044544,42.104143084044544,43.138957383760655,,43.33425354377001,45.400331823255684
2025-11-03,48.550402588185,,,47.595998430012315,,46.053806412214016,
2025-11-04,40.855841946826004,,,,,41.91142751237727,44.51837486564255
2025-11-05,39.60496121781084,,,,,35.67780443480415,
