,date,location,MDA8
0,2025-06-01,Clovis,52.9125
1,2025-06-02,Clovis,61.8875
2,2025-06-03,Clovis,61.2375
3,2025-06-04,Clovis,60.42857142857143
4,2025-06-05,Clovis,60.1625
5,2025-06-06,Clovis,61.625
6,2025-06-07,Clovis,64.6625
7,2025-06-08,Clovis,56.925
8,2025-06-09,Clovis,61.4375
9,2025-06-10,Clovis,60.62500000000001
10,2025-06-11,Clovis,52.7
11,2025-06-12,Clovis,53.3125
12,2025-06-13,Clovis,48.95
13,2025-06-14,Clovis,57.275
14,2025-06-15,Clovis,65.4
15,2025-06-16,Clovis,64.4
16,2025-06-17,Clovis,63.74999999999999
17,2025-06-18,Clovis,70.7625
18,2025-06-19,Clovis,68.85
19,2025-06-20,Clovis,50.150000000000006
20,2025-06-21,Clovis,41.5125
21,2025-06-22,Clovis,43.225
22,2025-06-23,Clovis,50.275
23,2025-06-24,Clovis,56.25
24,2025-06-25,Clovis,59.712500000000006
25,2025-06-26,Clovis,61.3875
26,2025-06-27,Clovis,66.6375
27,2025-06-28,Clovis,73.41250000000001
28,2025-06-29,Clovis,69.1875
29,2025-06-30,Clovis,67.2
30,2025-07-01,Clovis,66.45
31,2025-07-02,Clovis,59.62500000000001
32,2025-07-03,Clovis,64.9875
33,2025-07-04,Clovis,40.6875
34,2025-07-05,Clovis,51.5125
35,2025-07-06,Clovis,57.3375
36,2025-07-07,Clovis,76.0375
37,2025-07-08,Clovis,58.45
38,2025-07-09,Clovis,54.11666666666667
39,2025-07-10,Clovis,57.93333333333334
40,2025-07-11,Clovis,73.125
41,2025-07-12,Clovis,77.82499999999999
42,2025-07-13,Clovis,67.05
43,2025-07-14,Clovis,66.675
44,2025-07-15,Clovis,67.2
45,2025-07-16,Clovis,62.625
46,2025-07-17,Clovis,55.9875
47,2025-07-18,Clovis,58.2625
48,2025-07-19,Clovis,59.25
49,2025-07-20,Clovis,53.9375
50,2025-07-21,Clovis,40.81428571428571
51,2025-07-22,Clovis,42.825
52,2025-07-23,Clovis,45.23333333333333
53,2025-07-24,Clovis,48.337500000000006
54,2025-07-25,Clovis,43.225
55,2025-07-26,Clovis,45.7875
56,2025-07-27,Clovis,45.95
57,2025-07-28,Clovis,47.7375
58,2025-07-29,Clovis,50.8125
59,2025-07-30,Clovis,50.25
60,2025-07-31,Clovis,53.675
61,2025-08-01,Clovis,57.425
62,2025-08-02,Clovis,51.3625
63,2025-08-03,Clovis,47.0375
64,2025-08-04,Clovis,39.48333333333333
65,2025-08-05,Clovis,41.6375
66,2025-08-06,Clovis,50.225
67,2025-08-07,Clovis,61.9875
68,2025-08-08,Clovis,67.8375
69,2025-08-09,Clovis,69.0125
70,2025-08-10,Clovis,71.4
71,2025-08-11,Clovis,62.55
72,2025-08-12,Clovis,54.425
73,2025-08-13,Clovis,50.9125
74,2025-08-14,Clovis,45.0375
75,2025-08-15,Clovis,51.1875
76,2025-08-16,Clovis,36.55
77,2025-08-17,Clovis,32.8875
78,2025-08-18,Clovis,44.1375
79,2025-08-19,Clovis,46.2625
80,2025-08-20,Clovis,57.725
81,2025-08-21,Clovis,73.625
82,2025-08-22,Clovis,75.7
83,2025-08-23,Clovis,64.65
84,2025-08-24,Clovis,65.925
85,2025-08-25,Clovis,58.675
86,2025-08-26,Clovis,63.6
87,2025-08-27,Clovis,63.3
88,2025-08-28,Clovis,64.125
89,2025-08-29,Clovis,65.825
90,2025-08-30,Clovis,66.51249999999999
91,2025-08-31,Clovis,71.6125
92,2025-09-01,Clovis,73.2125
93,2025-09-02,Clovis,70.7625
94,2025-09-03,Clovis,78.96666666666665
95,2025-09-04,Clovis,68.4625
96,2025-09-05,Clovis,51.475
97,2025-09-06,Clovis,60.1125
98,2025-09-07,Clovis,49.025
99,2025-09-08,Clovis,45.325
100,2025-09-09,Clovis,36.25
101,2025-09-10,Clovis,34.0
102,2025-09-11,Clovis,37.75
103,2025-09-12,Clovis,44.6875
104,2025-09-13,Clovis,53.35
105,2025-09-14,Clovis,47.0375
106,2025-09-15,Clovis,60.175
107,2025-09-16,Clovis,70.4125
108,2025-09-17,Clovis,67.8625
109,2025-09-18,Clovis,48.35
110,2025-09-19,Clovis,40.9375
111,2025-09-20,Clovis,59.1125
112,2025-09-21,Clovis,53.0125
113,2025-09-22,Clovis,58.075
114,2025-09-23,Clovis,74.48333333333333
115,2025-09-24,Clovis,46.375
116,2025-09-25,Clovis,52.7375
117,2025-09-26,Clovis,58.4875
118,2025-09-27,Clovis,66.9875
119,2025-09-28,Clovis,46.775
120,2025-09-29,Clovis,46.2375
121,2025-09-30,Clovis,46.5625
122,2025-10-01,Clovis,49.50000000000001
123,2025-10-02,Clovis,42.3
124,2025-10-03,Clovis,37.7375
125,2025-10-04,Clovis,43.325
126,2025-10-05,Clovis,55.462500000000006
127,2025-10-06,Clovis,53.5875
128,2025-10-07,Clovis,63.30000000000001
129,2025-10-08,Clovis,56.025
130,2025-10-09,Clovis,43.7375
131,2025-10-10,Clovis,45.37500000000001
132,2025-10-11,Clovis,38.7875
133,2025-10-12,Clovis,40.9875
134,2025-10-13,Clovis,33.987500000000004
135,2025-10-14,Clovis,33.837500000000006
136,2025-10-15,Clovis,38.6625
137,2025-10-16,Clovis,34.0
138,2025-10-17,Clovis,44.3875
139,2025-10-18,Clovis,54.025
140,2025-10-19,Clovis,61.175
141,2025-10-20,Clovis,61.2625
142,2025-10-21,Clovis,61.775000000000006
143,2025-10-22,Clovis,33.5375
144,2025-10-23,Clovis,32.837500000000006
145,2025-10-24,Clovis,46.43750000000001
146,2025-10-25,Clovis,44.925
147,2025-10-26,Clovis,37.675
148,2025-10-27,Clovis,31.737500000000008
149,2025-10-28,Clovis,38.06250000000001
150,2025-10-29,Clovis,41.775000000000006
151,2025-10-30,Clovis,55.25000000000001
152,2025-10-31,Clovis,45.95
153,2025-11-01,Clovis,58.275000000000006
154,2025-11-02,Clovis,55.875
155,2025-11-03,Clovis,56.7625
156,2025-11-04,Clovis,45.825
157,2025-11-05,Clovis,32.63333333333334
158,2025-11-06,Clovis,33.48333333333334
159,2025-06-01,Fresno-Garland,46.6
160,2025-06-02,Fresno-Garland,57.32857142857143
161,2025-06-03,Fresno-Garland,55.400000000000006
162,2025-06-04,Fresno-Garland,55.9875
163,2025-06-05,Fresno-Garland,53.8
164,2025-06-06,Fresno-Garland,52.6
165,2025-06-07,Fresno-Garland,54.9875
166,2025-06-08,Fresno-Garland,49.6625
167,2025-06-09,Fresno-Garland,52.6625
168,2025-06-10,Fresno-Garland,51.7
169,2025-06-11,Fresno-Garland,48.45
170,2025-06-12,Fresno-Garland,50.0375
171,2025-06-13,Fresno-Garland,45.675
172,2025-06-14,Fresno-Garland,52.725
173,2025-06-15,Fresno-Garland,59.625
174,2025-06-16,Fresno-Garland,59.6625
175,2025-06-17,Fresno-Garland,58.6125
176,2025-06-18,Fresno-Garland,62.95
177,2025-06-19,Fresno-Garland,61.2
178,2025-06-20,Fresno-Garland,45.4
179,2025-06-21,Fresno-Garland,37.475
180,2025-06-22,Fresno-Garland,36.7
181,2025-06-23,Fresno-Garland,47.2375
182,2025-06-24,Fresno-Garland,51.337500000000006
183,2025-06-25,Fresno-Garland,54.225
184,2025-06-26,Fresno-Garland,55.3625
185,2025-06-27,Fresno-Garland,62.1375
186,2025-06-28,Fresno-Garland,67.4375
187,2025-06-29,Fresno-Garland,61.4125
188,2025-06-30,Fresno-Garland,61.35
189,2025-07-01,Fresno-Garland,59.95
190,2025-07-02,Fresno-Garland,53.775000000000006
191,2025-07-03,Fresno-Garland,57.425
192,2025-07-04,Fresno-Garland,36.3125
193,2025-07-05,Fresno-Garland,46.150000000000006
194,2025-07-06,Fresno-Garland,50.5
195,2025-07-07,Fresno-Garland,66.1625
196,2025-07-08,Fresno-Garland,57.45
197,2025-07-09,Fresno-Garland,55.325
198,2025-07-10,Fresno-Garland,59.4
199,2025-07-11,Fresno-Garland,69.47500000000001
200,2025-07-12,Fresno-Garland,71.8375
201,2025-07-13,Fresno-Garland,59.175
202,2025-07-14,Fresno-Garland,61.212500000000006
203,2025-07-15,Fresno-Garland,58.775000000000006
204,2025-07-16,Fresno-Garland,54.45000000000001
205,2025-07-17,Fresno-Garland,50.212500000000006
206,2025-07-18,Fresno-Garland,51.72500000000001
207,2025-07-19,Fresno-Garland,54.4625
208,2025-07-20,Fresno-Garland,47.962500000000006
209,2025-07-21,Fresno-Garland,36.7625
210,2025-07-22,Fresno-Garland,38.875
211,2025-07-23,Fresno-Garland,40.825
212,2025-07-24,Fresno-Garland,44.962500000000006
213,2025-07-25,Fresno-Garland,39.3625
214,2025-07-26,Fresno-Garland,40.68750000000001
215,2025-07-27,Fresno-Garland,40.43750000000001
216,2025-07-28,Fresno-Garland,42.712500000000006
217,2025-07-29,Fresno-Garland,45.75000000000001
218,2025-07-30,Fresno-Garland,44.087500000000006
219,2025-07-31,Fresno-Garland,56.91666666666668
220,2025-08-01,Fresno-Garland,57.91666666666666
221,2025-08-02,Fresno-Garland,55.925
222,2025-08-03,Fresno-Garland,50.475
223,2025-08-04,Fresno-Garland,44.9875
224,2025-08-05,Fresno-Garland,46.11250000000001
225,2025-08-06,Fresno-Garland,52.51666666666667
226,2025-08-07,Fresno-Garland,49.38333333333333
227,2025-08-08,Fresno-Garland,72.58333333333333
228,2025-08-09,Fresno-Garland,78.98750000000001
229,2025-08-10,Fresno-Garland,80.275
230,2025-08-11,Fresno-Garland,68.91666666666667
231,2025-08-12,Fresno-Garland,59.625
232,2025-08-13,Fresno-Garland,49.81666666666667
233,2025-08-14,Fresno-Garland,49.6
234,2025-08-15,Fresno-Garland,55.462500000000006
235,2025-08-16,Fresno-Garland,39.775000000000006
236,2025-08-17,Fresno-Garland,36.43750000000001
237,2025-08-18,Fresno-Garland,50.10000000000001
238,2025-08-19,Fresno-Garland,50.275000000000006
239,2025-08-20,Fresno-Garland,63.12500000000001
240,2025-08-21,Fresno-Garland,80.5875
241,2025-08-22,Fresno-Garland,88.45
242,2025-08-23,Fresno-Garland,69.3
243,2025-08-24,Fresno-Garland,74.5875
244,2025-08-25,Fresno-Garland,65.22500000000001
245,2025-08-26,Fresno-Garland,71.625
246,2025-08-27,Fresno-Garland,69.15
247,2025-08-28,Fresno-Garland,70.9625
248,2025-08-29,Fresno-Garland,70.1
249,2025-08-30,Fresno-Garland,74.5875
250,2025-08-31,Fresno-Garland,79.60000000000001
251,2025-09-01,Fresno-Garland,81.95
252,2025-09-02,Fresno-Garland,76.81250000000001
253,2025-09-03,Fresno-Garland,85.16666666666667
254,2025-09-04,Fresno-Garland,73.83749999999999
255,2025-09-05,Fresno-Garland,60.25
256,2025-09-06,Fresno-Garland,66.9375
257,2025-09-07,Fresno-Garland,52.400000000000006
258,2025-09-08,Fresno-Garland,50.2375
259,2025-09-09,Fresno-Garland,38.2
260,2025-09-10,Fresno-Garland,37.95
261,2025-09-11,Fresno-Garland,42.0375
262,2025-09-12,Fresno-Garland,50.5625
263,2025-09-13,Fresno-Garland,60.1125
264,2025-09-14,Fresno-Garland,52.31250000000001
265,2025-09-15,Fresno-Garland,68.8875
266,2025-09-16,Fresno-Garland,75.4875
267,2025-09-17,Fresno-Garland,75.85000000000001
268,2025-09-18,Fresno-Garland,52.50000000000001
269,2025-09-19,Fresno-Garland,48.0
270,2025-09-20,Fresno-Garland,66.3125
271,2025-09-21,Fresno-Garland,56.68750000000001
272,2025-09-22,Fresno-Garland,61.5125
273,2025-09-23,Fresno-Garland,78.72500000000001
274,2025-09-24,Fresno-Garland,50.57142857142857
275,2025-09-25,Fresno-Garland,59.8625
276,2025-09-26,Fresno-Garland,62.325
277,2025-09-27,Fresno-Garland,73.975
278,2025-09-28,Fresno-Garland,52.5125
279,2025-09-29,Fresno-Garland,50.900000000000006
280,2025-09-30,Fresno-Garland,50.3
281,2025-10-01,Fresno-Garland,53.6
282,2025-10-02,Fresno-Garland,47.175
283,2025-10-03,Fresno-Garland,42.4375
284,2025-10-04,Fresno-Garland,34.525000000000006
285,2025-10-05,Fresno-Garland,
286,2025-10-06,Fresno-Garland,57.8625
287,2025-10-07,Fresno-Garland,69.625
288,2025-10-08,Fresno-Garland,60.1
289,2025-10-09,Fresno-Garland,49.2625
290,2025-10-10,Fresno-Garland,50.85714285714287
291,2025-10-11,Fresno-Garland,43.25000000000001
292,2025-10-12,Fresno-Garland,44.2375
293,2025-10-13,Fresno-Garland,35.47500000000001
294,2025-10-14,Fresno-Garland,37.9875
295,2025-10-15,Fresno-Garland,43.2875
296,2025-10-16,Fresno-Garland,35.45
297,2025-10-17,Fresno-Garland,45.37500000000001
298,2025-10-18,Fresno-Garland,62.3125
299,2025-10-19,Fresno-Garland,66.5875
300,2025-10-20,Fresno-Garland,64.775
301,2025-10-21,Fresno-Garland,66.7875
302,2025-10-22,Fresno-Garland,32.487500000000004
303,2025-10-23,Fresno-Garland,35.3875
304,2025-10-24,Fresno-Garland,52.1625
305,2025-10-25,Fresno-Garland,46.725
306,2025-10-26,Fresno-Garland,41.825
307,2025-10-27,Fresno-Garland,34.025000000000006
308,2025-10-28,Fresno-Garland,40.7625
309,2025-10-29,Fresno-Garland,48.55
310,2025-10-30,Fresno-Garland,60.625
311,2025-10-31,Fresno-Garland,49.575
312,2025-11-01,Fresno-Garland,64.6
313,2025-11-02,Fresno-Garland,57.3875
314,2025-11-03,Fresno-Garland,64.2625
315,2025-11-04,Fresno-Garland,44.87500000000001
316,2025-11-05,Fresno-Garland,34.300000000000004
317,2025-11-06,Fresno-Garland,37.212500000000006
318,2025-06-01,Tranquility,49.6625
319,2025-06-02,Tranquility,52.175
320,2025-06-03,Tranquility,57.8625
321,2025-06-04,Tranquility,56.3875
322,2025-06-05,Tranquility,50.45
323,2025-06-06,Tranquility,53.8625
324,2025-06-07,Tranquility,54.375
325,2025-06-08,Tranquility,51.7875
326,2025-06-09,Tranquility,52.8625
327,2025-06-10,Tranquility,52.05
328,2025-06-11,Tranquility,57.8875
329,2025-06-12,Tranquility,54.825
330,2025-06-13,Tranquility,48.0
331,2025-06-14,Tranquility,56.325
332,2025-06-15,Tranquility,57.8875
333,2025-06-16,Tranquility,62.6375
334,2025-06-17,Tranquility,55.075
335,2025-06-18,Tranquility,54.9125
336,2025-06-19,Tranquility,63.65
337,2025-06-20,Tranquility,45.875
338,2025-06-21,Tranquility,39.0125
339,2025-06-22,Tranquility,40.35
340,2025-06-23,Tranquility,49.4
341,2025-06-24,Tranquility,49.98571428571428
342,2025-06-25,Tranquility,56.9625
343,2025-06-26,Tranquility,53.125
344,2025-06-27,Tranquility,57.3125
345,2025-06-28,Tranquility,65.375
346,2025-06-29,Tranquility,61.85
347,2025-06-30,Tranquility,64.61250000000001
348,2025-07-01,Tranquility,59.8375
349,2025-07-02,Tranquility,56.125
350,2025-07-03,Tranquility,44.5
351,2025-07-04,Tranquility,40.3875
352,2025-07-05,Tranquility,49.125
353,2025-07-06,Tranquility,56.55
354,2025-07-07,Tranquility,62.7875
355,2025-07-08,Tranquility,51.9
356,2025-07-09,Tranquility,52.25
357,2025-07-10,Tranquility,59.675
358,2025-07-11,Tranquility,64.55
359,2025-07-12,Tranquility,66.28750000000001
360,2025-07-13,Tranquility,55.0625
361,2025-07-14,Tranquility,55.25
362,2025-07-15,Tranquility,48.85
363,2025-07-16,Tranquility,46.175
364,2025-07-17,Tranquility,49.8
365,2025-07-18,Tranquility,53.8375
366,2025-07-19,Tranquility,52.225
367,2025-07-20,Tranquility,45.6875
368,2025-07-21,Tranquility,33.4125
369,2025-07-22,Tranquility,35.1625
370,2025-07-23,Tranquility,36.575
371,2025-07-24,Tranquility,41.7625
372,2025-07-25,Tranquility,41.9625
373,2025-07-26,Tranquility,41.1125
374,2025-07-27,Tranquility,39.625
375,2025-07-28,Tranquility,40.5375
376,2025-07-29,Tranquility,45.1625
377,2025-07-30,Tranquility,45.55
378,2025-07-31,Tranquility,45.35
379,2025-08-01,Tranquility,47.1
380,2025-08-02,Tranquility,41.5875
381,2025-08-03,Tranquility,36.8875
382,2025-08-04,Tranquility,33.55
383,2025-08-05,Tranquility,35.825
384,2025-08-06,Tranquility,46.71428571428572
385,2025-08-07,Tranquility,46.925
386,2025-08-08,Tranquility,56.650000000000006
387,2025-08-09,Tranquility,63.1875
388,2025-08-10,Tranquility,57.8125
389,2025-08-11,Tranquility,57.614285714285714
390,2025-08-12,Tranquility,55.5375
391,2025-08-13,Tranquility,48.1875
392,2025-08-14,Tranquility,42.425
393,2025-08-15,Tranquility,45.425
394,2025-08-16,Tranquility,33.6875
395,2025-08-17,Tranquility,30.3625
396,2025-08-18,Tranquility,41.1875
397,2025-08-19,Tranquility,44.3875
398,2025-08-20,Tranquility,51.975
399,2025-08-21,Tranquility,46.825
400,2025-08-22,Tranquility,58.1875
401,2025-08-23,Tranquility,57.9375
402,2025-08-24,Tranquility,58.85
403,2025-08-25,Tranquility,49.15
404,2025-08-26,Tranquility,60.7125
405,2025-08-27,Tranquility,55.0625
406,2025-08-28,Tranquility,55.5375
407,2025-08-29,Tranquility,48.325
408,2025-08-30,Tranquility,53.4125
409,2025-08-31,Tranquility,56.2
410,2025-09-01,Tranquility,52.8875
411,2025-09-02,Tranquility,45.65
412,2025-09-03,Tranquility,57.8125
413,2025-09-04,Tranquility,56.525
414,2025-09-05,Tranquility,50.150000000000006
415,2025-09-06,Tranquility,48.3625
416,2025-09-07,Tranquility,36.45
417,2025-09-08,Tranquility,36.65714285714286
418,2025-09-09,Tranquility,29.45
419,2025-09-10,Tranquility,29.9625
420,2025-09-11,Tranquility,32.275
421,2025-09-12,Tranquility,40.7
422,2025-09-13,Tranquility,46.0125
423,2025-09-14,Tranquility,43.35
424,2025-09-15,Tranquility,44.1
425,2025-09-16,Tranquility,56.675
426,2025-09-17,Tranquility,58.8375
427,2025-09-18,Tranquility,43.8
428,2025-09-19,Tranquility,51.2375
429,2025-09-20,Tranquility,55.95
430,2025-09-21,Tranquility,43.875
431,2025-09-22,Tranquility,45.34285714285715
432,2025-09-23,Tranquility,55.3375
433,2025-09-24,Tranquility,42.6125
434,2025-09-25,Tranquility,52.462500000000006
435,2025-09-26,Tranquility,54.1875
436,2025-09-27,Tranquility,59.1125
437,2025-09-28,Tranquility,42.7
438,2025-09-29,Tranquility,38.5875
439,2025-09-30,Tranquility,40.2875
440,2025-10-01,Tranquility,40.925
441,2025-10-02,Tranquility,36.575
442,2025-10-03,Tranquility,37.475
443,2025-10-04,Tranquility,39.7625
444,2025-10-05,Tranquility,44.31249999999999
445,2025-10-06,Tranquility,46.625
446,2025-10-07,Tranquility,52.225
447,2025-10-08,Tranquility,47.6375
448,2025-10-09,Tranquility,41.3375
449,2025-10-10,Tranquility,40.4
450,2025-10-11,Tranquility,37.0625
451,2025-10-12,Tranquility,35.875
452,2025-10-13,Tranquility,33.8625
453,2025-10-14,Tranquility,36.375
454,2025-10-15,Tranquility,39.942857142857136
455,2025-10-16,Tranquility,39.55
456,2025-10-17,Tranquility,46.337500000000006
457,2025-10-18,Tranquility,51.4625
458,2025-10-19,Tranquility,59.375
459,2025-10-20,Tranquility,50.3625
460,2025-10-21,Tranquility,60.6125
461,2025-10-22,Tranquility,31.887500000000003
462,2025-10-23,Tranquility,39.05
463,2025-10-24,Tranquility,46.5125
464,2025-10-25,Tranquility,35.45
465,2025-10-26,Tranquility,37.025000000000006
466,2025-10-27,Tranquility,26.90000000000001
467,2025-10-28,Tranquility,35.23333333333334
468,2025-10-29,Tranquility,45.837500000000006
469,2025-10-30,Tranquility,34.45
470,2025-10-31,Tranquility,45.56250000000001
471,2025-11-01,Tranquility,46.91250000000001
472,2025-11-02,Tranquility,46.625
473,2025-11-03,Tranquility,52.333333333333336
474,2025-11-04,Tranquility,41.70000000000001
475,2025-11-05,Tranquility,32.11250000000001
476,2025-11-06,Tranquility,35.9375
477,2025-06-01,Hanford,56.9625
478,2025-06-02,Hanford,55.8875
479,2025-06-03,Hanford,62.3
480,2025-06-04,Hanford,64.75
481,2025-06-05,Hanford,61.1375
482,2025-06-06,Hanford,57.575
483,2025-06-07,Hanford,59.6
484,2025-06-08,Hanford,58.0375
485,2025-06-09,Hanford,59.2375
486,2025-06-10,Hanford,59.05
487,2025-06-11,Hanford,56.8
488,2025-06-12,Hanford,53.9625
489,2025-06-13,Hanford,48.8875
490,2025-06-14,Hanford,59.0
491,2025-06-15,Hanford,62.1125
492,2025-06-16,Hanford,66.01428571428572
493,2025-06-17,Hanford,62.25
494,2025-06-18,Hanford,70.9
495,2025-06-19,Hanford,68.9375
496,2025-06-20,Hanford,56.45
497,2025-06-21,Hanford,43.7
498,2025-06-22,Hanford,45.2
499,2025-06-23,Hanford,52.275
500,2025-06-24,Hanford,53.1625
501,2025-06-25,Hanford,58.6875
502,2025-06-26,Hanford,59.142857142857146
503,2025-06-27,Hanford,63.45
504,2025-06-28,Hanford,67.28750000000001
505,2025-06-29,Hanford,63.3
506,2025-06-30,Hanford,66.41250000000001
507,2025-07-01,Hanford,64.6375
508,2025-07-02,Hanford,59.8
509,2025-07-03,Hanford,58.425
510,2025-07-04,Hanford,39.875
511,2025-07-05,Hanford,48.8
512,2025-07-06,Hanford,55.925
513,2025-07-07,Hanford,63.71428571428572
514,2025-07-08,Hanford,61.1375
515,2025-07-09,Hanford,59.525
516,2025-07-10,Hanford,61.3
517,2025-07-11,Hanford,67.25
518,2025-07-12,Hanford,72.3875
519,2025-07-13,Hanford,59.325
520,2025-07-14,Hanford,58.5125
521,2025-07-15,Hanford,63.925
522,2025-07-16,Hanford,57.3375
523,2025-07-17,Hanford,54.9125
524,2025-07-18,Hanford,55.25
525,2025-07-19,Hanford,58.375
526,2025-07-20,Hanford,55.25
527,2025-07-21,Hanford,42.5
528,2025-07-22,Hanford,40.8875
529,2025-07-23,Hanford,43.425
530,2025-07-24,Hanford,47.775000000000006
531,2025-07-25,Hanford,42.5
532,2025-07-26,Hanford,45.0375
533,2025-07-27,Hanford,46.6375
534,2025-07-28,Hanford,44.6375
535,2025-07-29,Hanford,46.2625
536,2025-07-30,Hanford,49.275000000000006
537,2025-07-31,Hanford,52.8
538,2025-08-01,Hanford,53.2375
539,2025-08-02,Hanford,47.35
540,2025-08-03,Hanford,46.462500000000006
541,2025-08-04,Hanford,36.9625
542,2025-08-05,Hanford,40.925
543,2025-08-06,Hanford,48.587500000000006
544,2025-08-07,Hanford,53.4625
545,2025-08-08,Hanford,57.35
546,2025-08-09,Hanford,64.8125
547,2025-08-10,Hanford,62.225
548,2025-08-11,Hanford,58.66666666666666
549,2025-08-12,Hanford,56.7
550,2025-08-13,Hanford,49.35
551,2025-08-14,Hanford,48.1625
552,2025-08-15,Hanford,49.0125
553,2025-08-16,Hanford,38.0
554,2025-08-17,Hanford,30.5375
555,2025-08-18,Hanford,47.6
556,2025-08-19,Hanford,43.9375
557,2025-08-20,Hanford,51.6875
558,2025-08-21,Hanford,59.875
559,2025-08-22,Hanford,68.0625
560,2025-08-23,Hanford,60.55
561,2025-08-24,Hanford,68.91250000000001
562,2025-08-25,Hanford,56.9
563,2025-08-26,Hanford,72.8125
564,2025-08-27,Hanford,55.8875
565,2025-08-28,Hanford,66.1625
566,2025-08-29,Hanford,56.125
567,2025-08-30,Hanford,71.80000000000001
568,2025-08-31,Hanford,73.0
569,2025-09-01,Hanford,71.7875
570,2025-09-02,Hanford,53.7875
571,2025-09-03,Hanford,66.1125
572,2025-09-04,Hanford,62.9
573,2025-09-05,Hanford,54.9125
574,2025-09-06,Hanford,58.9125
575,2025-09-07,Hanford,44.075
576,2025-09-08,Hanford,46.45
577,2025-09-09,Hanford,34.8125
578,2025-09-10,Hanford,34.583333333333336
579,2025-09-11,Hanford,39.01428571428572
580,2025-09-12,Hanford,45.4625
581,2025-09-13,Hanford,51.5125
582,2025-09-14,Hanford,47.95
583,2025-09-15,Hanford,53.85
584,2025-09-16,Hanford,71.275
585,2025-09-17,Hanford,65.1125
586,2025-09-18,Hanford,49.2625
587,2025-09-19,Hanford,47.225
588,2025-09-20,Hanford,61.8875
589,2025-09-21,Hanford,51.8
590,2025-09-22,Hanford,56.24285714285714
591,2025-09-23,Hanford,80.6625
592,2025-09-24,Hanford,48.8625
593,2025-09-25,Hanford,52.75
594,2025-09-26,Hanford,55.7125
595,2025-09-27,Hanford,62.7625
596,2025-09-28,Hanford,49.2875
597,2025-09-29,Hanford,45.2875
598,2025-09-30,Hanford,44.5125
599,2025-10-01,Hanford,50.0
600,2025-10-02,Hanford,46.1875
601,2025-10-03,Hanford,38.712500000000006
602,2025-10-04,Hanford,43.425
603,2025-10-05,Hanford,52.4875
604,2025-10-06,Hanford,55.4875
605,2025-10-07,Hanford,60.7625
606,2025-10-08,Hanford,54.3875
607,2025-10-09,Hanford,45.9
608,2025-10-10,Hanford,48.8875
609,2025-10-11,Hanford,41.075
610,2025-10-12,Hanford,40.675
611,2025-10-13,Hanford,34.325
612,2025-10-14,Hanford,36.5125
613,2025-10-15,Hanford,38.5375
614,2025-10-16,Hanford,32.1375
615,2025-10-17,Hanford,40.6
616,2025-10-18,Hanford,53.8375
617,2025-10-19,Hanford,62.3
618,2025-10-20,Hanford,54.2875
619,2025-10-21,Hanford,56.76666666666666
620,2025-10-22,Hanford,32.128571428571426
621,2025-10-23,Hanford,33.1125
622,2025-10-24,Hanford,47.5125
623,2025-10-25,Hanford,46.7375
624,2025-10-26,Hanford,37.375
625,2025-10-27,Hanford,27.287499999999994
626,2025-10-28,Hanford,32.81249999999999
627,2025-10-29,Hanford,45.7375
628,2025-10-30,Hanford,52.04999999999999
629,2025-10-31,Hanford,44.5375
630,2025-11-01,Hanford,52.1875
631,2025-11-02,Hanford,48.02499999999999
632,2025-11-03,Hanford,58.525
633,2025-11-04,Hanford,43.43749999999999
634,2025-11-05,Hanford,33.7
635,2025-11-06,Hanford,33.474999999999994
636,2025-06-01,Porterville,66.8
637,2025-06-02,Porterville,63.3125
638,2025-06-03,Porterville,70.9
639,2025-06-04,Porterville,70.1625
640,2025-06-05,Porterville,67.6
641,2025-06-06,Porterville,67.1125
642,2025-06-07,Porterville,70.725
643,2025-06-08,Porterville,64.16250000000001
644,2025-06-09,Porterville,71.39999999999999
645,2025-06-10,Porterville,70.875
646,2025-06-11,Porterville,60.775
647,2025-06-12,Porterville,60.725
648,2025-06-13,Porterville,56.05
649,2025-06-14,Porterville,61.7
650,2025-06-15,Porterville,69.8
651,2025-06-16,Porterville,70.96249999999999
652,2025-06-17,Porterville,66.97500000000001
653,2025-06-18,Porterville,84.575
654,2025-06-19,Porterville,67.375
655,2025-06-20,Porterville,54.1375
656,2025-06-21,Porterville,46.275
657,2025-06-22,Porterville,52.8625
658,2025-06-23,Porterville,55.025
659,2025-06-24,Porterville,63.45
660,2025-06-25,Porterville,67.53750000000001
661,2025-06-26,Porterville,65.4375
662,2025-06-27,Porterville,68.8
663,2025-06-28,Porterville,72.65
664,2025-06-29,Porterville,68.9375
665,2025-06-30,Porterville,70.375
666,2025-07-01,Porterville,66.9
667,2025-07-02,Porterville,66.275
668,2025-07-03,Porterville,66.6125
669,2025-07-04,Porterville,44.5125
670,2025-07-05,Porterville,53.8125
671,2025-07-06,Porterville,62.3
672,2025-07-07,Porterville,74.4
673,2025-07-08,Porterville,68.275
674,2025-07-09,Porterville,70.825
675,2025-07-10,Porterville,71.60000000000001
676,2025-07-11,Porterville,75.7625
677,2025-07-12,Porterville,79.625
678,2025-07-13,Porterville,68.75
679,2025-07-14,Porterville,68.45
680,2025-07-15,Porterville,68.8375
681,2025-07-16,Porterville,63.5875
682,2025-07-17,Porterville,63.2
683,2025-07-18,Porterville,58.8
684,2025-07-19,Porterville,63.875
685,2025-07-20,Porterville,62.5125
686,2025-07-21,Porterville,46.725
687,2025-07-22,Porterville,45.4875
688,2025-07-23,Porterville,48.2875
689,2025-07-24,Porterville,53.85
690,2025-07-25,Porterville,48.3125
691,2025-07-26,Porterville,50.275
692,2025-07-27,Porterville,51.125
693,2025-07-28,Porterville,56.675
694,2025-07-29,Porterville,53.7625
695,2025-07-30,Porterville,53.6375
696,2025-07-31,Porterville,58.5
697,2025-08-01,Porterville,62.4375
698,2025-08-02,Porterville,55.375
699,2025-08-03,Porterville,55.725
700,2025-08-04,Porterville,41.6
701,2025-08-05,Porterville,47.79999999999999
702,2025-08-06,Porterville,55.4
703,2025-08-07,Porterville,59.2
704,2025-08-08,Porterville,58.6375
705,2025-08-09,Porterville,70.2625
706,2025-08-10,Porterville,71.2875
707,2025-08-11,Porterville,68.75
708,2025-08-12,Porterville,62.6125
709,2025-08-13,Porterville,63.0625
710,2025-08-14,Porterville,55.0125
711,2025-08-15,Porterville,59.4875
712,2025-08-16,Porterville,41.2625
713,2025-08-17,Porterville,37.6625
714,2025-08-18,Porterville,54.1
715,2025-08-19,Porterville,55.8875
716,2025-08-20,Porterville,60.15
717,2025-08-21,Porterville,66.8625
718,2025-08-22,Porterville,81.21249999999999
719,2025-08-23,Porterville,64.8125
720,2025-08-24,Porterville,82.0875
721,2025-08-25,Porterville,69.9125
722,2025-08-26,Porterville,75.97500000000001
723,2025-08-27,Porterville,59.1625
724,2025-08-28,Porterville,69.4625
725,2025-08-29,Porterville,61.0625
726,2025-08-30,Porterville,61.06250000000001
727,2025-08-31,Porterville,60.7625
728,2025-09-01,Porterville,71.7375
729,2025-09-02,Porterville,65.2
730,2025-09-03,Porterville,69.075
731,2025-09-04,Porterville,69.58571428571427
732,2025-09-05,Porterville,56.45
733,2025-09-06,Porterville,67.7625
734,2025-09-07,Porterville,53.0875
735,2025-09-08,Porterville,55.2
736,2025-09-09,Porterville,45.2375
737,2025-09-10,Porterville,39.2
738,2025-09-11,Porterville,42.85
739,2025-09-12,Porterville,49.275000000000006
740,2025-09-13,Porterville,55.725
741,2025-09-14,Porterville,55.3875
742,2025-09-15,Porterville,58.5
743,2025-09-16,Porterville,66.925
744,2025-09-17,Porterville,67.5875
745,2025-09-18,Porterville,44.9375
746,2025-09-19,Porterville,54.2875
747,2025-09-20,Porterville,69.05000000000001
748,2025-09-21,Porterville,62.35
749,2025-09-22,Porterville,61.525000000000006
750,2025-09-23,Porterville,75.3125
751,2025-09-24,Porterville,56.3125
752,2025-09-25,Porterville,54.5125
753,2025-09-26,Porterville,61.3125
754,2025-09-27,Porterville,58.8
755,2025-09-28,Porterville,54.025000000000006
756,2025-09-29,Porterville,51.575
757,2025-09-30,Porterville,47.375
758,2025-10-01,Porterville,51.2875
759,2025-10-02,Porterville,55.9375
760,2025-10-03,Porterville,37.1
761,2025-10-04,Porterville,46.275
762,2025-10-05,Porterville,55.1875
763,2025-10-06,Porterville,59.9375
764,2025-10-07,Porterville,64.1625
765,2025-10-08,Porterville,58.6125
766,2025-10-09,Porterville,46.8375
767,2025-10-10,Porterville,54.4375
768,2025-10-11,Porterville,40.75
769,2025-10-12,Porterville,41.225
770,2025-10-13,Porterville,41.3125
771,2025-10-14,Porterville,36.68333333333333
772,2025-10-15,Porterville,38.7875
773,2025-10-16,Porterville,38.3625
774,2025-10-17,Porterville,47.1
775,2025-10-18,Porterville,55.6375
776,2025-10-19,Porterville,61.65
777,2025-10-20,Porterville,65.175
778,2025-10-21,Porterville,68.51666666666667
779,2025-10-22,Porterville,38.5125
780,2025-10-23,Porterville,41.8125
781,2025-10-24,Porterville,50.6
782,2025-10-25,Porterville,51.47500000000001
783,2025-10-26,Porterville,36.925
784,2025-10-27,Porterville,21.8625
785,2025-10-28,Porterville,32.825
786,2025-10-29,Porterville,44.50000000000001
787,2025-10-30,Porterville,23.33333333333334
788,2025-10-31,Porterville,41.1625
789,2025-11-01,Porterville,45.1
790,2025-11-02,Porterville,40.45
791,2025-11-03,Porterville,50.66666666666666
792,2025-11-04,Porterville,49.175
793,2025-11-05,Porterville,38.9875
794,2025-11-06,Porterville,27.637500000000003
795,2025-06-01,Visalia,58.8375
796,2025-06-02,Visalia,57.325
797,2025-06-03,Visalia,64.625
798,2025-06-04,Visalia,63.0375
799,2025-06-05,Visalia,61.7
800,2025-06-06,Visalia,63.4875
801,2025-06-07,Visalia,67.225
802,2025-06-08,Visalia,56.6625
803,2025-06-09,Visalia,62.6125
804,2025-06-10,Visalia,64.675
805,2025-06-11,Visalia,59.4
806,2025-06-12,Visalia,55.2
807,2025-06-13,Visalia,55.125
808,2025-06-14,Visalia,59.4625
809,2025-06-15,Visalia,67.2625
810,2025-06-16,Visalia,67.725
811,2025-06-17,Visalia,65.76249999999999
812,2025-06-18,Visalia,79.75
813,2025-06-19,Visalia,67.6875
814,2025-06-20,Visalia,55.3375
815,2025-06-21,Visalia,44.1875
816,2025-06-22,Visalia,52.175
817,2025-06-23,Visalia,52.5
818,2025-06-24,Visalia,62.325
819,2025-06-25,Visalia,65.8875
820,2025-06-26,Visalia,61.6125
821,2025-06-27,Visalia,67.1125
822,2025-06-28,Visalia,71.2625
823,2025-06-29,Visalia,68.8375
824,2025-06-30,Visalia,70.525
825,2025-07-01,Visalia,66.175
826,2025-07-02,Visalia,63.375
827,2025-07-03,Visalia,64.575
828,2025-07-04,Visalia,44.375
829,2025-07-05,Visalia,52.3125
830,2025-07-06,Visalia,59.2875
831,2025-07-07,Visalia,72.1875
832,2025-07-08,Visalia,62.625
833,2025-07-09,Visalia,67.7
834,2025-07-10,Visalia,63.275
835,2025-07-11,Visalia,73.85
836,2025-07-12,Visalia,77.025
837,2025-07-13,Visalia,62.7875
838,2025-07-14,Visalia,69.625
839,2025-07-15,Visalia,66.2625
840,2025-07-16,Visalia,59.8
841,2025-07-17,Visalia,57.4125
842,2025-07-18,Visalia,56.5
843,2025-07-19,Visalia,61.475
844,2025-07-20,Visalia,58.325
845,2025-07-21,Visalia,44.150000000000006
846,2025-07-22,Visalia,42.85
847,2025-07-23,Visalia,45.35
848,2025-07-24,Visalia,50.125
849,2025-07-25,Visalia,45.9875
850,2025-07-26,Visalia,47.2
851,2025-07-27,Visalia,48.7875
852,2025-07-28,Visalia,53.7875
853,2025-07-29,Visalia,50.3
854,2025-07-30,Visalia,54.425
855,2025-07-31,Visalia,54.125
856,2025-08-01,Visalia,58.025000000000006
857,2025-08-02,Visalia,51.7
858,2025-08-03,Visalia,52.125
859,2025-08-04,Visalia,38.875
860,2025-08-05,Visalia,42.9625
861,2025-08-06,Visalia,55.1
862,2025-08-07,Visalia,61.0625
863,2025-08-08,Visalia,64.625
864,2025-08-09,Visalia,65.9
865,2025-08-10,Visalia,72.4875
866,2025-08-11,Visalia,72.50000000000001
867,2025-08-12,Visalia,61.5625
868,2025-08-13,Visalia,61.775
869,2025-08-14,Visalia,53.2875
870,2025-08-15,Visalia,53.4875
871,2025-08-16,Visalia,36.2625
872,2025-08-17,Visalia,34.9875
873,2025-08-18,Visalia,56.6125
874,2025-08-19,Visalia,54.025000000000006
875,2025-08-20,Visalia,60.125
876,2025-08-21,Visalia,75.2375
877,2025-08-22,Visalia,75.73333333333333
878,2025-08-23,Visalia,66.0875
879,2025-08-24,Visalia,78.48333333333333
880,2025-08-25,Visalia,64.5875
881,2025-08-26,Visalia,74.3125
882,2025-08-27,Visalia,57.2
883,2025-08-28,Visalia,74.9125
884,2025-08-29,Visalia,61.5125
885,2025-08-30,Visalia,67.6625
886,2025-08-31,Visalia,66.375
887,2025-09-01,Visalia,70.68571428571428
888,2025-09-02,Visalia,63.45
889,2025-09-03,Visalia,70.4
890,2025-09-04,Visalia,64.6875
891,2025-09-05,Visalia,57.1
892,2025-09-06,Visalia,62.175
893,2025-09-07,Visalia,53.1
894,2025-09-08,Visalia,52.05
895,2025-09-09,Visalia,39.775
896,2025-09-10,Visalia,38.6375
897,2025-09-11,Visalia,38.15
898,2025-09-12,Visalia,45.725
899,2025-09-13,Visalia,53.1875
900,2025-09-14,Visalia,51.5125
901,2025-09-15,Visalia,56.9375
902,2025-09-16,Visalia,69.875
903,2025-09-17,Visalia,75.45
904,2025-09-18,Visalia,51.53750000000001
905,2025-09-19,Visalia,38.9875
906,2025-09-20,Visalia,62.9625
907,2025-09-21,Visalia,54.8875
908,2025-09-22,Visalia,60.975
909,2025-09-23,Visalia,74.02499999999999
910,2025-09-24,Visalia,54.075
911,2025-09-25,Visalia,53.0
912,2025-09-26,Visalia,52.75
913,2025-09-27,Visalia,62.62499999999999
914,2025-09-28,Visalia,50.325
915,2025-09-29,Visalia,45.39999999999999
916,2025-09-30,Visalia,46.325
917,2025-10-01,Visalia,50.65
918,2025-10-02,Visalia,50.25
919,2025-10-03,Visalia,35.662499999999994
920,2025-10-04,Visalia,43.7
921,2025-10-05,Visalia,53.8875
922,2025-10-06,Visalia,56.95
923,2025-10-07,Visalia,62.0375
924,2025-10-08,Visalia,60.7875
925,2025-10-09,Visalia,46.0125
926,2025-10-10,Visalia,49.4125
927,2025-10-11,Visalia,39.0
928,2025-10-12,Visalia,39.7
929,2025-10-13,Visalia,36.775
930,2025-10-14,Visalia,32.537499999999994
931,2025-10-15,Visalia,34.025
932,2025-10-16,Visalia,29.8
933,2025-10-17,Visalia,41.975
934,2025-10-18,Visalia,50.325
935,2025-10-19,Visalia,61.55
936,2025-10-20,Visalia,58.6875
937,2025-10-21,Visalia,61.81249999999999
938,2025-10-22,Visalia,35.83749999999999
939,2025-10-23,Visalia,32.537499999999994
940,2025-10-24,Visalia,44.8
941,2025-10-25,Visalia,45.025
942,2025-10-26,Visalia,33.27499999999999
943,2025-10-27,Visalia,22.837499999999995
944,2025-10-28,Visalia,31.0
945,2025-10-29,Visalia,39.74999999999999
946,2025-10-30,Visalia,53.925
947,2025-10-31,Visalia,49.7625
948,2025-11-01,Visalia,56.5375
949,2025-11-02,Visalia,52.075
950,2025-11-03,Visalia,56.2875
951,2025-11-04,Visalia,47.64999999999999
952,2025-11-05,Visalia,34.1875
953,2025-11-06,Visalia,28.312499999999996
954,2025-06-01,Fresno-Drummond,51.6875
955,2025-06-02,Fresno-Drummond,59.7625
956,2025-06-03,Fresno-Drummond,63.225
957,2025-06-04,Fresno-Drummond,59.975
958,2025-06-05,Fresno-Drummond,59.675
959,2025-06-06,Fresno-Drummond,57.7875
960,2025-06-07,Fresno-Drummond,62.225
961,2025-06-08,Fresno-Drummond,56.212500000000006
962,2025-06-09,Fresno-Drummond,59.275
963,2025-06-10,Fresno-Drummond,55.5
964,2025-06-11,Fresno-Drummond,55.8
965,2025-06-12,Fresno-Drummond,53.7875
966,2025-06-13,Fresno-Drummond,49.5875
967,2025-06-14,Fresno-Drummond,60.0125
968,2025-06-15,Fresno-Drummond,65.775
969,2025-06-16,Fresno-Drummond,66.2625
970,2025-06-17,Fresno-Drummond,64.75
971,2025-06-18,Fresno-Drummond,69.875
972,2025-06-19,Fresno-Drummond,66.8
973,2025-06-20,Fresno-Drummond,50.7125
974,2025-06-21,Fresno-Drummond,40.875
975,2025-06-22,Fresno-Drummond,44.5
976,2025-06-23,Fresno-Drummond,50.1375
977,2025-06-24,Fresno-Drummond,55.45
978,2025-06-25,Fresno-Drummond,58.68571428571429
979,2025-06-26,Fresno-Drummond,58.7125
980,2025-06-27,Fresno-Drummond,67.3875
981,2025-06-28,Fresno-Drummond,68.45
982,2025-06-29,Fresno-Drummond,61.575
983,2025-06-30,Fresno-Drummond,66.8125
984,2025-07-01,Fresno-Drummond,62.8125
985,2025-07-02,Fresno-Drummond,56.6
986,2025-07-03,Fresno-Drummond,59.2375
987,2025-07-04,Fresno-Drummond,39.7125
988,2025-07-05,Fresno-Drummond,50.575
989,2025-07-06,Fresno-Drummond,55.900000000000006
990,2025-07-07,Fresno-Drummond,66.3
991,2025-07-08,Fresno-Drummond,58.6625
992,2025-07-09,Fresno-Drummond,59.1375
993,2025-07-10,Fresno-Drummond,60.6375
994,2025-07-11,Fresno-Drummond,81.27499999999999
995,2025-07-12,Fresno-Drummond,77.85
996,2025-07-13,Fresno-Drummond,62.45
997,2025-07-14,Fresno-Drummond,64.7875
998,2025-07-15,Fresno-Drummond,59.8375
999,2025-07-16,Fresno-Drummond,55.675
1000,2025-07-17,Fresno-Drummond,53.1625
1001,2025-07-18,Fresno-Drummond,56.0625
1002,2025-07-19,Fresno-Drummond,58.05
1003,2025-07-20,Fresno-Drummond,52.675
1004,2025-07-21,Fresno-Drummond,39.0
1005,2025-07-22,Fresno-Drummond,40.225
1006,2025-07-23,Fresno-Drummond,41.9125
1007,2025-07-24,Fresno-Drummond,45.85
1008,2025-07-25,Fresno-Drummond,44.087500000000006
1009,2025-07-26,Fresno-Drummond,44.4625
1010,2025-07-27,Fresno-Drummond,44.7375
1011,2025-07-28,Fresno-Drummond,44.3375
1012,2025-07-29,Fresno-Drummond,48.5
1013,2025-07-30,Fresno-Drummond,44.325
1014,2025-07-31,Fresno-Drummond,48.48333333333333
1015,2025-08-01,Fresno-Drummond,57.9
1016,2025-08-02,Fresno-Drummond,50.95
1017,2025-08-03,Fresno-Drummond,47.1125
1018,2025-08-04,Fresno-Drummond,38.4
1019,2025-08-05,Fresno-Drummond,42.1875
1020,2025-08-06,Fresno-Drummond,52.175
1021,2025-08-07,Fresno-Drummond,57.25
1022,2025-08-08,Fresno-Drummond,61.85
1023,2025-08-09,Fresno-Drummond,69.75
1024,2025-08-10,Fresno-Drummond,72.3875
1025,2025-08-11,Fresno-Drummond,64.2
1026,2025-08-12,Fresno-Drummond,59.6875
1027,2025-08-13,Fresno-Drummond,51.6
1028,2025-08-14,Fresno-Drummond,45.0125
1029,2025-08-15,Fresno-Drummond,48.4125
1030,2025-08-16,Fresno-Drummond,34.9375
1031,2025-08-17,Fresno-Drummond,33.6875
1032,2025-08-18,Fresno-Drummond,48.150000000000006
1033,2025-08-19,Fresno-Drummond,49.425
1034,2025-08-20,Fresno-Drummond,57.15
1035,2025-08-21,Fresno-Drummond,76.7375
1036,2025-08-22,Fresno-Drummond,81.45
1037,2025-08-23,Fresno-Drummond,60.3
1038,2025-08-24,Fresno-Drummond,68.325
1039,2025-08-25,Fresno-Drummond,61.0
1040,2025-08-26,Fresno-Drummond,67.575
1041,2025-08-27,Fresno-Drummond,59.0375
1042,2025-08-28,Fresno-Drummond,67.52499999999999
1043,2025-08-29,Fresno-Drummond,63.575
1044,2025-08-30,Fresno-Drummond,68.8375
1045,2025-08-31,Fresno-Drummond,74.26249999999999
1046,2025-09-01,Fresno-Drummond,73.8625
1047,2025-09-02,Fresno-Drummond,69.1875
1048,2025-09-03,Fresno-Drummond,70.55
1049,2025-09-04,Fresno-Drummond,65.625
1050,2025-09-05,Fresno-Drummond,58.8125
1051,2025-09-06,Fresno-Drummond,61.15
1052,2025-09-07,Fresno-Drummond,48.6125
1053,2025-09-08,Fresno-Drummond,45.650000000000006
1054,2025-09-09,Fresno-Drummond,35.0625
1055,2025-09-10,Fresno-Drummond,34.8
1056,2025-09-11,Fresno-Drummond,37.4125
1057,2025-09-12,Fresno-Drummond,45.5375
1058,2025-09-13,Fresno-Drummond,54.75
1059,2025-09-14,Fresno-Drummond,48.7875
1060,2025-09-15,Fresno-Drummond,64.67500000000001
1061,2025-09-16,Fresno-Drummond,67.8125
1062,2025-09-17,Fresno-Drummond,69.4875
1063,2025-09-18,Fresno-Drummond,45.45
1064,2025-09-19,Fresno-Drummond,44.425
1065,2025-09-20,Fresno-Drummond,66.0875
1066,2025-09-21,Fresno-Drummond,52.3125
1067,2025-09-22,Fresno-Drummond,56.625
1068,2025-09-23,Fresno-Drummond,69.225
1069,2025-09-24,Fresno-Drummond,45.5125
1070,2025-09-25,Fresno-Drummond,55.55
1071,2025-09-26,Fresno-Drummond,55.8125
1072,2025-09-27,Fresno-Drummond,66.075
1073,2025-09-28,Fresno-Drummond,48.0875
1074,2025-09-29,Fresno-Drummond,45.9
1075,2025-09-30,Fresno-Drummond,44.8125
1076,2025-10-01,Fresno-Drummond,49.4375
1077,2025-10-02,Fresno-Drummond,43.475
1078,2025-10-03,Fresno-Drummond,38.35
1079,2025-10-04,Fresno-Drummond,44.9
1080,2025-10-05,Fresno-Drummond,52.5125
1081,2025-10-06,Fresno-Drummond,52.1125
1082,2025-10-07,Fresno-Drummond,63.075
1083,2025-10-08,Fresno-Drummond,55.71666666666666
1084,2025-10-09,Fresno-Drummond,45.0625
1085,2025-10-10,Fresno-Drummond,47.775
1086,2025-10-11,Fresno-Drummond,40.4375
1087,2025-10-12,Fresno-Drummond,39.925
1088,2025-10-13,Fresno-Drummond,31.5375
1089,2025-10-14,Fresno-Drummond,34.55
1090,2025-10-15,Fresno-Drummond,37.825
1091,2025-10-16,Fresno-Drummond,30.8375
1092,2025-10-17,Fresno-Drummond,38.8875
1093,2025-10-18,Fresno-Drummond,55.05
1094,2025-10-19,Fresno-Drummond,61.975
1095,2025-10-20,Fresno-Drummond,58.2
1096,2025-10-21,Fresno-Drummond,59.47500000000001
1097,2025-10-22,Fresno-Drummond,24.687500000000004
1098,2025-10-23,Fresno-Drummond,34.71666666666667
1099,2025-10-24,Fresno-Drummond,46.2
1100,2025-10-25,Fresno-Drummond,43.3375
1101,2025-10-26,Fresno-Drummond,38.18750000000001
1102,2025-10-27,Fresno-Drummond,30.662500000000005
1103,2025-10-28,Fresno-Drummond,31.500000000000004
1104,2025-10-29,Fresno-Drummond,42.1625
1105,2025-10-30,Fresno-Drummond,54.2
1106,2025-10-31,Fresno-Drummond,41.78750000000001
1107,2025-11-01,Fresno-Drummond,58.0625
1108,2025-11-02,Fresno-Drummond,51.125
1109,2025-11-03,Fresno-Drummond,60.075
1110,2025-11-04,Fresno-Drummond,43.3875
1111,2025-11-05,Fresno-Drummond,32.212500000000006
1112,2025-11-06,Fresno-Drummond,32.862500000000004
1113,2025-06-01,Parlier,55.15
1114,2025-06-02,Parlier,57.075
1115,2025-06-03,Parlier,64.0
1116,2025-06-04,Parlier,64.7
1117,2025-06-05,Parlier,63.1625
1118,2025-06-06,Parlier,64.46249999999999
1119,2025-06-07,Parlier,67.6625
1120,2025-06-08,Parlier,57.3875
1121,2025-06-09,Parlier,63.075
1122,2025-06-10,Parlier,63.475
1123,2025-06-11,Parlier,55.7125
1124,2025-06-12,Parlier,58.46249999999999
1125,2025-06-13,Parlier,55.18749999999999
1126,2025-06-14,Parlier,58.2875
1127,2025-06-15,Parlier,65.7375
1128,2025-06-16,Parlier,66.6
1129,2025-06-17,Parlier,66.38571428571429
1130,2025-06-18,Parlier,78.45
1131,2025-06-19,Parlier,70.65
1132,2025-06-20,Parlier,52.95
1133,2025-06-21,Parlier,42.74999999999999
1134,2025-06-22,Parlier,48.0625
1135,2025-06-23,Parlier,53.37499999999999
1136,2025-06-24,Parlier,61.37499999999999
1137,2025-06-25,Parlier,65.1375
1138,2025-06-26,Parlier,67.625
1139,2025-06-27,Parlier,70.125
1140,2025-06-28,Parlier,73.65
1141,2025-06-29,Parlier,63.05
1142,2025-06-30,Parlier,69.82499999999999
1143,2025-07-01,Parlier,68.6125
1144,2025-07-02,Parlier,62.6
1145,2025-07-03,Parlier,67.09999999999998
1146,2025-07-04,Parlier,40.5125
1147,2025-07-05,Parlier,52.0875
1148,2025-07-06,Parlier,60.4
1149,2025-07-07,Parlier,69.95
1150,2025-07-08,Parlier,61.05
1151,2025-07-09,Parlier,65.2875
1152,2025-07-10,Parlier,68.6875
1153,2025-07-11,Parlier,79.83749999999999
1154,2025-07-12,Parlier,79.0
1155,2025-07-13,Parlier,66.125
1156,2025-07-14,Parlier,69.825
1157,2025-07-15,Parlier,67.0375
1158,2025-07-16,Parlier,57.3375
1159,2025-07-17,Parlier,59.15714285714285
1160,2025-07-18,Parlier,57.4625
1161,2025-07-19,Parlier,64.39999999999999
1162,2025-07-20,Parlier,56.325
1163,2025-07-21,Parlier,39.4
1164,2025-07-22,Parlier,44.55
1165,2025-07-23,Parlier,45.8
1166,2025-07-24,Parlier,52.7375
1167,2025-07-25,Parlier,47.46249999999999
1168,2025-07-26,Parlier,46.6
1169,2025-07-27,Parlier,48.3875
1170,2025-07-28,Parlier,52.27499999999999
1171,2025-07-29,Parlier,52.9875
1172,2025-07-30,Parlier,54.18749999999999
1173,2025-07-31,Parlier,57.0875
1174,2025-08-01,Parlier,61.85
1175,2025-08-02,Parlier,56.4
1176,2025-08-03,Parlier,51.7
1177,2025-08-04,Parlier,40.975
1178,2025-08-05,Parlier,48.71666666666666
1179,2025-08-06,Parlier,56.6625
1180,2025-08-07,Parlier,68.225
1181,2025-08-08,Parlier,64.5875
1182,2025-08-09,Parlier,66.575
1183,2025-08-10,Parlier,71.99999999999999
1184,2025-08-11,Parlier,70.425
1185,2025-08-12,Parlier,58.1125
1186,2025-08-13,Parlier,59.15
1187,2025-08-14,Parlier,52.3875
1188,2025-08-15,Parlier,51.125
1189,2025-08-16,Parlier,32.5875
1190,2025-08-17,Parlier,36.3875
1191,2025-08-18,Parlier,48.425
1192,2025-08-19,Parlier,52.65
1193,2025-08-20,Parlier,60.5125
1194,2025-08-21,Parlier,77.13749999999999
1195,2025-08-22,Parlier,83.32499999999999
1196,2025-08-23,Parlier,55.1625
1197,2025-08-24,Parlier,73.6625
1198,2025-08-25,Parlier,59.583333333333336
1199,2025-08-26,Parlier,66.64999999999999
1200,2025-08-27,Parlier,55.7625
1201,2025-08-28,Parlier,70.51249999999999
1202,2025-08-29,Parlier,61.31249999999999
1203,2025-08-30,Parlier,66.83749999999999
1204,2025-08-31,Parlier,68.35
1205,2025-09-01,Parlier,69.975
1206,2025-09-02,Parlier,70.2375
1207,2025-09-03,Parlier,76.25
1208,2025-09-04,Parlier,67.27499999999999
1209,2025-09-05,Parlier,59.675
1210,2025-09-06,Parlier,61.7625
1211,2025-09-07,Parlier,51.925
1212,2025-09-08,Parlier,51.71249999999999
1213,2025-09-09,Parlier,37.86249999999999
1214,2025-09-10,Parlier,37.8625
1215,2025-09-11,Parlier,39.225
1216,2025-09-12,Parlier,47.425
1217,2025-09-13,Parlier,57.14999999999999
1218,2025-09-14,Parlier,52.225
1219,2025-09-15,Parlier,65.375
1220,2025-09-16,Parlier,66.2375
1221,2025-09-17,Parlier,81.39999999999999
1222,2025-09-18,Parlier,45.3875
1223,2025-09-19,Parlier,39.95
1224,2025-09-20,Parlier,57.3125
1225,2025-09-21,Parlier,55.89999999999999
1226,2025-09-22,Parlier,62.62499999999999
1227,2025-09-23,Parlier,78.57499999999999
1228,2025-09-24,Parlier,47.425
1229,2025-09-25,Parlier,53.3125
1230,2025-09-26,Parlier,62.7
1231,2025-09-27,Parlier,66.125
1232,2025-09-28,Parlier,49.7375
1233,2025-09-29,Parlier,48.55
1234,2025-09-30,Parlier,45.74999999999999
1235,2025-10-01,Parlier,47.96666666666666
1236,2025-10-02,Parlier,50.8
1237,2025-10-03,Parlier,37.1875
1238,2025-10-04,Parlier,46.7375
1239,2025-10-05,Parlier,52.175
1240,2025-10-06,Parlier,41.4
1241,2025-10-07,Parlier,66.91428571428571
1242,2025-10-08,Parlier,59.5
1243,2025-10-09,Parlier,48.4625
1244,2025-10-10,Parlier,51.68333333333333
1245,2025-10-11,Parlier,41.25
1246,2025-10-12,Parlier,41.8875
1247,2025-10-13,Parlier,33.224999999999994
1248,2025-10-14,Parlier,36.925
1249,2025-10-15,Parlier,33.95
1250,2025-10-16,Parlier,33.2125
1251,2025-10-17,Parlier,41.2125
1252,2025-10-18,Parlier,51.0125
1253,2025-10-19,Parlier,62.48749999999999
1254,2025-10-20,Parlier,59.2375
1255,2025-10-21,Parlier,60.2625
1256,2025-10-22,Parlier,33.8625
1257,2025-10-23,Parlier,30.162499999999994
1258,2025-10-24,Parlier,49.67499999999999
1259,2025-10-25,Parlier,46.475
1260,2025-10-26,Parlier,36.9125
1261,2025-10-27,Parlier,27.1375
1262,2025-10-28,Parlier,36.6625
1263,2025-10-29,Parlier,47.7375
1264,2025-10-30,Parlier,50.35714285714285
1265,2025-10-31,Parlier,51.75
1266,2025-11-01,Parlier,60.7125
1267,2025-11-02,Parlier,59.45
1268,2025-11-03,Parlier,61.2
1269,2025-11-04,Parlier,50.11666666666667
1270,2025-11-05,Parlier,37.2125
1271,2025-11-06,Parlier,36.31666666666666
1272,2025-06-01,Shafter,53.225
1273,2025-06-02,Shafter,51.725
1274,2025-06-03,Shafter,58.375
1275,2025-06-04,Shafter,64.47500000000001
1276,2025-06-05,Shafter,55.225
1277,2025-06-06,Shafter,57.25
1278,2025-06-07,Shafter,57.6625
1279,2025-06-08,Shafter,59.125
1280,2025-06-09,Shafter,58.8375
1281,2025-06-10,Shafter,58.587500000000006
1282,2025-06-11,Shafter,57.8
1283,2025-06-12,Shafter,55.73333333333333
1284,2025-06-13,Shafter,51.7
1285,2025-06-14,Shafter,56.6375
1286,2025-06-15,Shafter,62.8375
1287,2025-06-16,Shafter,61.5
1288,2025-06-17,Shafter,60.18571428571428
1289,2025-06-18,Shafter,64.3625
1290,2025-06-19,Shafter,58.962500000000006
1291,2025-06-20,Shafter,54.075
1292,2025-06-21,Shafter,44.45
1293,2025-06-22,Shafter,44.975
1294,2025-06-23,Shafter,50.2875
1295,2025-06-24,Shafter,53.1
1296,2025-06-25,Shafter,57.3375
1297,2025-06-26,Shafter,65.975
1298,2025-06-27,Shafter,60.475
1299,2025-06-28,Shafter,65.525
1300,2025-06-29,Shafter,62.0375
1301,2025-06-30,Shafter,63.325
1302,2025-07-01,Shafter,64.275
1303,2025-07-02,Shafter,56.2125
1304,2025-07-03,Shafter,53.7375
1305,2025-07-04,Shafter,41.35
1306,2025-07-05,Shafter,47.125
1307,2025-07-06,Shafter,57.55
1308,2025-07-07,Shafter,57.43750000000001
1309,2025-07-08,Shafter,60.6125
1310,2025-07-09,Shafter,57.36666666666667
1311,2025-07-10,Shafter,61.825
1312,2025-07-11,Shafter,69.7375
1313,2025-07-12,Shafter,65.6375
1314,2025-07-13,Shafter,58.85
1315,2025-07-14,Shafter,56.6375
1316,2025-07-15,Shafter,53.150000000000006
1317,2025-07-16,Shafter,45.81666666666666
1318,2025-07-17,Shafter,
1319,2025-07-18,Shafter,
1320,2025-07-19,Shafter,
1321,2025-07-20,Shafter,
1322,2025-07-21,Shafter,
1323,2025-07-22,Shafter,
1324,2025-07-23,Shafter,
1325,2025-07-24,Shafter,
1326,2025-07-25,Shafter,
1327,2025-07-26,Shafter,
1328,2025-07-27,Shafter,
1329,2025-07-28,Shafter,48.85
1330,2025-07-29,Shafter,46.35
1331,2025-07-30,Shafter,52.36666666666667
1332,2025-07-31,Shafter,52.125
1333,2025-08-01,Shafter,54.7625
1334,2025-08-02,Shafter,48.6375
1335,2025-08-03,Shafter,45.91250000000001
1336,2025-08-04,Shafter,38.2625
1337,2025-08-05,Shafter,40.1375
1338,2025-08-06,Shafter,51.35
1339,2025-08-07,Shafter,53.925
1340,2025-08-08,Shafter,54.75
1341,2025-08-09,Shafter,66.2625
1342,2025-08-10,Shafter,65.2875
1343,2025-08-11,Shafter,59.875
1344,2025-08-12,Shafter,53.9
1345,2025-08-13,Shafter,51.425
1346,2025-08-14,Shafter,47.675
1347,2025-08-15,Shafter,47.0625
1348,2025-08-16,Shafter,33.3375
1349,2025-08-17,Shafter,33.5375
1350,2025-08-18,Shafter,45.2875
1351,2025-08-19,Shafter,46.6
1352,2025-08-20,Shafter,51.9375
1353,2025-08-21,Shafter,58.075
1354,2025-08-22,Shafter,68.275
1355,2025-08-23,Shafter,61.400000000000006
1356,2025-08-24,Shafter,77.0
1357,2025-08-25,Shafter,60.1125
1358,2025-08-26,Shafter,58.81249999999999
1359,2025-08-27,Shafter,57.9875
1360,2025-08-28,Shafter,56.075
1361,2025-08-29,Shafter,53.1625
1362,2025-08-30,Shafter,57.675
1363,2025-08-31,Shafter,61.225
1364,2025-09-01,Shafter,52.3875
1365,2025-09-02,Shafter,53.0625
1366,2025-09-03,Shafter,68.03750000000001
1367,2025-09-04,Shafter,62.1
1368,2025-09-05,Shafter,56.9125
1369,2025-09-06,Shafter,56.85
1370,2025-09-07,Shafter,43.525000000000006
1371,2025-09-08,Shafter,41.05
1372,2025-09-09,Shafter,35.3375
1373,2025-09-10,Shafter,34.275
1374,2025-09-11,Shafter,36.95
1375,2025-09-12,Shafter,42.7375
1376,2025-09-13,Shafter,51.4875
1377,2025-09-14,Shafter,46.0
1378,2025-09-15,Shafter,55.1375
1379,2025-09-16,Shafter,57.7375
1380,2025-09-17,Shafter,63.425
1381,2025-09-18,Shafter,40.43749999999999
1382,2025-09-19,Shafter,51.075
1383,2025-09-20,Shafter,62.1
1384,2025-09-21,Shafter,57.4125
1385,2025-09-22,Shafter,57.31249999999999
1386,2025-09-23,Shafter,68.7125
1387,2025-09-24,Shafter,55.7875
1388,2025-09-25,Shafter,52.525000000000006
1389,2025-09-26,Shafter,57.1625
1390,2025-09-27,Shafter,51.9
1391,2025-09-28,Shafter,44.0
1392,2025-09-29,Shafter,42.4125
1393,2025-09-30,Shafter,43.1375
1394,2025-10-01,Shafter,44.0625
1395,2025-10-02,Shafter,50.125
1396,2025-10-03,Shafter,37.35
1397,2025-10-04,Shafter,45.2375
1398,2025-10-05,Shafter,53.475
1399,2025-10-06,Shafter,57.275000000000006
1400,2025-10-07,Shafter,55.0875
1401,2025-10-08,Shafter,43.4
1402,2025-10-09,Shafter,42.9375
1403,2025-10-10,Shafter,51.45
1404,2025-10-11,Shafter,40.55
1405,2025-10-12,Shafter,38.0125
1406,2025-10-13,Shafter,37.5125
1407,2025-10-14,Shafter,35.475
1408,2025-10-15,Shafter,37.2375
1409,2025-10-16,Shafter,38.587500000000006
1410,2025-10-17,Shafter,47.8
1411,2025-10-18,Shafter,58.4375
1412,2025-10-19,Shafter,52.6875
1413,2025-10-20,Shafter,62.6375
1414,2025-10-21,Shafter,63.0375
1415,2025-10-22,Shafter,43.50000000000001
1416,2025-10-23,Shafter,39.275
1417,2025-10-24,Shafter,48.3875
1418,2025-10-25,Shafter,50.400000000000006
1419,2025-10-26,Shafter,36.1
1420,2025-10-27,Shafter,32.175000000000004
1421,2025-10-28,Shafter,34.525000000000006
1422,2025-10-29,Shafter,44.3875
1423,2025-10-30,Shafter,53.212500000000006
1424,2025-10-31,Shafter,51.337500000000006
1425,2025-11-01,Shafter,56.75
1426,2025-11-02,Shafter,50.0125
1427,2025-11-03,Shafter,55.62500000000001
1428,2025-11-04,Shafter,41.825
1429,2025-11-05,Shafter,40.712500000000006
1430,2025-11-06,Shafter,27.937500000000004
