,date_time,location,MDA8
0,2025-06-03,CutlerOrosi,62.098118688999946
1,2025-06-04,CutlerOrosi,61.64600284525212
2,2025-06-05,CutlerOrosi,60.69417272532784
3,2025-06-06,CutlerOrosi,58.05983877592122
4,2025-06-07,CutlerOrosi,60.076574341040406
5,2025-06-08,CutlerOrosi,56.18972158418648
6,2025-06-09,CutlerOrosi,58.10749999147497
7,2025-06-10,CutlerOrosi,57.8692145523076
8,2025-06-11,CutlerOrosi,55.764901336941854
9,2025-06-12,CutlerOrosi,55.061185474987525
10,2025-06-13,CutlerOrosi,51.03013301737224
11,2025-06-14,CutlerOrosi,56.15858521503622
12,2025-06-15,CutlerOrosi,60.67678799764421
13,2025-06-16,CutlerOrosi,63.545662442243135
14,2025-06-17,CutlerOrosi,59.51886095469281
15,2025-06-18,CutlerOrosi,61.44016186746475
16,2025-06-19,CutlerOrosi,63.478730207067045
17,2025-06-20,CutlerOrosi,47.52805135305288
18,2025-06-21,CutlerOrosi,39.47186861980328
19,2025-06-22,CutlerOrosi,41.8090690705646
20,2025-06-23,CutlerOrosi,49.63517775642735
21,2025-06-24,CutlerOrosi,52.5883246012835
22,2025-06-25,CutlerOrosi,55.68824073544757
23,2025-06-26,CutlerOrosi,56.72352642815952
24,2025-06-27,CutlerOrosi,59.87785536321632
25,2025-06-28,CutlerOrosi,64.19835005407829
26,2025-06-29,CutlerOrosi,59.54844719894029
27,2025-06-30,CutlerOrosi,61.18117121239143
28,2025-07-01,CutlerOrosi,58.67186156503538
29,2025-07-02,CutlerOrosi,54.28449305092708
30,2025-07-03,CutlerOrosi,55.74656300148615
31,2025-07-04,CutlerOrosi,42.68258436296529
32,2025-07-05,CutlerOrosi,47.98256616570843
33,2025-07-06,CutlerOrosi,51.89029983759843
34,2025-07-07,CutlerOrosi,62.68004844084281
35,2025-07-08,CutlerOrosi,56.07902538800772
36,2025-07-09,CutlerOrosi,54.135156754525696
37,2025-07-10,CutlerOrosi,
38,2025-07-11,CutlerOrosi,66.49220981372586
39,2025-07-12,CutlerOrosi,64.72241148491649
40,2025-07-13,CutlerOrosi,59.13765035047682
41,2025-07-14,CutlerOrosi,59.8817551570063
42,2025-07-15,CutlerOrosi,57.8438926774466
43,2025-07-16,CutlerOrosi,48.88921942277056
44,2025-07-17,CutlerOrosi,51.783417257467
45,2025-07-18,CutlerOrosi,50.43408020489695
46,2025-07-19,CutlerOrosi,54.76616562332816
47,2025-07-20,CutlerOrosi,50.85107120188032
48,2025-07-21,CutlerOrosi,39.5330066450879
49,2025-07-22,CutlerOrosi,40.1122146316618
50,2025-07-23,CutlerOrosi,42.00623243464479
51,2025-07-24,CutlerOrosi,45.29919921407984
52,2025-07-25,CutlerOrosi,42.621565359386565
53,2025-07-26,CutlerOrosi,41.83398632272719
54,2025-07-27,CutlerOrosi,43.81372426866199
55,2025-07-28,CutlerOrosi,46.80466792638007
56,2025-07-29,CutlerOrosi,48.445016922277695
57,2025-07-30,CutlerOrosi,47.77755898505709
58,2025-07-31,CutlerOrosi,49.14942255220604
59,2025-08-01,CutlerOrosi,51.95619913920626
60,2025-08-02,CutlerOrosi,50.47117399705665
61,2025-08-03,CutlerOrosi,48.26108360524694
62,2025-08-04,CutlerOrosi,40.86728175880273
63,2025-08-05,CutlerOrosi,44.97838369760414
64,2025-08-06,CutlerOrosi,48.279845186321886
65,2025-08-07,CutlerOrosi,54.42637334163143
66,2025-08-08,CutlerOrosi,55.24566878761944
67,2025-08-09,CutlerOrosi,57.09281625197413
68,2025-08-10,CutlerOrosi,60.285360374174005
69,2025-08-11,CutlerOrosi,56.7614293716764
70,2025-08-12,CutlerOrosi,51.864890671886045
71,2025-08-13,CutlerOrosi,53.02930488106336
72,2025-08-14,CutlerOrosi,49.33546820363944
73,2025-08-15,CutlerOrosi,48.18571342596054
74,2025-08-16,CutlerOrosi,35.47152614613719
75,2025-08-17,CutlerOrosi,37.245426522422015
76,2025-08-18,CutlerOrosi,43.48212861867045
77,2025-08-19,CutlerOrosi,45.58171723178514
78,2025-08-20,CutlerOrosi,51.62128355024198
79,2025-08-21,CutlerOrosi,60.60649209930877
80,2025-08-22,CutlerOrosi,64.55594125810347
81,2025-08-23,CutlerOrosi,49.641547471357086
82,2025-08-24,CutlerOrosi,63.4505423185765
83,2025-08-25,CutlerOrosi,57.62800823178143
84,2025-08-26,CutlerOrosi,56.70451889209849
85,2025-08-27,CutlerOrosi,52.21565827046774
86,2025-08-28,CutlerOrosi,59.34542825577919
87,2025-08-29,CutlerOrosi,48.44658772506792
88,2025-08-30,CutlerOrosi,56.26727798387628
89,2025-08-31,CutlerOrosi,58.14472022507238
90,2025-09-01,CutlerOrosi,59.58100276898396
91,2025-09-02,CutlerOrosi,63.02758269540634
92,2025-09-03,CutlerOrosi,58.0447513237963
93,2025-09-04,CutlerOrosi,61.0896707530049
94,2025-09-05,CutlerOrosi,48.82139419480424
95,2025-09-06,CutlerOrosi,53.29331257509836
96,2025-09-07,CutlerOrosi,48.016831283168656
97,2025-09-08,CutlerOrosi,46.91562622254875
98,2025-09-09,CutlerOrosi,38.47077636727969
99,2025-09-10,CutlerOrosi,35.83142855775227
100,2025-09-11,CutlerOrosi,36.85369610008651
101,2025-09-12,CutlerOrosi,42.60450811728108
102,2025-09-13,CutlerOrosi,49.61198128638623
103,2025-09-14,CutlerOrosi,47.66838061362465
104,2025-09-15,CutlerOrosi,49.27810354107672
105,2025-09-16,CutlerOrosi,58.69482784253878
106,2025-09-17,CutlerOrosi,62.40531571648867
107,2025-09-18,CutlerOrosi,41.685476508540624
108,2025-09-19,CutlerOrosi,37.16179719376549
109,2025-09-20,CutlerOrosi,57.73648842948101
110,2025-09-21,CutlerOrosi,55.69642370967016
111,2025-09-22,CutlerOrosi,54.82518192106044
112,2025-09-23,CutlerOrosi,62.84981053876053
113,2025-09-24,CutlerOrosi,45.08302935078065
114,2025-09-25,CutlerOrosi,45.86595289437418
115,2025-09-26,CutlerOrosi,52.315844607292206
116,2025-09-27,CutlerOrosi,57.15772256678209
117,2025-09-28,CutlerOrosi,45.66527265503032
118,2025-09-29,CutlerOrosi,43.36941453068113
119,2025-09-30,CutlerOrosi,39.62466242320477
120,2025-10-01,CutlerOrosi,41.98012484482201
121,2025-10-02,CutlerOrosi,45.97089649163061
122,2025-10-03,CutlerOrosi,34.529251218553874
123,2025-10-04,CutlerOrosi,40.19985930954615
124,2025-10-05,CutlerOrosi,44.76944184912077
125,2025-10-06,CutlerOrosi,51.549171651579016
126,2025-10-07,CutlerOrosi,55.04889385912244
127,2025-10-08,CutlerOrosi,52.75347318087922
128,2025-10-09,CutlerOrosi,42.4197577917406
129,2025-10-10,CutlerOrosi,44.32354572520629
130,2025-10-11,CutlerOrosi,36.11897198616537
131,2025-10-12,CutlerOrosi,35.72755503927732
132,2025-10-13,CutlerOrosi,30.97730352225833
133,2025-10-14,CutlerOrosi,
134,2025-10-15,CutlerOrosi,
135,2025-10-16,CutlerOrosi,
136,2025-10-17,CutlerOrosi,
137,2025-10-18,CutlerOrosi,56.13643636688719
138,2025-10-19,CutlerOrosi,59.43005295981895
139,2025-10-20,CutlerOrosi,58.33527169495098
140,2025-10-21,CutlerOrosi,63.7273209101006
141,2025-10-22,CutlerOrosi,47.28995693463303
142,2025-10-23,CutlerOrosi,40.850199104242265
143,2025-10-24,CutlerOrosi,45.5248408526986
144,2025-10-25,CutlerOrosi,45.72005850856524
145,2025-10-26,CutlerOrosi,37.60469162107692
146,2025-10-27,CutlerOrosi,31.03649878408304
147,2025-10-28,CutlerOrosi,37.08018105463251
148,2025-10-29,CutlerOrosi,43.59996642597952
149,2025-10-30,CutlerOrosi,49.549129641716775
150,2025-10-31,CutlerOrosi,46.43429055806739
151,2025-11-01,CutlerOrosi,47.81133701916741
152,2025-11-02,CutlerOrosi,43.72105099625377
153,2025-11-03,CutlerOrosi,48.550402588185
154,2025-11-04,CutlerOrosi,40.855841946826
155,2025-11-05,CutlerOrosi,39.60496121781084
156,2025-06-03,Avenal,56.518714994546656
157,2025-06-04,Avenal,56.6133776787954
158,2025-06-05,Avenal,56.08425386337125
159,2025-06-06,Avenal,54.68497777173167
160,2025-06-07,Avenal,56.60933941332142
161,2025-06-08,Avenal,53.73690653491244
162,2025-06-09,Avenal,55.66909514561458
163,2025-06-10,Avenal,55.560287597973485
164,2025-06-11,Avenal,54.33914987652567
165,2025-06-12,Avenal,54.21269821930279
166,2025-06-13,Avenal,50.15746025831292
167,2025-06-14,Avenal,55.35017498831957
168,2025-06-15,Avenal,59.90630477413332
169,2025-06-16,Avenal,61.61454968959176
170,2025-06-17,Avenal,58.97075314570593
171,2025-06-18,Avenal,61.02538292839897
172,2025-06-19,Avenal,62.1861352534013
173,2025-06-20,Avenal,48.372185389616526
174,2025-06-21,Avenal,40.37303745647522
175,2025-06-22,Avenal,42.83350795907735
176,2025-06-23,Avenal,51.31067105510273
177,2025-06-24,Avenal,53.876110245538186
178,2025-06-25,Avenal,56.88892427873633
179,2025-06-26,Avenal,58.108588718256286
180,2025-06-27,Avenal,60.96932019128864
181,2025-06-28,Avenal,64.64921949118862
182,2025-06-29,Avenal,60.87623943021104
183,2025-06-30,Avenal,61.76584443442822
184,2025-07-01,Avenal,59.94472013725792
185,2025-07-02,Avenal,55.96425711556062
186,2025-07-03,Avenal,57.13799628674594
187,2025-07-04,Avenal,44.65073676953638
188,2025-07-05,Avenal,49.98083356746232
189,2025-07-06,Avenal,55.09522068848609
190,2025-07-07,Avenal,64.67935089880983
191,2025-07-08,Avenal,58.74046290905061
192,2025-07-09,Avenal,56.61902241892051
193,2025-07-10,Avenal,
194,2025-07-11,Avenal,
195,2025-07-12,Avenal,
196,2025-07-13,Avenal,
197,2025-07-14,Avenal,
198,2025-07-15,Avenal,
199,2025-07-16,Avenal,
200,2025-07-17,Avenal,
201,2025-07-18,Avenal,
202,2025-07-19,Avenal,
203,2025-07-20,Avenal,
204,2025-07-21,Avenal,
205,2025-07-22,Avenal,
206,2025-07-23,Avenal,
207,2025-07-24,Avenal,
208,2025-07-25,Avenal,
209,2025-07-26,Avenal,
210,2025-07-27,Avenal,
211,2025-07-28,Avenal,
212,2025-07-29,Avenal,
213,2025-07-30,Avenal,
214,2025-07-31,Avenal,
215,2025-08-01,Avenal,
216,2025-08-02,Avenal,
217,2025-08-03,Avenal,
218,2025-08-04,Avenal,
219,2025-08-05,Avenal,
220,2025-08-06,Avenal,
221,2025-08-07,Avenal,
222,2025-08-08,Avenal,
223,2025-08-09,Avenal,
224,2025-08-10,Avenal,
225,2025-08-11,Avenal,
226,2025-08-12,Avenal,
227,2025-08-13,Avenal,
228,2025-08-14,Avenal,
229,2025-08-15,Avenal,
230,2025-08-16,Avenal,
231,2025-08-17,Avenal,
232,2025-08-18,Avenal,
233,2025-08-19,Avenal,39.2270811322465
234,2025-08-20,Avenal,44.358795597509214
235,2025-08-21,Avenal,43.93418431953096
236,2025-08-22,Avenal,47.17397510203618
237,2025-08-23,Avenal,45.64209208269887
238,2025-08-24,Avenal,48.61705564178762
239,2025-08-25,Avenal,45.8115591608869
240,2025-08-26,Avenal,48.06707286996861
241,2025-08-27,Avenal,43.861135828549806
242,2025-08-28,Avenal,49.77345671862994
243,2025-08-29,Avenal,43.463731419722
244,2025-08-30,Avenal,45.9888033717398
245,2025-08-31,Avenal,51.457526675139846
246,2025-09-01,Avenal,46.511786698444375
247,2025-09-02,Avenal,39.41718700123496
248,2025-09-03,Avenal,53.33743198113477
249,2025-09-04,Avenal,50.68989756496677
250,2025-09-05,Avenal,46.26318232772302
251,2025-09-06,Avenal,47.14521908405276
252,2025-09-07,Avenal,39.27768252365
253,2025-09-08,Avenal,37.02212912675573
254,2025-09-09,Avenal,30.289535678927063
255,2025-09-10,Avenal,28.63288396912252
256,2025-09-11,Avenal,29.73380663165954
257,2025-09-12,Avenal,35.898438388083505
258,2025-09-13,Avenal,40.85555308098887
259,2025-09-14,Avenal,40.66092364036672
260,2025-09-15,Avenal,41.82799957884033
261,2025-09-16,Avenal,41.73918834390587
262,2025-09-17,Avenal,46.775586621100175
263,2025-09-18,Avenal,37.42764236337565
264,2025-09-19,Avenal,38.06290178061225
265,2025-09-20,Avenal,46.48285634394979
266,2025-09-21,Avenal,40.13381615858872
267,2025-09-22,Avenal,40.823114423785015
268,2025-09-23,Avenal,48.50840279621231
269,2025-09-24,Avenal,41.03484468899468
270,2025-09-25,Avenal,41.24421386456043
271,2025-09-26,Avenal,43.17591435852368
272,2025-09-27,Avenal,43.29024068486181
273,2025-09-28,Avenal,36.29604381468367
274,2025-09-29,Avenal,33.201384144383226
275,2025-09-30,Avenal,33.76525678491108
276,2025-10-01,Avenal,36.869869233198976
277,2025-10-02,Avenal,36.15815288657504
278,2025-10-03,Avenal,31.162039078705583
279,2025-10-04,Avenal,32.79322542729321
280,2025-10-05,Avenal,39.43714362500898
281,2025-10-06,Avenal,42.48920547181108
282,2025-10-07,Avenal,43.99871629481101
283,2025-10-08,Avenal,39.29252922055328
284,2025-10-09,Avenal,35.268264249884034
285,2025-10-10,Avenal,36.67436151922267
286,2025-10-11,Avenal,33.30962277297703
287,2025-10-12,Avenal,32.37072058448711
288,2025-10-13,Avenal,31.494977545091945
289,2025-10-14,Avenal,26.929161231599814
290,2025-10-15,Avenal,29.340639799893577
291,2025-10-16,Avenal,31.705538574096924
292,2025-10-17,Avenal,37.89138010350499
293,2025-10-18,Avenal,47.378673610963
294,2025-10-19,Avenal,47.32520705702053
295,2025-10-20,Avenal,40.61173414671067
296,2025-10-21,Avenal,
297,2025-10-22,Avenal,
298,2025-10-23,Avenal,
299,2025-10-24,Avenal,40.437596870098986
300,2025-10-25,Avenal,41.27464350996641
301,2025-10-26,Avenal,35.57612968464311
302,2025-10-27,Avenal,29.891049275563997
303,2025-10-28,Avenal,35.167725349300134
304,2025-10-29,Avenal,40.13122780614946
305,2025-10-30,Avenal,44.38109067427589
306,2025-10-31,Avenal,42.432448958154026
307,2025-11-01,Avenal,43.45240090081405
308,2025-11-02,Avenal,42.104143084044544
309,2025-11-03,Avenal,
310,2025-11-04,Avenal,
311,2025-11-05,Avenal,
312,2025-06-03,Coalinguita,56.518714994546656
313,2025-06-04,Coalinguita,56.6133776787954
314,2025-06-05,Coalinguita,56.08425386337125
315,2025-06-06,Coalinguita,54.68497777173167
316,2025-06-07,Coalinguita,56.60933941332142
317,2025-06-08,Coalinguita,53.73690653491244
318,2025-06-09,Coalinguita,55.66909514561458
319,2025-06-10,Coalinguita,55.560287597973485
320,2025-06-11,Coalinguita,54.33914987652567
321,2025-06-12,Coalinguita,54.21269821930279
322,2025-06-13,Coalinguita,50.15746025831292
323,2025-06-14,Coalinguita,55.35017498831957
324,2025-06-15,Coalinguita,59.90630477413332
325,2025-06-16,Coalinguita,61.61454968959176
326,2025-06-17,Coalinguita,58.97075314570593
327,2025-06-18,Coalinguita,61.02538292839897
328,2025-06-19,Coalinguita,62.1861352534013
329,2025-06-20,Coalinguita,48.372185389616526
330,2025-06-21,Coalinguita,40.37303745647522
331,2025-06-22,Coalinguita,42.83350795907735
332,2025-06-23,Coalinguita,51.31067105510273
333,2025-06-24,Coalinguita,53.876110245538186
334,2025-06-25,Coalinguita,56.88892427873633
335,2025-06-26,Coalinguita,58.108588718256286
336,2025-06-27,Coalinguita,60.96932019128864
337,2025-06-28,Coalinguita,64.64921949118862
338,2025-06-29,Coalinguita,60.87623943021104
339,2025-06-30,Coalinguita,61.76584443442822
340,2025-07-01,Coalinguita,59.94472013725792
341,2025-07-02,Coalinguita,55.96425711556062
342,2025-07-03,Coalinguita,57.13799628674594
343,2025-07-04,Coalinguita,44.65073676953638
344,2025-07-05,Coalinguita,49.98083356746232
345,2025-07-06,Coalinguita,55.09522068848609
346,2025-07-07,Coalinguita,64.67935089880983
347,2025-07-08,Coalinguita,58.74046290905061
348,2025-07-09,Coalinguita,56.61902241892051
349,2025-07-10,Coalinguita,
350,2025-07-11,Coalinguita,
351,2025-07-12,Coalinguita,61.75343946209977
352,2025-07-13,Coalinguita,55.21002703280013
353,2025-07-14,Coalinguita,55.27455785876219
354,2025-07-15,Coalinguita,54.10596982977687
355,2025-07-16,Coalinguita,47.25241007636944
356,2025-07-17,Coalinguita,49.82465395384716
357,2025-07-18,Coalinguita,51.869278174219694
358,2025-07-19,Coalinguita,51.3977518114914
359,2025-07-20,Coalinguita,50.18794874089074
360,2025-07-21,Coalinguita,38.18902723213602
361,2025-07-22,Coalinguita,36.87169333846391
362,2025-07-23,Coalinguita,37.13001435428981
363,2025-07-24,Coalinguita,38.83752084709689
364,2025-07-25,Coalinguita,39.56713800444268
365,2025-07-26,Coalinguita,38.85156470393656
366,2025-07-27,Coalinguita,42.3072709696805
367,2025-07-28,Coalinguita,40.987998150437065
368,2025-07-29,Coalinguita,43.86402639185452
369,2025-07-30,Coalinguita,44.85784362332675
370,2025-07-31,Coalinguita,45.30961578516151
371,2025-08-01,Coalinguita,47.14111391679288
372,2025-08-02,Coalinguita,41.535944181138206
373,2025-08-03,Coalinguita,43.49440617656776
374,2025-08-04,Coalinguita,36.00569894666398
375,2025-08-05,Coalinguita,39.49238426647752
376,2025-08-06,Coalinguita,44.51697394650245
377,2025-08-07,Coalinguita,48.17919325869741
378,2025-08-08,Coalinguita,49.10903172377648
379,2025-08-09,Coalinguita,56.63231007865146
380,2025-08-10,Coalinguita,54.52990969419197
381,2025-08-11,Coalinguita,51.80976984167791
382,2025-08-12,Coalinguita,46.468729349766015
383,2025-08-13,Coalinguita,44.73195192233143
384,2025-08-14,Coalinguita,41.5672187342289
385,2025-08-15,Coalinguita,40.2656530702198
386,2025-08-16,Coalinguita,31.90249559264047
387,2025-08-17,Coalinguita,30.018384384183808
388,2025-08-18,Coalinguita,32.57421176044095
389,2025-08-19,Coalinguita,
390,2025-08-20,Coalinguita,
391,2025-08-21,Coalinguita,
392,2025-08-22,Coalinguita,
393,2025-08-23,Coalinguita,
394,2025-08-24,Coalinguita,
395,2025-08-25,Coalinguita,
396,2025-08-26,Coalinguita,
397,2025-08-27,Coalinguita,
398,2025-08-28,Coalinguita,
399,2025-08-29,Coalinguita,
400,2025-08-30,Coalinguita,
401,2025-08-31,Coalinguita,
402,2025-09-01,Coalinguita,
403,2025-09-02,Coalinguita,
404,2025-09-03,Coalinguita,
405,2025-09-04,Coalinguita,
406,2025-09-05,Coalinguita,
407,2025-09-06,Coalinguita,
408,2025-09-07,Coalinguita,
409,2025-09-08,Coalinguita,
410,2025-09-09,Coalinguita,
411,2025-09-10,Coalinguita,
412,2025-09-11,Coalinguita,
413,2025-09-12,Coalinguita,
414,2025-09-13,Coalinguita,
415,2025-09-14,Coalinguita,
416,2025-09-15,Coalinguita,
417,2025-09-16,Coalinguita,
418,2025-09-17,Coalinguita,
419,2025-09-18,Coalinguita,
420,2025-09-19,Coalinguita,
421,2025-09-20,Coalinguita,
422,2025-09-21,Coalinguita,
423,2025-09-22,Coalinguita,
424,2025-09-23,Coalinguita,
425,2025-09-24,Coalinguita,
426,2025-09-25,Coalinguita,
427,2025-09-26,Coalinguita,
428,2025-09-27,Coalinguita,
429,2025-09-28,Coalinguita,
430,2025-09-29,Coalinguita,
431,2025-09-30,Coalinguita,
432,2025-10-01,Coalinguita,
433,2025-10-02,Coalinguita,
434,2025-10-03,Coalinguita,
435,2025-10-04,Coalinguita,
436,2025-10-05,Coalinguita,
437,2025-10-06,Coalinguita,
438,2025-10-07,Coalinguita,
439,2025-10-08,Coalinguita,
440,2025-10-09,Coalinguita,
441,2025-10-10,Coalinguita,
442,2025-10-11,Coalinguita,
443,2025-10-12,Coalinguita,
444,2025-10-13,Coalinguita,
445,2025-10-14,Coalinguita,
446,2025-10-15,Coalinguita,
447,2025-10-16,Coalinguita,
448,2025-10-17,Coalinguita,
449,2025-10-18,Coalinguita,
450,2025-10-19,Coalinguita,
451,2025-10-20,Coalinguita,
452,2025-10-21,Coalinguita,
453,2025-10-22,Coalinguita,
454,2025-10-23,Coalinguita,
455,2025-10-24,Coalinguita,40.437596870098986
456,2025-10-25,Coalinguita,41.27464350996641
457,2025-10-26,Coalinguita,35.57612968464311
458,2025-10-27,Coalinguita,29.891049275563997
459,2025-10-28,Coalinguita,35.167725349300134
460,2025-10-29,Coalinguita,40.13122780614946
461,2025-10-30,Coalinguita,44.38109067427589
462,2025-10-31,Coalinguita,42.432448958154026
463,2025-11-01,Coalinguita,43.45240090081405
464,2025-11-02,Coalinguita,42.104143084044544
465,2025-11-03,Coalinguita,
466,2025-11-04,Coalinguita,
467,2025-11-05,Coalinguita,
468,2025-06-03,TerraBella,56.02571597275663
469,2025-06-04,TerraBella,56.64107725980223
470,2025-06-05,TerraBella,55.899703492663626
471,2025-06-06,TerraBella,54.90416614928457
472,2025-06-07,TerraBella,57.31271786959991
473,2025-06-08,TerraBella,54.30065793108847
474,2025-06-09,TerraBella,56.38500634263464
475,2025-06-10,TerraBella,56.86944303127467
476,2025-06-11,TerraBella,55.53669447874877
477,2025-06-12,TerraBella,54.658324873386
478,2025-06-13,TerraBella,51.5044129858336
479,2025-06-14,TerraBella,55.9074828399398
480,2025-06-15,TerraBella,60.271318536042784
481,2025-06-16,TerraBella,63.50097069697856
482,2025-06-17,TerraBella,58.94990908801711
483,2025-06-18,TerraBella,60.882169795959626
484,2025-06-19,TerraBella,63.6503829799468
485,2025-06-20,TerraBella,48.4748395733113
486,2025-06-21,TerraBella,41.00867367702167
487,2025-06-22,TerraBella,43.02055400623486
488,2025-06-23,TerraBella,50.63946536937903
489,2025-06-24,TerraBella,53.954105499544525
490,2025-06-25,TerraBella,56.85977551710474
491,2025-06-26,TerraBella,58.20553813512005
492,2025-06-27,TerraBella,60.58667196503278
493,2025-06-28,TerraBella,64.35623533437067
494,2025-06-29,TerraBella,60.34096041154498
495,2025-06-30,TerraBella,62.07455742424723
496,2025-07-01,TerraBella,59.880117371790575
497,2025-07-02,TerraBella,55.59145492044051
498,2025-07-03,TerraBella,57.02676044374502
499,2025-07-04,TerraBella,45.95021520474345
500,2025-07-05,TerraBella,50.208443717554125
501,2025-07-06,TerraBella,54.85476258094569
502,2025-07-07,TerraBella,64.29236413726059
503,2025-07-08,TerraBella,57.83835547826301
504,2025-07-09,TerraBella,55.9938547564811
505,2025-07-10,TerraBella,
506,2025-07-11,TerraBella,64.63790391206031
507,2025-07-12,TerraBella,64.22102459403479
508,2025-07-13,TerraBella,59.40437805036797
509,2025-07-14,TerraBella,58.01066914131101
510,2025-07-15,TerraBella,57.58204025687181
511,2025-07-16,TerraBella,53.877693954559575
512,2025-07-17,TerraBella,52.87385116819007
513,2025-07-18,TerraBella,52.442451462681085
514,2025-07-19,TerraBella,53.28545595784202
515,2025-07-20,TerraBella,53.9436494282188
516,2025-07-21,TerraBella,44.20334411208327
517,2025-07-22,TerraBella,41.328346575959216
518,2025-07-23,TerraBella,43.13637159817562
519,2025-07-24,TerraBella,45.41137619700655
520,2025-07-25,TerraBella,42.33803897759911
521,2025-07-26,TerraBella,44.468783463574425
522,2025-07-27,TerraBella,46.41724909017443
523,2025-07-28,TerraBella,48.185754872947314
524,2025-07-29,TerraBella,48.54261532915479
525,2025-07-30,TerraBella,49.5592506988459
526,2025-07-31,TerraBella,50.458424312977925
527,2025-08-01,TerraBella,51.91482949980464
528,2025-08-02,TerraBella,49.13935212632748
529,2025-08-03,TerraBella,49.38352883726567
530,2025-08-04,TerraBella,41.0729523005657
531,2025-08-05,TerraBella,44.694027550743314
532,2025-08-06,TerraBella,47.50254283670615
533,2025-08-07,TerraBella,50.45304955142656
534,2025-08-08,TerraBella,49.30394002083139
535,2025-08-09,TerraBella,59.69804995823493
536,2025-08-10,TerraBella,58.440977825882655
537,2025-08-11,TerraBella,54.18936824851582
538,2025-08-12,TerraBella,52.93935545554934
539,2025-08-13,TerraBella,51.86034992350148
540,2025-08-14,TerraBella,48.97271229695573
541,2025-08-15,TerraBella,48.21824799550256
542,2025-08-16,TerraBella,40.703705464134366
543,2025-08-17,TerraBella,38.00213659331702
544,2025-08-18,TerraBella,41.85659603258371
545,2025-08-19,TerraBella,43.9124899831869
546,2025-08-20,TerraBella,47.0101019137293
547,2025-08-21,TerraBella,49.50044715443365
548,2025-08-22,TerraBella,56.000292306082684
549,2025-08-23,TerraBella,45.97577986602421
550,2025-08-24,TerraBella,59.60487500141221
551,2025-08-25,TerraBella,54.29663487464312
552,2025-08-26,TerraBella,54.82005954731379
553,2025-08-27,TerraBella,50.776352342314496
554,2025-08-28,TerraBella,53.337199937344906
555,2025-08-29,TerraBella,48.5205153191307
556,2025-08-30,TerraBella,49.60177352370725
557,2025-08-31,TerraBella,50.72792579788704
558,2025-09-01,TerraBella,54.17259874943267
559,2025-09-02,TerraBella,51.15220213067568
560,2025-09-03,TerraBella,61.32273263905358
561,2025-09-04,TerraBella,53.883483613845215
562,2025-09-05,TerraBella,48.20866580167565
563,2025-09-06,TerraBella,51.71176725292414
564,2025-09-07,TerraBella,44.15084291698734
565,2025-09-08,TerraBella,44.65318826373064
566,2025-09-09,TerraBella,37.888843406504
567,2025-09-10,TerraBella,35.56144079012111
568,2025-09-11,TerraBella,37.246780521129686
569,2025-09-12,TerraBella,41.62994762192824
570,2025-09-13,TerraBella,47.43437947611074
571,2025-09-14,TerraBella,46.23348832379821
572,2025-09-15,TerraBella,47.58167239999304
573,2025-09-16,TerraBella,53.55373479331146
574,2025-09-17,TerraBella,50.91613488667392
575,2025-09-18,TerraBella,38.05844926247136
576,2025-09-19,TerraBella,50.32641621295624
577,2025-09-20,TerraBella,58.71123693853746
578,2025-09-21,TerraBella,52.92600092069672
579,2025-09-22,TerraBella,48.575232794271386
580,2025-09-23,TerraBella,55.93918701405801
581,2025-09-24,TerraBella,46.77395736761703
582,2025-09-25,TerraBella,46.13680455476352
583,2025-09-26,TerraBella,46.9665226674944
584,2025-09-27,TerraBella,46.88379950692919
585,2025-09-28,TerraBella,43.88677523516313
586,2025-09-29,TerraBella,43.61387589055612
587,2025-09-30,TerraBella,41.37558235864772
588,2025-10-01,TerraBella,40.6514810957967
589,2025-10-02,TerraBella,44.0150982987606
590,2025-10-03,TerraBella,34.09372105040143
591,2025-10-04,TerraBella,38.09051322865332
592,2025-10-05,TerraBella,44.2770652371138
593,2025-10-06,TerraBella,48.76745250359849
594,2025-10-07,TerraBella,49.4548857824179
595,2025-10-08,TerraBella,46.3833766311288
596,2025-10-09,TerraBella,39.92760550738332
597,2025-10-10,TerraBella,42.53437003034587
598,2025-10-11,TerraBella,35.432944435218644
599,2025-10-12,TerraBella,35.456241356753644
600,2025-10-13,TerraBella,34.98859905455924
601,2025-10-14,TerraBella,27.01005696884232
602,2025-10-15,TerraBella,31.32964355109792
603,2025-10-16,TerraBella,
604,2025-10-17,TerraBella,
605,2025-10-18,TerraBella,30.115029861565763
606,2025-10-19,TerraBella,28.47657948104892
607,2025-10-20,TerraBella,
608,2025-10-21,TerraBella,
609,2025-10-22,TerraBella,43.25601087360017
610,2025-10-23,TerraBella,
611,2025-10-24,TerraBella,42.73352616258158
612,2025-10-25,TerraBella,42.86411491849471
613,2025-10-26,TerraBella,37.36661308910167
614,2025-10-27,TerraBella,
615,2025-10-28,TerraBella,
616,2025-10-29,TerraBella,
617,2025-10-30,TerraBella,
618,2025-10-31,TerraBella,44.28894500809294
619,2025-11-01,TerraBella,
620,2025-11-02,TerraBella,43.138957383760655
621,2025-11-03,TerraBella,47.59599843001232
622,2025-11-04,TerraBella,
623,2025-11-05,TerraBella,
624,2025-06-03,LostHills,56.67050675672338
625,2025-06-04,LostHills,57.47626798128751
626,2025-06-05,LostHills,56.62395981997288
627,2025-06-06,LostHills,55.337487326323966
628,2025-06-07,LostHills,58.892006328447366
629,2025-06-08,LostHills,55.35072667991207
630,2025-06-09,LostHills,57.85148462681422
631,2025-06-10,LostHills,57.84557568758577
632,2025-06-11,LostHills,52.90414820074741
633,2025-06-12,LostHills,53.28471555690231
634,2025-06-13,LostHills,48.46655436155125
635,2025-06-14,LostHills,54.47524942510051
636,2025-06-15,LostHills,59.76172899013332
637,2025-06-16,LostHills,59.47177099561221
638,2025-06-17,LostHills,57.75698179016759
639,2025-06-18,LostHills,61.59899369401708
640,2025-06-19,LostHills,61.19156806916734
641,2025-06-20,LostHills,45.79610824332332
642,2025-06-21,LostHills,38.46506614054541
643,2025-06-22,LostHills,39.991941911919255
644,2025-06-23,LostHills,48.66549540760014
645,2025-06-24,LostHills,52.202389600143306
646,2025-06-25,LostHills,55.26089242917627
647,2025-06-26,LostHills,57.04526607009385
648,2025-06-27,LostHills,60.66796690637985
649,2025-06-28,LostHills,64.89595460087563
650,2025-06-29,LostHills,60.545488865870325
651,2025-06-30,LostHills,61.59619288380594
652,2025-07-01,LostHills,59.759796906958734
653,2025-07-02,LostHills,55.68825125953041
654,2025-07-03,LostHills,57.09102011249577
655,2025-07-04,LostHills,42.176129903036326
656,2025-07-05,LostHills,47.97829133706258
657,2025-07-06,LostHills,52.90561421639199
658,2025-07-07,LostHills,64.7821794329518
659,2025-07-08,LostHills,58.619923552230205
660,2025-07-09,LostHills,56.37723945269492
661,2025-07-10,LostHills,57.682708374776965
662,2025-07-11,LostHills,68.68133098984451
663,2025-07-12,LostHills,65.4273074336247
664,2025-07-13,LostHills,63.85775514045071
665,2025-07-14,LostHills,59.59217227743731
666,2025-07-15,LostHills,54.57594843470847
667,2025-07-16,LostHills,47.78330608096878
668,2025-07-17,LostHills,52.8692649048283
669,2025-07-18,LostHills,56.57766945499349
670,2025-07-19,LostHills,55.72262076314205
671,2025-07-20,LostHills,51.37664576500352
672,2025-07-21,LostHills,33.53960754340978
673,2025-07-22,LostHills,34.90629187218275
674,2025-07-23,LostHills,35.56364533763371
675,2025-07-24,LostHills,39.83713498730161
676,2025-07-25,LostHills,40.57648690231045
677,2025-07-26,LostHills,42.992354506166
678,2025-07-27,LostHills,43.198579350277335
679,2025-07-28,LostHills,42.97404934487492
680,2025-07-29,LostHills,44.9179908718757
681,2025-07-30,LostHills,43.77073004891128
682,2025-07-31,LostHills,45.49384776215426
683,2025-08-01,LostHills,49.160171355884245
684,2025-08-02,LostHills,43.56701293761128
685,2025-08-03,LostHills,44.758214547684815
686,2025-08-04,LostHills,34.59055714371587
687,2025-08-05,LostHills,36.36064357812482
688,2025-08-06,LostHills,43.659170587946136
689,2025-08-07,LostHills,47.97137625719871
690,2025-08-08,LostHills,46.67704343218951
691,2025-08-09,LostHills,65.46609636253851
692,2025-08-10,LostHills,61.2100497755178
693,2025-08-11,LostHills,54.38646052403487
694,2025-08-12,LostHills,50.2493878775142
695,2025-08-13,LostHills,45.68448886872848
696,2025-08-14,LostHills,42.72079460958293
697,2025-08-15,LostHills,41.64040834147953
698,2025-08-16,LostHills,31.516785220809528
699,2025-08-17,LostHills,29.354456787215376
700,2025-08-18,LostHills,38.87838230591875
701,2025-08-19,LostHills,41.1344003191651
702,2025-08-20,LostHills,43.76590054909919
703,2025-08-21,LostHills,49.12941881460107
704,2025-08-22,LostHills,51.10965433815716
705,2025-08-23,LostHills,47.6071774105566
706,2025-08-24,LostHills,53.47028151156557
707,2025-08-25,LostHills,43.7963623135046
708,2025-08-26,LostHills,46.563248267299386
709,2025-08-27,LostHills,44.43203591664104
710,2025-08-28,LostHills,53.75019189917134
711,2025-08-29,LostHills,44.85219089267092
712,2025-08-30,LostHills,48.86648221715384
713,2025-08-31,LostHills,51.3527390182451
714,2025-09-01,LostHills,45.68389777274819
715,2025-09-02,LostHills,44.38405176289375
716,2025-09-03,LostHills,51.16587063034728
717,2025-09-04,LostHills,46.92203239488269
718,2025-09-05,LostHills,43.704119924514245
719,2025-09-06,LostHills,40.60471835748441
720,2025-09-07,LostHills,35.26080861163207
721,2025-09-08,LostHills,34.45113035554247
722,2025-09-09,LostHills,30.56803116475038
723,2025-09-10,LostHills,28.919582161102444
724,2025-09-11,LostHills,32.617265801199544
725,2025-09-12,LostHills,36.38048850712526
726,2025-09-13,LostHills,43.02273707946121
727,2025-09-14,LostHills,38.91846187055283
728,2025-09-15,LostHills,41.96017609929769
729,2025-09-16,LostHills,49.5285380857153
730,2025-09-17,LostHills,50.67813532095475
731,2025-09-18,LostHills,36.37782799794523
732,2025-09-19,LostHills,
733,2025-09-20,LostHills,
734,2025-09-21,LostHills,
735,2025-09-22,LostHills,
736,2025-09-23,LostHills,
737,2025-09-24,LostHills,
738,2025-09-25,LostHills,
739,2025-09-26,LostHills,
740,2025-09-27,LostHills,
741,2025-09-28,LostHills,
742,2025-09-29,LostHills,
743,2025-09-30,LostHills,
744,2025-10-01,LostHills,
745,2025-10-02,LostHills,
746,2025-10-03,LostHills,
747,2025-10-04,LostHills,
748,2025-10-05,LostHills,
749,2025-10-06,LostHills,
750,2025-10-07,LostHills,
751,2025-10-08,LostHills,
752,2025-10-09,LostHills,
753,2025-10-10,LostHills,
754,2025-10-11,LostHills,
755,2025-10-12,LostHills,
756,2025-10-13,LostHills,
757,2025-10-14,LostHills,
758,2025-10-15,LostHills,
759,2025-10-16,LostHills,
760,2025-10-17,LostHills,
761,2025-10-18,LostHills,
762,2025-10-19,LostHills,
763,2025-10-20,LostHills,
764,2025-10-21,LostHills,
765,2025-10-22,LostHills,
766,2025-10-23,LostHills,
767,2025-10-24,LostHills,
768,2025-10-25,LostHills,
769,2025-10-26,LostHills,
770,2025-10-27,LostHills,
771,2025-10-28,LostHills,
772,2025-10-29,LostHills,
773,2025-10-30,LostHills,
774,2025-10-31,LostHills,
775,2025-11-01,LostHills,
776,2025-11-02,LostHills,
777,2025-11-03,LostHills,
778,2025-11-04,LostHills,
779,2025-11-05,LostHills,
780,2025-06-03,McFarland,60.80245154819059
781,2025-06-04,McFarland,60.71989037167763
782,2025-06-05,McFarland,59.29686453966657
783,2025-06-06,McFarland,57.86303858600834
784,2025-06-07,McFarland,59.72395932286164
785,2025-06-08,McFarland,56.78739272073196
786,2025-06-09,McFarland,58.48852054861706
787,2025-06-10,McFarland,58.388998704220285
788,2025-06-11,McFarland,55.942749507131865
789,2025-06-12,McFarland,55.2535279528221
790,2025-06-13,McFarland,51.7773515982038
791,2025-06-14,McFarland,56.57745062838195
792,2025-06-15,McFarland,61.71401406504326
793,2025-06-16,McFarland,63.8143538268614
794,2025-06-17,McFarland,59.62550187745371
795,2025-06-18,McFarland,61.93735650453014
796,2025-06-19,McFarland,63.86163168281996
797,2025-06-20,McFarland,47.93189048132759
798,2025-06-21,McFarland,39.32272093422811
799,2025-06-22,McFarland,42.64898830328056
800,2025-06-23,McFarland,50.200672438822906
801,2025-06-24,McFarland,52.47411919656051
802,2025-06-25,McFarland,55.498192024733
803,2025-06-26,McFarland,56.42478137277865
804,2025-06-27,McFarland,57.779398277487005
805,2025-06-28,McFarland,63.089541553636856
806,2025-06-29,McFarland,58.65692280837548
807,2025-06-30,McFarland,60.99582236606494
808,2025-07-01,McFarland,59.32974035510525
809,2025-07-02,McFarland,55.94048666837311
810,2025-07-03,McFarland,55.8939255394263
811,2025-07-04,McFarland,45.56817800160227
812,2025-07-05,McFarland,50.12809919092528
813,2025-07-06,McFarland,54.80464466561814
814,2025-07-07,McFarland,62.52560760289249
815,2025-07-08,McFarland,59.56091777014878
816,2025-07-09,McFarland,57.47486481823335
817,2025-07-10,McFarland,
818,2025-07-11,McFarland,
819,2025-07-12,McFarland,68.00910245109111
820,2025-07-13,McFarland,63.9236647397057
821,2025-07-14,McFarland,61.54281919041713
822,2025-07-15,McFarland,60.40040983693715
823,2025-07-16,McFarland,56.73336738949954
824,2025-07-17,McFarland,59.12383906448455
825,2025-07-18,McFarland,59.67087795534813
826,2025-07-19,McFarland,60.54942879086857
827,2025-07-20,McFarland,60.77370205177741
828,2025-07-21,McFarland,49.60296555048664
829,2025-07-22,McFarland,48.656950674963646
830,2025-07-23,McFarland,50.64379996842667
831,2025-07-24,McFarland,54.71808110223044
832,2025-07-25,McFarland,50.03596217174484
833,2025-07-26,McFarland,51.18494472467796
834,2025-07-27,McFarland,54.44811379314113
835,2025-07-28,McFarland,55.34523233713311
836,2025-07-29,McFarland,56.19460993871454
837,2025-07-30,McFarland,58.61488538108206
838,2025-07-31,McFarland,58.16682280934475
839,2025-08-01,McFarland,59.92983547764145
840,2025-08-02,McFarland,56.156678019232906
841,2025-08-03,McFarland,54.620379494630335
842,2025-08-04,McFarland,47.54531394398394
843,2025-08-05,McFarland,51.00229110431266
844,2025-08-06,McFarland,56.926215565817294
845,2025-08-07,McFarland,57.0763557805969
846,2025-08-08,McFarland,57.88981397632048
847,2025-08-09,McFarland,67.48065409588091
848,2025-08-10,McFarland,67.75394867230303
849,2025-08-11,McFarland,61.70867166777978
850,2025-08-12,McFarland,58.57147737830721
851,2025-08-13,McFarland,57.2258604780776
852,2025-08-14,McFarland,53.26301625026604
853,2025-08-15,McFarland,53.53080660922762
854,2025-08-16,McFarland,45.64505055848235
855,2025-08-17,McFarland,45.71895753899884
856,2025-08-18,McFarland,48.905409233560846
857,2025-08-19,McFarland,52.20933517404549
858,2025-08-20,McFarland,53.596413979263104
859,2025-08-21,McFarland,57.70459804014041
860,2025-08-22,McFarland,64.56778486691495
861,2025-08-23,McFarland,54.29205380415366
862,2025-08-24,McFarland,69.60047157702368
863,2025-08-25,McFarland,59.90301940234531
864,2025-08-26,McFarland,63.88519235878374
865,2025-08-27,McFarland,55.20664889032715
866,2025-08-28,McFarland,52.77227699969488
867,2025-08-29,McFarland,51.71681303868432
868,2025-08-30,McFarland,52.39067068403065
869,2025-08-31,McFarland,55.087275850268895
870,2025-09-01,McFarland,55.74930609835528
871,2025-09-02,McFarland,53.06853792791389
872,2025-09-03,McFarland,56.81337547661392
873,2025-09-04,McFarland,56.21496045256551
874,2025-09-05,McFarland,49.573061257341095
875,2025-09-06,McFarland,51.47809434850888
876,2025-09-07,McFarland,44.59840674324023
877,2025-09-08,McFarland,43.8676262754991
878,2025-09-09,McFarland,40.54935356806818
879,2025-09-10,McFarland,39.00550452944896
880,2025-09-11,McFarland,39.46858295035749
881,2025-09-12,McFarland,42.45643588289884
882,2025-09-13,McFarland,46.74326688252763
883,2025-09-14,McFarland,46.31628909838675
884,2025-09-15,McFarland,49.45002193368509
885,2025-09-16,McFarland,55.23751876730151
886,2025-09-17,McFarland,52.21967297715508
887,2025-09-18,McFarland,
888,2025-09-19,McFarland,45.813115762672446
889,2025-09-20,McFarland,50.40679480199288
890,2025-09-21,McFarland,48.60376533626598
891,2025-09-22,McFarland,51.228966860382215
892,2025-09-23,McFarland,57.51635329838751
893,2025-09-24,McFarland,49.69172278710423
894,2025-09-25,McFarland,48.32206762473151
895,2025-09-26,McFarland,49.1144047411978
896,2025-09-27,McFarland,48.46309507544335
897,2025-09-28,McFarland,44.98227930272993
898,2025-09-29,McFarland,43.26142081986987
899,2025-09-30,McFarland,43.19271201355866
900,2025-10-01,McFarland,43.29820471521808
901,2025-10-02,McFarland,45.75491171189505
902,2025-10-03,McFarland,37.13740181999681
903,2025-10-04,McFarland,40.67322296715013
904,2025-10-05,McFarland,45.70192036793776
905,2025-10-06,McFarland,50.048548219476864
906,2025-10-07,McFarland,49.20912223016929
907,2025-10-08,McFarland,42.94821733934568
908,2025-10-09,McFarland,42.74891826972817
909,2025-10-10,McFarland,44.05777810453003
910,2025-10-11,McFarland,37.260211809763895
911,2025-10-12,McFarland,36.29219624566241
912,2025-10-13,McFarland,34.71530127031431
913,2025-10-14,McFarland,33.460670701297566
914,2025-10-15,McFarland,
915,2025-10-16,McFarland,
916,2025-10-17,McFarland,
917,2025-10-18,McFarland,50.209782413569904
918,2025-10-19,McFarland,49.8792314334601
919,2025-10-20,McFarland,49.86824389712234
920,2025-10-21,McFarland,
921,2025-10-22,McFarland,41.32972517444805
922,2025-10-23,McFarland,39.01162616183988
923,2025-10-24,McFarland,43.07055281513264
924,2025-10-25,McFarland,42.885083337075855
925,2025-10-26,McFarland,39.92482889263935
926,2025-10-27,McFarland,35.068530070265375
927,2025-10-28,McFarland,38.51723547884136
928,2025-10-29,McFarland,42.00593820371207
929,2025-10-30,McFarland,45.38069714586285
930,2025-10-31,McFarland,44.25270743020297
931,2025-11-01,McFarland,44.4923246466852
932,2025-11-02,McFarland,43.33425354377001
933,2025-11-03,McFarland,46.053806412214016
934,2025-11-04,McFarland,41.91142751237727
935,2025-11-05,McFarland,35.67780443480415
936,2025-06-03,Coalinga,
937,2025-06-04,Coalinga,
938,2025-06-05,Coalinga,
939,2025-06-06,Coalinga,
940,2025-06-07,Coalinga,
941,2025-06-08,Coalinga,
942,2025-06-09,Coalinga,
943,2025-06-10,Coalinga,
944,2025-06-11,Coalinga,
945,2025-06-12,Coalinga,
946,2025-06-13,Coalinga,
947,2025-06-14,Coalinga,
948,2025-06-15,Coalinga,
949,2025-06-16,Coalinga,
950,2025-06-17,Coalinga,
951,2025-06-18,Coalinga,
952,2025-06-19,Coalinga,
953,2025-06-20,Coalinga,
954,2025-06-21,Coalinga,
955,2025-06-22,Coalinga,
956,2025-06-23,Coalinga,
957,2025-06-24,Coalinga,
958,2025-06-25,Coalinga,
959,2025-06-26,Coalinga,
960,2025-06-27,Coalinga,
961,2025-06-28,Coalinga,69.79350762953426
962,2025-06-29,Coalinga,64.23914844033945
963,2025-06-30,Coalinga,66.57938305449244
964,2025-07-01,Coalinga,63.56126012581117
965,2025-07-02,Coalinga,58.09828673632159
966,2025-07-03,Coalinga,58.92359643922365
967,2025-07-04,Coalinga,44.53653902892504
968,2025-07-05,Coalinga,50.94391651511096
969,2025-07-06,Coalinga,54.83049771010698
970,2025-07-07,Coalinga,66.81140977559322
971,2025-07-08,Coalinga,58.91827870466753
972,2025-07-09,Coalinga,57.254728036454125
973,2025-07-10,Coalinga,59.75654765557401
974,2025-07-11,Coalinga,69.36982358294178
975,2025-07-12,Coalinga,71.75947951293594
976,2025-07-13,Coalinga,60.26063392881178
977,2025-07-14,Coalinga,60.57570673931477
978,2025-07-15,Coalinga,59.52958177977532
979,2025-07-16,Coalinga,53.8616462381392
980,2025-07-17,Coalinga,51.23561578457222
981,2025-07-18,Coalinga,51.80845034221376
982,2025-07-19,Coalinga,53.72332907232496
983,2025-07-20,Coalinga,49.63445760166832
984,2025-07-21,Coalinga,39.66032950932637
985,2025-07-22,Coalinga,40.47860061203623
986,2025-07-23,Coalinga,41.9334302580089
987,2025-07-24,Coalinga,
988,2025-07-25,Coalinga,
989,2025-07-26,Coalinga,
990,2025-07-27,Coalinga,
991,2025-07-28,Coalinga,40.59417700863754
992,2025-07-29,Coalinga,43.402095927914495
993,2025-07-30,Coalinga,43.28405652195352
994,2025-07-31,Coalinga,43.824926919627
995,2025-08-01,Coalinga,46.138513184185456
996,2025-08-02,Coalinga,40.47411962123703
997,2025-08-03,Coalinga,38.2507658962304
998,2025-08-04,Coalinga,34.05488171139321
999,2025-08-05,Coalinga,35.324410535521864
1000,2025-08-06,Coalinga,41.57953285685302
1001,2025-08-07,Coalinga,45.054150534656586
1002,2025-08-08,Coalinga,46.48385916706381
1003,2025-08-09,Coalinga,52.77965134765861
1004,2025-08-10,Coalinga,50.64213016748787
1005,2025-08-11,Coalinga,49.56502553245448
1006,2025-08-12,Coalinga,44.50823803305104
1007,2025-08-13,Coalinga,41.20146195596582
1008,2025-08-14,Coalinga,37.20804933675513
1009,2025-08-15,Coalinga,36.61364350578255
1010,2025-08-16,Coalinga,
1011,2025-08-17,Coalinga,
1012,2025-08-18,Coalinga,33.16850334076138
1013,2025-08-19,Coalinga,36.61779160179611
1014,2025-08-20,Coalinga,43.22668788505224
1015,2025-08-21,Coalinga,37.77815434920883
1016,2025-08-22,Coalinga,44.51453394801204
1017,2025-08-23,Coalinga,42.96334579708087
1018,2025-08-24,Coalinga,44.72033240855743
1019,2025-08-25,Coalinga,37.34649991129461
1020,2025-08-26,Coalinga,43.53369851069084
1021,2025-08-27,Coalinga,40.58639258427798
1022,2025-08-28,Coalinga,41.87979934515072
1023,2025-08-29,Coalinga,38.61201865436965
1024,2025-08-30,Coalinga,41.92968824615237
1025,2025-08-31,Coalinga,45.04668100882417
1026,2025-09-01,Coalinga,40.04331872462309
1027,2025-09-02,Coalinga,
1028,2025-09-03,Coalinga,51.724442559094726
1029,2025-09-04,Coalinga,47.39193240486288
1030,2025-09-05,Coalinga,39.77958539362738
1031,2025-09-06,Coalinga,37.355126050553096
1032,2025-09-07,Coalinga,33.703549631162886
1033,2025-09-08,Coalinga,31.281104299308662
1034,2025-09-09,Coalinga,
1035,2025-09-10,Coalinga,
1036,2025-09-11,Coalinga,
1037,2025-09-12,Coalinga,34.09343986874728
1038,2025-09-13,Coalinga,37.7627206798507
1039,2025-09-14,Coalinga,36.12924019427812
1040,2025-09-15,Coalinga,36.479956441537794
1041,2025-09-16,Coalinga,45.77979876576352
1042,2025-09-17,Coalinga,46.38557710570165
1043,2025-09-18,Coalinga,
1044,2025-09-19,Coalinga,41.72714122891514
1045,2025-09-20,Coalinga,44.46066717983771
1046,2025-09-21,Coalinga,38.75704981771926
1047,2025-09-22,Coalinga,38.708131681214965
1048,2025-09-23,Coalinga,45.65856990843585
1049,2025-09-24,Coalinga,
1050,2025-09-25,Coalinga,38.91845597911266
1051,2025-09-26,Coalinga,44.00650566641365
1052,2025-09-27,Coalinga,43.359127498385135
1053,2025-09-28,Coalinga,37.72290118417244
1054,2025-09-29,Coalinga,37.74013536920561
1055,2025-09-30,Coalinga,35.610622189974976
1056,2025-10-01,Coalinga,37.99586854239478
1057,2025-10-02,Coalinga,32.56154005506077
1058,2025-10-03,Coalinga,35.03788181386638
1059,2025-10-04,Coalinga,34.82704631245286
1060,2025-10-05,Coalinga,41.4889597070964
1061,2025-10-06,Coalinga,43.79171388118267
1062,2025-10-07,Coalinga,45.5353080193325
1063,2025-10-08,Coalinga,41.60011005203918
1064,2025-10-09,Coalinga,
1065,2025-10-10,Coalinga,39.47510989274069
1066,2025-10-11,Coalinga,36.786415539459
1067,2025-10-12,Coalinga,35.20987050968356
1068,2025-10-13,Coalinga,35.32968948947414
1069,2025-10-14,Coalinga,33.79899982641789
1070,2025-10-15,Coalinga,33.766871439742665
1071,2025-10-16,Coalinga,37.686290310224166
1072,2025-10-17,Coalinga,42.26970451520744
1073,2025-10-18,Coalinga,51.99715915413057
1074,2025-10-19,Coalinga,54.30409758139364
1075,2025-10-20,Coalinga,53.60826983495528
1076,2025-10-21,Coalinga,58.31145645743329
1077,2025-10-22,Coalinga,44.24575429070377
1078,2025-10-23,Coalinga,
1079,2025-10-24,Coalinga,44.13981838579249
1080,2025-10-25,Coalinga,
1081,2025-10-26,Coalinga,
1082,2025-10-27,Coalinga,
1083,2025-10-28,Coalinga,39.14738925791748
1084,2025-10-29,Coalinga,43.407414902437
1085,2025-10-30,Coalinga,49.41439911847086
1086,2025-10-31,Coalinga,46.35559959590817
1087,2025-11-01,Coalinga,
1088,2025-11-02,Coalinga,45.40033182325568
1089,2025-11-03,Coalinga,
1090,2025-11-04,Coalinga,44.51837486564255
1091,2025-11-05,Coalinga,
