date_time,unixtime,temp_C,rh,o3,m_PM25_CF1,m_PM10_CF1,lat,lon,reference,seasonal_bias,week
2025-06-22 00:30:00,1750577700.0,19.33333333333333,40.333333333333336,23.009500000000003,6.833333333333333,7.0,36.78544566666667,-119.773178,25.1,1,25
2025-06-22 01:30:00,1750581300.0,18.33333333333333,44.16666666666666,21.2795,3.6666666666666665,4.0,36.78544683333333,-119.7731525,23.4,1,25
2025-06-22 02:30:00,1750584900.0,17.0,48.833333333333336,14.1955,4.0,4.666666666666667,36.7854525,-119.77314383333334,20.5,1,25
2025-06-22 08:30:00,1750606500.0,19.166666666666668,44.5,11.469333333333331,6.5,6.833333333333333,36.785383333333336,-119.77313366666664,20.9,1,25
2025-06-22 09:30:00,1750610100.0,21.666666666666668,39.16666666666666,22.05033333333333,5.166666666666667,5.5,36.7853995,-119.77309666666667,27.3,1,25
2025-06-22 10:30:00,1750613700.0,24.0,34.666666666666664,29.72083333333333,4.166666666666667,4.833333333333333,36.78543033333333,-119.7731195,33.3,1,25
2025-06-22 16:30:00,1750635300.0,30.666666666666668,19.33333333333333,41.68933333333333,1.0,1.0,36.7854025,-119.77310566666668,38.2,1,25
2025-06-22 17:30:00,1750638900.0,30.0,19.0,41.9505,1.0,1.0,36.78544033333333,-119.77310566666668,37.7,1,25
2025-06-22 18:30:00,1750642500.0,29.666666666666668,19.5,41.59333333333333,0.8333333333333334,1.0,36.78539916666667,-119.77311566666668,36.9,1,25
2025-06-22 19:30:00,1750646100.0,28.666666666666668,20.5,41.341166666666666,0.8333333333333334,1.0,36.785501333333336,-119.77305083333331,36.4,1,25
2025-06-22 20:30:00,1750649700.0,26.666666666666668,24.33333333333333,38.949666666666666,1.5,1.8333333333333333,36.785406,-119.77315383333332,36.2,1,25
2025-06-22 21:30:00,1750653300.0,25.0,28.83333333333333,36.2375,1.1666666666666667,1.5,36.78539766666667,-119.77310033333332,34.8,1,25
2025-06-22 22:30:00,1750656900.0,23.5,30.666666666666668,35.188,1.8333333333333333,1.8333333333333333,36.78541,-119.77313733333334,33.9,1,25
2025-06-22 23:30:00,1750660500.0,22.166666666666668,33.5,31.0485,2.1666666666666665,2.1666666666666665,36.785438,-119.77309166666667,31.2,1,25
2025-06-23 00:30:00,1750664100.0,20.33333333333333,40.333333333333336,20.826666666666668,4.333333333333333,4.5,36.785391,-119.77317183333334,24.9,1,26
2025-06-23 01:30:00,1750667700.0,20.0,42.0,22.68433333333333,5.333333333333333,5.666666666666667,36.785358,-119.7731095,25.3,1,26
2025-06-23 02:30:00,1750671300.0,19.5,45.0,22.15433333333333,5.0,5.5,36.78540883333333,-119.7731095,24.7,1,26
2025-06-23 03:30:00,1750674900.0,19.0,48.333333333333336,18.768666666666665,5.0,5.166666666666667,36.785372333333335,-119.7730955,22.9,1,26
2025-06-23 04:30:00,1750678500.0,18.33333333333333,49.333333333333336,18.933166666666665,5.0,5.333333333333333,36.78542266666667,-119.77309666666667,19.7,1,26
2025-06-23 06:30:00,1750685700.0,17.666666666666668,53.16666666666666,11.222500000000002,5.833333333333333,6.5,36.78538283333334,-119.7731565,23.7,1,26
2025-06-23 08:30:00,1750692301.0,20.83333333333333,44.333333333333336,13.332333333333333,7.0,7.166666666666667,36.78538966666667,-119.773061,20.9,1,26
2025-06-23 09:30:00,1750695901.0,23.5,34.666666666666664,25.597166666666663,3.8333333333333335,4.5,36.785425333333336,-119.77314916666666,29.4,1,26
2025-06-23 10:30:00,1750699501.0,27.0,27.166666666666668,33.398,3.1666666666666665,3.5,36.7854525,-119.77323666666666,35.7,1,26
2025-06-23 11:30:00,1750703101.0,29.166666666666668,24.0,39.341,3.0,3.1666666666666665,36.78538316666667,-119.77317316666668,39.9,1,26
2025-06-23 12:30:00,1750706701.0,30.83333333333333,22.166666666666668,42.9935,3.1666666666666665,3.1666666666666665,36.78538566666666,-119.77313116666666,43.1,1,26
2025-06-23 13:30:00,1750710301.0,31.5,20.166666666666668,46.493,3.1666666666666665,3.5,36.78532983333333,-119.77313733333334,43.4,1,26
2025-06-23 14:30:00,1750713901.0,32.0,18.33333333333333,46.79733333333333,3.5,3.8333333333333335,36.785343833333336,-119.77308916666668,44.5,1,26
2025-06-23 15:30:00,1750717501.0,32.833333333333336,16.833333333333332,50.9475,4.166666666666667,4.5,36.78536033333334,-119.773079,46.7,1,26
2025-06-23 16:30:00,1750721101.0,33.0,15.0,49.66666666666666,3.1666666666666665,3.333333333333333,36.78538633333333,-119.77311833333331,45.0,1,26
2025-06-23 17:30:00,1750724701.0,32.833333333333336,15.5,50.5385,2.5,3.1666666666666665,36.7853885,-119.77306483333332,46.0,1,26
2025-06-23 18:30:00,1750728301.0,32.5,16.333333333333332,53.104000000000006,3.5,4.166666666666667,36.78532166666667,-119.773075,48.8,1,26
2025-06-23 19:30:00,1750731901.0,31.166666666666668,19.33333333333333,55.2965,10.333333333333334,10.5,36.78539533333333,-119.77314516666668,52.5,1,26
2025-06-23 20:30:00,1750735501.0,29.33333333333333,24.5,52.69416666666667,6.166666666666667,6.666666666666667,36.78539033333333,-119.77319983333332,50.7,1,26
2025-06-23 21:30:00,1750739101.0,27.83333333333333,28.666666666666668,44.05783333333333,4.833333333333333,5.0,36.78543666666667,-119.77312083333334,43.7,1,26
2025-06-23 22:30:00,1750742701.0,26.5,34.166666666666664,34.91016666666667,3.0,3.1666666666666665,36.78542316666667,-119.7731745,36.7,1,26
2025-06-23 23:30:00,1750746301.0,24.666666666666668,36.66666666666666,29.518,3.333333333333333,3.333333333333333,36.785407,-119.77305983333332,31.6,1,26
2025-06-24 00:30:00,1750749901.0,23.166666666666668,40.66666666666666,25.730833333333333,3.8333333333333335,4.0,36.78542766666667,-119.7731375,28.4,1,26
2025-06-24 01:30:00,1750753501.0,21.666666666666668,44.833333333333336,19.996,4.666666666666667,4.666666666666667,36.785387166666666,-119.77310166666666,25.5,1,26
2025-06-24 02:30:00,1750757101.0,20.5,48.5,14.822166666666668,4.0,4.0,36.78540266666667,-119.773102,21.8,1,26
2025-06-24 03:30:00,1750760701.0,19.83333333333333,51.5,10.626833333333332,4.833333333333333,4.833333333333333,36.78542383333333,-119.7731195,19.9,1,26
2025-06-24 08:30:00,1750778701.0,24.0,40.833333333333336,19.16,5.166666666666667,5.166666666666667,36.785375,-119.77311833333331,29.1,1,26
2025-06-24 09:30:00,1750782301.0,26.83333333333333,34.5,28.968333333333334,7.666666666666667,7.666666666666667,36.78538816666667,-119.77313483333334,38.5,1,26
2025-06-24 10:30:00,1750785901.0,28.83333333333333,31.33333333333333,40.67783333333333,8.0,8.333333333333334,36.7854175,-119.77308033333334,47.6,1,26
2025-06-24 11:30:00,1750789501.0,30.666666666666668,28.0,51.167,8.666666666666666,9.0,36.785369333333335,-119.773116,56.3,1,26
2025-06-24 12:30:00,1750793101.0,32.5,24.5,57.352,7.333333333333333,7.5,36.7853795,-119.77310816666666,57.9,1,26
2025-06-24 13:30:00,1750796701.0,33.333333333333336,22.0,52.03900000000001,4.666666666666667,4.833333333333333,36.785408,-119.772887,50.1,1,26
2025-06-24 14:30:00,1750800301.0,34.333333333333336,19.666666666666668,52.4075,3.5,3.8333333333333335,36.7853915,-119.77301816666666,49.4,1,26
2025-06-24 15:30:00,1750803901.0,34.5,19.166666666666668,54.22916666666666,3.0,3.1666666666666665,36.78539266666667,-119.77308033333333,49.0,1,26
2025-06-24 16:30:00,1750807501.0,35.0,17.333333333333332,55.86566666666667,2.0,2.1666666666666665,36.78538833333334,-119.7731145,49.6,1,26
2025-06-24 17:30:00,1750811101.0,34.666666666666664,17.5,57.53266666666667,2.333333333333333,2.6666666666666665,36.785418666666665,-119.77312733333332,50.6,1,26
2025-06-24 18:30:00,1750814701.0,33.666666666666664,16.666666666666668,54.95216666666667,2.1666666666666665,2.1666666666666665,36.785476,-119.773239,47.8,1,26
2025-06-24 19:30:00,1750818301.0,32.5,18.166666666666668,51.6595,1.8333333333333333,1.8333333333333333,36.78535333333333,-119.77310666666666,44.5,1,26
2025-06-24 20:30:00,1750821901.0,30.166666666666668,23.5,45.11333333333334,2.1666666666666665,2.333333333333333,36.78539466666667,-119.77312233333332,41.5,1,26
2025-06-24 21:30:00,1750825501.0,28.166666666666668,32.333333333333336,40.455000000000005,3.6666666666666665,4.166666666666667,36.785411833333335,-119.773094,39.9,1,26
2025-06-24 22:30:00,1750829101.0,26.166666666666668,39.333333333333336,38.686,4.666666666666667,5.0,36.785372,-119.77308783333336,38.5,1,26
2025-06-24 23:30:00,1750832701.0,24.5,40.333333333333336,35.408166666666666,5.166666666666667,5.166666666666667,36.78543866666666,-119.77305333333334,34.4,1,26
2025-06-25 00:30:00,1750836301.0,22.83333333333333,44.66666666666666,28.7735,5.5,5.833333333333333,36.78540233333333,-119.77312833333332,29.3,1,26
2025-06-25 01:30:00,1750839901.0,21.33333333333333,50.0,23.5675,6.0,6.166666666666667,36.78542566666666,-119.7731005,25.9,1,26
2025-06-25 02:30:00,1750843501.0,20.33333333333333,53.833333333333336,19.544,6.0,6.0,36.78543033333333,-119.7730915,23.5,1,26
2025-06-25 03:30:00,1750847101.0,19.166666666666668,59.0,11.711999999999998,7.166666666666667,7.5,36.78537,-119.77312366666666,18.1,1,26
2025-06-25 08:30:00,1750865101.0,21.83333333333333,47.0,16.941333333333333,7.333333333333333,7.666666666666667,36.7853755,-119.7731705,24.1,1,26
2025-06-25 09:30:00,1750868701.0,24.666666666666668,40.66666666666666,24.4435,7.166666666666667,7.833333333333333,36.7853455,-119.7731425,32.6,1,26
2025-06-25 10:30:00,1750872301.0,27.33333333333333,35.666666666666664,33.87583333333333,8.0,8.0,36.78535983333333,-119.7730715,40.4,1,26
2025-06-25 11:30:00,1750875901.0,30.0,31.0,42.24066666666667,7.5,7.833333333333333,36.78542083333333,-119.77313866666668,46.1,1,26
2025-06-25 12:30:00,1750879501.0,32.666666666666664,25.33333333333333,46.195166666666665,6.166666666666667,6.166666666666667,36.785424,-119.77308766666664,48.3,1,26
2025-06-25 13:30:00,1750883101.0,34.0,21.83333333333333,52.17216666666667,6.0,6.5,36.78539133333334,-119.773127,51.8,1,26
2025-06-25 14:30:00,1750886701.0,35.166666666666664,20.0,55.449000000000005,5.333333333333333,5.333333333333333,36.785357,-119.773131,53.1,1,26
2025-06-25 15:30:00,1750890301.0,35.5,17.833333333333332,58.310833333333335,5.0,5.0,36.78539633333333,-119.77311216666664,54.1,1,26
2025-06-25 16:30:00,1750893901.0,35.833333333333336,19.166666666666668,58.372166666666665,5.0,5.166666666666667,36.78535333333333,-119.77309933333332,54.8,1,26
2025-06-25 17:30:00,1750897501.0,35.833333333333336,19.0,60.93083333333334,5.666666666666667,5.833333333333333,36.785388833333336,-119.7730965,56.8,1,26
2025-06-25 18:30:00,1750901101.0,35.5,18.666666666666668,60.77666666666667,5.0,5.0,36.785397,-119.77312583333332,57.2,1,26
2025-06-25 19:30:00,1750904701.0,34.166666666666664,18.33333333333333,60.0075,3.8333333333333335,4.0,36.78543483333333,-119.77314883333334,54.2,1,26
2025-06-25 20:30:00,1750908301.0,31.666666666666668,21.33333333333333,56.56816666666666,4.666666666666667,4.833333333333333,36.7854055,-119.77312366666666,51.8,1,26
2025-06-25 21:30:00,1750911901.0,29.5,29.0,51.44883333333333,5.5,5.666666666666667,36.785393,-119.77309433333332,50.6,1,26
2025-06-25 22:30:00,1750915501.0,28.0,32.833333333333336,52.42116666666666,6.333333333333333,6.666666666666667,36.78538966666667,-119.77315916666667,50.0,1,26
2025-06-25 23:30:00,1750919101.0,26.0,41.66666666666666,39.9475,7.833333333333333,8.333333333333334,36.785387166666666,-119.77311966666667,40.3,1,26
2025-06-26 00:30:00,1750922701.0,24.33333333333333,44.333333333333336,29.895,8.5,9.5,36.78543,-119.77313133333332,33.3,1,26
2025-06-26 01:30:00,1750926301.0,23.166666666666668,40.66666666666666,27.826833333333337,9.0,9.833333333333334,36.78542383333333,-119.77311083333332,30.6,1,26
2025-06-26 02:30:00,1750929901.0,22.33333333333333,41.333333333333336,26.055833333333336,9.0,9.833333333333334,36.785356,-119.77313633333334,28.6,1,26
2025-06-26 03:30:00,1750933501.0,21.166666666666668,45.333333333333336,21.5405,9.166666666666666,9.666666666666666,36.78534883333333,-119.7730865,26.2,1,26
2025-06-26 04:30:00,1750937101.0,20.166666666666668,49.16666666666666,17.5455,9.0,9.666666666666666,36.785342,-119.77309933333332,24.6,1,26
2025-06-26 06:30:00,1750944301.0,19.83333333333333,51.5,12.841833333333334,10.0,10.5,36.78536916666666,-119.77311216666668,22.4,1,26
2025-06-26 07:30:00,1750947901.0,21.666666666666668,47.833333333333336,19.40833333333333,9.333333333333334,9.833333333333334,36.7853475,-119.77301,25.1,1,26
2025-06-26 08:30:00,1750951501.0,24.5,41.66666666666666,24.724,8.5,9.0,36.785373666666665,-119.77308933333336,31.1,1,26
2025-06-26 09:30:00,1750955101.0,27.166666666666668,35.5,35.577333333333335,9.0,9.333333333333334,36.785431333333335,-119.7731195,41.5,1,26
2025-06-26 10:30:00,1750958701.0,29.5,31.5,44.36383333333333,9.0,9.5,36.78537216666667,-119.77311816666666,48.7,1,26
2025-06-26 11:30:00,1750962301.0,31.666666666666668,27.5,47.355500000000006,7.333333333333333,7.666666666666667,36.78539716666666,-119.7731285,50.6,1,26
2025-06-26 12:30:00,1750965901.0,33.5,23.666666666666668,52.82183333333333,7.0,7.0,36.78539716666666,-119.77313716666669,53.7,1,26
2025-06-26 13:30:00,1750969501.0,35.666666666666664,18.666666666666668,57.78033333333334,5.5,5.666666666666667,36.78540066666667,-119.77313250000002,56.0,1,26
2025-06-26 14:30:00,1750973101.0,37.16666666666666,15.333333333333334,60.270833333333336,4.333333333333333,4.666666666666667,36.78539716666667,-119.77315916666667,56.9,1,26
2025-06-26 15:30:00,1750976701.0,37.66666666666666,16.166666666666668,61.37866666666667,4.0,4.166666666666667,36.78536116666667,-119.7731235,58.1,1,26
2025-06-26 16:30:00,1750980301.0,37.0,16.833333333333332,61.58833333333333,3.8333333333333335,4.0,36.78539966666667,-119.773122,59.0,1,26
2025-06-26 17:30:00,1750983901.0,36.833333333333336,15.5,58.251,6.166666666666667,6.666666666666667,36.7854805,-119.77306383333332,54.1,1,26
2025-06-26 18:30:00,1750987501.0,35.666666666666664,18.5,56.64183333333333,13.5,14.166666666666666,36.78542133333333,-119.77311083333332,53.4,1,26
2025-06-26 19:30:00,1750991101.0,34.166666666666664,22.166666666666668,54.27483333333333,7.166666666666667,7.5,36.78542316666667,-119.77312366666666,51.7,1,26
2025-06-26 20:30:00,1750994701.0,31.666666666666668,28.0,49.95366666666666,5.666666666666667,6.0,36.785408833333335,-119.77313866666668,50.2,1,26
2025-06-26 21:30:00,1750998301.0,29.5,32.5,49.28083333333333,5.833333333333333,6.5,36.78540916666667,-119.77313733333334,49.0,1,26
2025-06-26 22:30:00,1751001901.0,27.83333333333333,36.833333333333336,45.012,6.0,6.166666666666667,36.78541383333333,-119.77315516666664,46.4,1,26
2025-06-26 23:30:00,1751005501.0,26.666666666666668,40.5,43.86483333333334,6.0,6.5,36.785488,-119.77313383333336,44.6,1,26
2025-06-27 00:30:00,1751009101.0,24.83333333333333,48.66666666666666,29.4135,8.0,8.166666666666666,36.785388833333336,-119.7731425,33.8,1,26
2025-06-27 01:30:00,1751012701.0,24.0,50.0,24.45683333333333,7.666666666666667,8.166666666666666,36.785448333333335,-119.773168,29.7,1,26
2025-06-27 02:30:00,1751016301.0,22.666666666666668,52.0,21.1355,6.166666666666667,6.5,36.785389,-119.77304583333334,26.1,1,26
2025-06-27 03:30:00,1751019901.0,21.33333333333333,56.66666666666666,13.1775,6.5,7.166666666666667,36.78543733333333,-119.77305483333332,21.2,1,26
2025-06-27 08:30:00,1751037901.0,25.33333333333333,43.5,20.3045,8.166666666666666,8.333333333333334,36.78538583333333,-119.77312866666666,31.2,1,26
2025-06-27 09:30:00,1751041501.0,28.0,35.5,32.805166666666665,9.0,9.333333333333334,36.78539716666667,-119.77310166666666,41.2,1,26
2025-06-27 10:30:00,1751045101.0,30.33333333333333,30.5,46.158166666666666,9.0,10.0,36.78539283333333,-119.77312583333332,53.1,1,26
2025-06-27 11:30:00,1751048701.0,33.166666666666664,26.5,57.20766666666666,9.666666666666666,10.333333333333334,36.78535933333333,-119.77306116666666,63.3,1,26
2025-06-27 12:30:00,1751052301.0,35.333333333333336,23.33333333333333,58.52283333333333,9.166666666666666,9.333333333333334,36.78537816666667,-119.77310183333331,63.4,1,26
2025-06-27 13:30:00,1751055901.0,36.833333333333336,20.33333333333333,53.80516666666667,7.0,7.0,36.78539166666667,-119.77311183333332,56.7,1,26
2025-06-27 14:30:00,1751059501.0,38.0,19.83333333333333,59.71033333333333,8.0,8.166666666666666,36.78539216666667,-119.7731285,63.1,1,26
2025-06-27 15:30:00,1751063101.0,38.333333333333336,17.5,63.2685,7.0,7.5,36.785427166666665,-119.77310316666669,63.9,1,26
2025-06-27 16:30:00,1751066701.0,38.833333333333336,17.833333333333332,63.19383333333334,6.0,6.666666666666667,36.7854435,-119.77309683333333,63.2,1,26
2025-06-27 17:30:00,1751070301.0,38.16666666666666,17.333333333333332,63.00716666666667,13.833333333333334,14.0,36.785432666666665,-119.77311466666669,63.4,1,26
2025-06-27 18:30:00,1751073901.0,37.66666666666666,20.33333333333333,59.386500000000005,9.333333333333334,9.5,36.7854155,-119.7731195,60.1,1,26
2025-06-27 19:30:00,1751077501.0,36.16666666666666,20.666666666666668,55.464333333333336,5.0,5.0,36.78536716666667,-119.7731385,55.1,1,26
2025-06-27 20:30:00,1751081101.0,34.0,24.83333333333333,52.47666666666667,5.333333333333333,5.666666666666667,36.785366,-119.77313866666668,53.4,1,26
2025-06-27 21:30:00,1751084701.0,32.333333333333336,28.5,45.684333333333335,10.0,10.666666666666666,36.785382,-119.7731555,49.5,1,26
2025-06-27 22:30:00,1751088301.0,30.83333333333333,30.0,43.70216666666667,5.166666666666667,5.333333333333333,36.78536483333334,-119.773126,47.3,1,26
2025-06-27 23:30:00,1751091901.0,29.0,35.166666666666664,39.69883333333333,6.333333333333333,6.833333333333333,36.785410500000005,-119.7731235,43.3,1,26
2025-06-28 00:30:00,1751095501.0,27.166666666666668,42.66666666666666,29.1585,7.833333333333333,8.333333333333334,36.78540983333333,-119.77314883333332,36.2,1,26
2025-06-28 01:30:00,1751099101.0,25.666666666666668,47.0,25.043000000000003,7.166666666666667,7.833333333333333,36.78539766666666,-119.7730765,32.8,1,26
2025-06-28 02:30:00,1751102701.0,24.33333333333333,51.833333333333336,17.648166666666665,7.333333333333333,7.5,36.7853875,-119.77308133333334,27.7,1,26
2025-06-28 03:30:00,1751106301.0,23.0,55.0,11.699166666666663,9.333333333333334,9.666666666666666,36.7854895,-119.77307533333334,22.4,1,26
2025-06-28 08:30:00,1751124301.0,27.33333333333333,44.333333333333336,14.616166666666668,27.166666666666668,28.0,36.785389,-119.77313366666664,30.9,1,26
2025-06-28 09:30:00,1751127901.0,29.666666666666668,38.5,30.797666666666668,22.666666666666668,23.5,36.785416833333336,-119.77311333333334,43.0,1,26
2025-06-28 10:30:00,1751131501.0,32.0,34.5,44.85416666666666,21.5,22.166666666666668,36.78537633333333,-119.7730765,55.6,1,26
2025-06-28 11:30:00,1751135101.0,34.333333333333336,30.166666666666668,59.621,20.33333333333333,20.5,36.78543083333333,-119.77313733333334,71.8,1,26
2025-06-28 12:30:00,1751138701.0,36.66666666666666,25.83333333333333,73.49083333333333,19.166666666666668,19.33333333333333,36.78539033333333,-119.77311716666668,82.6,1,26
2025-06-28 13:30:00,1751142301.0,38.16666666666666,22.33333333333333,66.30766666666666,12.5,12.833333333333334,36.7854405,-119.77311333333334,71.8,1,26
2025-06-28 14:30:00,1751145901.0,39.0,19.83333333333333,61.22216666666667,7.333333333333333,7.333333333333333,36.78539766666666,-119.77312466666666,63.0,1,26
2025-06-28 15:30:00,1751149501.0,39.5,16.833333333333332,60.931,5.5,5.833333333333333,36.7854235,-119.77314883333334,60.3,1,26
2025-06-28 16:30:00,1751153101.0,40.0,17.166666666666668,62.82683333333333,6.166666666666667,6.666666666666667,36.78539416666667,-119.77315533333332,63.4,1,26
2025-06-28 17:30:00,1751156701.0,39.66666666666666,16.0,63.69766666666666,6.5,7.166666666666667,36.78538266666666,-119.77315649999998,63.9,1,26
2025-06-28 18:30:00,1751160301.0,39.333333333333336,15.333333333333334,64.25283333333333,6.5,6.666666666666667,36.78536433333333,-119.77312216666668,62.7,1,26
2025-06-28 19:30:00,1751163901.0,37.66666666666666,18.666666666666668,60.772333333333336,6.0,6.333333333333333,36.78536866666666,-119.7731365,60.0,1,26
2025-06-28 20:30:00,1751167501.0,35.0,23.666666666666668,54.6975,7.333333333333333,7.5,36.785403,-119.77314116666666,56.2,1,26
2025-06-28 21:30:00,1751171101.0,33.0,30.0,52.64216666666667,7.666666666666667,7.833333333333333,36.78538433333333,-119.77311566666668,56.0,1,26
2025-06-28 22:30:00,1751174701.0,31.5,33.0,50.91933333333333,8.0,8.0,36.78536166666667,-119.77311216666668,53.4,1,26
2025-06-28 23:30:00,1751178301.0,29.666666666666668,39.66666666666666,38.3535,8.333333333333334,8.666666666666666,36.785438,-119.7731145,42.4,1,26
2025-06-29 00:30:00,1751181901.0,27.33333333333333,41.833333333333336,28.409,6.833333333333333,7.333333333333333,36.78535733333333,-119.77308016666666,34.7,1,26
2025-06-29 01:30:00,1751185501.0,26.666666666666668,41.333333333333336,27.322166666666664,6.166666666666667,6.333333333333333,36.78542366666667,-119.77310316666666,32.6,1,26
2025-06-29 02:30:00,1751189101.0,25.166666666666668,44.333333333333336,22.19633333333333,7.0,7.333333333333333,36.785405,-119.77309816666668,28.3,1,26
2025-06-29 03:30:00,1751192701.0,24.0,48.0,16.416666666666668,7.666666666666667,8.166666666666666,36.785446,-119.77311566666668,25.0,1,26
2025-06-29 04:30:00,1751196301.0,23.0,50.833333333333336,11.661833333333334,9.166666666666666,9.833333333333334,36.7853895,-119.77317683333332,22.9,1,26
2025-06-29 08:30:00,1751210701.0,26.166666666666668,48.0,12.6405,21.666666666666668,22.0,36.78543666666667,-119.77315266666666,28.2,1,26
2025-06-29 09:30:00,1751214301.0,29.0,38.66666666666666,29.04233333333333,13.5,13.666666666666666,36.78542083333333,-119.77314116666668,39.7,1,26
2025-06-29 10:30:00,1751217901.0,31.166666666666668,35.5,41.07566666666667,13.5,13.833333333333334,36.78539033333333,-119.77311816666668,49.9,1,26
2025-06-29 11:30:00,1751221501.0,33.5,31.666666666666668,50.9785,12.666666666666666,13.333333333333334,36.7854335,-119.77314866666666,59.9,1,26
2025-06-29 12:30:00,1751225101.0,35.5,27.5,60.08016666666666,12.0,12.166666666666666,36.78541616666666,-119.7730725,66.1,1,26
2025-06-29 13:30:00,1751228701.0,36.833333333333336,25.666666666666668,56.666,10.666666666666666,11.166666666666666,36.78541066666667,-119.77313633333334,61.9,1,26
2025-06-29 14:30:00,1751232301.0,37.833333333333336,23.166666666666668,54.865,8.0,8.333333333333334,36.78543483333333,-119.77316133333332,58.8,1,26
2025-06-29 15:30:00,1751235901.0,38.66666666666666,21.83333333333333,58.26533333333333,7.333333333333333,7.666666666666667,36.785417,-119.7731945,61.2,1,26
2025-06-29 16:30:00,1751239501.0,39.0,19.666666666666668,56.64983333333333,5.5,5.5,36.78537,-119.77314366666668,58.8,1,26
2025-06-29 17:30:00,1751243101.0,39.0,19.166666666666668,60.68716666666666,6.0,6.0,36.785342666666665,-119.773103,62.0,1,26
2025-06-29 18:30:00,1751246701.0,38.5,18.33333333333333,62.337,5.833333333333333,6.166666666666667,36.78542383333333,-119.77311566666668,62.6,1,26
2025-06-29 19:30:00,1751250301.0,36.833333333333336,19.5,58.14483333333334,5.5,5.833333333333333,36.7854005,-119.77307766666668,57.0,1,26
2025-06-29 20:30:00,1751253901.0,34.0,25.5,51.33983333333333,5.5,5.666666666666667,36.78540483333333,-119.77312716666668,51.4,1,26
2025-06-29 21:30:00,1751257501.0,32.333333333333336,29.5,47.759166666666665,5.5,5.666666666666667,36.78542816666667,-119.773079,48.2,1,26
2025-06-29 22:30:00,1751261101.0,30.83333333333333,30.0,49.749,6.333333333333333,6.666666666666667,36.78541483333333,-119.7731615,49.4,1,26
2025-06-29 23:30:00,1751264701.0,29.5,29.166666666666668,44.413,5.333333333333333,5.666666666666667,36.785412,-119.77311466666669,44.6,1,26
2025-06-30 00:30:00,1751268301.0,27.83333333333333,27.83333333333333,43.088,3.8333333333333335,4.0,36.7853935,-119.77315533333332,42.6,1,27
2025-06-30 01:30:00,1751271901.0,26.0,30.83333333333333,35.791000000000004,3.6666666666666665,4.0,36.785527,-119.77310183333331,36.2,1,27
2025-06-30 02:30:00,1751275501.0,24.166666666666668,33.666666666666664,29.377166666666668,6.333333333333333,6.5,36.785444,-119.77318183333334,31.8,1,27
2025-06-30 03:30:00,1751279101.0,23.33333333333333,35.166666666666664,24.347,5.5,6.0,36.7853815,-119.7731005,29.4,1,27
2025-06-30 04:30:00,1751282701.0,22.5,37.66666666666666,16.825,6.666666666666667,7.166666666666667,36.78533266666667,-119.773108,24.2,1,27
2025-06-30 08:30:00,1751297101.0,27.0,32.833333333333336,21.965333333333334,6.0,6.5,36.7853565,-119.77311233333334,32.6,1,27
2025-06-30 09:30:00,1751300701.0,30.0,26.166666666666668,37.126666666666665,5.5,5.666666666666667,36.78539033333333,-119.773107,42.6,1,27
2025-06-30 10:30:00,1751304301.0,32.833333333333336,21.0,47.834333333333326,5.0,5.333333333333333,36.7853935,-119.77309933333332,50.0,1,27
2025-06-30 11:30:00,1751307901.0,34.666666666666664,18.83333333333333,57.79716666666667,5.666666666666667,5.833333333333333,36.785423,-119.773159,59.0,1,27
2025-06-30 12:30:00,1751311501.0,35.833333333333336,17.833333333333332,59.992333333333335,5.5,5.666666666666667,36.785418166666666,-119.77309666666667,59.3,1,27
2025-06-30 13:30:00,1751315101.0,37.0,17.0,58.308166666666665,5.0,5.0,36.7853125,-119.77319966666666,57.3,1,27
2025-06-30 14:30:00,1751318701.0,37.5,19.33333333333333,60.06433333333334,5.666666666666667,5.833333333333333,36.78531516666667,-119.77333066666668,60.0,1,27
2025-06-30 15:30:00,1751322301.0,38.16666666666666,18.5,62.23783333333333,6.0,6.0,36.785383333333336,-119.773107,62.7,1,27
2025-06-30 16:30:00,1751325901.0,39.0,17.166666666666668,66.2115,6.833333333333333,7.0,36.785391,-119.7730955,65.3,1,27
2025-06-30 17:30:00,1751329501.0,39.0,17.833333333333332,64.28416666666668,8.333333333333334,8.666666666666666,36.785424,-119.77313466666668,64.4,1,27
2025-06-30 18:30:00,1751333101.0,38.333333333333336,18.33333333333333,64.35033333333332,7.666666666666667,8.0,36.78533483333333,-119.77308183333334,62.8,1,27
2025-06-30 19:30:00,1751336701.0,36.5,19.33333333333333,60.02316666666667,5.5,5.833333333333333,36.785359166666666,-119.77311083333332,57.3,1,27
2025-06-30 20:30:00,1751340301.0,33.666666666666664,21.33333333333333,61.775666666666666,5.5,6.0,36.7854005,-119.77313633333334,59.1,1,27
2025-06-30 21:30:00,1751343901.0,31.666666666666668,25.83333333333333,58.17633333333333,5.166666666666667,5.5,36.785380833333335,-119.77314116666666,57.3,1,27
2025-06-30 22:30:00,1751347501.0,30.0,30.0,51.94283333333333,4.666666666666667,5.0,36.785410000000006,-119.77317683333332,52.8,1,27
2025-06-30 23:30:00,1751351101.0,28.5,30.83333333333333,43.5245,3.8333333333333335,4.0,36.785403333333335,-119.77312983333331,44.6,1,27
2025-07-01 00:30:00,1751354701.0,27.0,34.0,36.16483333333333,3.5,3.8333333333333335,36.78538533333333,-119.77315766666668,38.2,1,27
2025-07-01 01:30:00,1751358301.0,25.5,36.5,31.923,3.8333333333333335,3.8333333333333335,36.78534133333333,-119.773141,34.5,1,27
2025-07-01 02:30:00,1751361901.0,24.5,38.5,26.955666666666666,3.6666666666666665,3.6666666666666665,36.785399,-119.77310433333334,31.3,1,27
2025-07-01 03:30:00,1751365501.0,22.83333333333333,42.66666666666666,20.727166666666665,4.333333333333333,4.5,36.78535216666666,-119.77303833333332,27.5,1,27
2025-07-01 08:30:00,1751383501.0,26.166666666666668,37.66666666666666,17.721500000000002,8.0,8.0,36.78540216666666,-119.77316816666666,32.5,1,27
2025-07-01 09:30:00,1751387101.0,28.666666666666668,33.333333333333336,28.259500000000003,9.5,9.5,36.785403,-119.77313466666668,41.7,1,27
2025-07-01 10:30:00,1751390701.0,30.83333333333333,29.83333333333333,34.267833333333336,8.666666666666666,8.833333333333334,36.78538583333333,-119.77311566666668,48.3,1,27
2025-07-01 11:30:00,1751394301.0,33.666666666666664,21.83333333333333,52.51983333333333,6.0,6.0,36.78542766666667,-119.77316033333334,58.3,1,27
2025-07-01 12:30:00,1751397901.0,35.166666666666664,19.5,58.61083333333334,6.0,6.0,36.78542033333333,-119.77308783333332,60.1,1,27
2025-07-01 13:30:00,1751401501.0,36.16666666666666,20.166666666666668,59.3555,6.333333333333333,6.666666666666667,36.78538066666667,-119.7730865,60.9,1,27
2025-07-01 14:30:00,1751405101.0,37.0,20.0,57.78633333333334,6.5,6.666666666666667,36.785401,-119.77311683333336,57.9,1,27
2025-07-01 15:30:00,1751408701.0,37.5,21.33333333333333,55.38566666666666,7.666666666666667,7.833333333333333,36.7853965,-119.77310066666666,58.1,1,27
2025-07-01 16:30:00,1751412301.0,37.66666666666666,21.5,57.840833333333336,7.333333333333333,7.5,36.785352,-119.773075,58.6,1,27
2025-07-01 17:30:00,1751415901.0,37.833333333333336,22.83333333333333,61.8375,9.0,9.166666666666666,36.785449666666665,-119.77309533333334,63.0,1,27
2025-07-01 18:30:00,1751419501.0,37.16666666666666,22.83333333333333,63.68983333333333,8.833333333333334,8.833333333333334,36.7854015,-119.77315516666664,62.7,1,27
2025-07-01 19:30:00,1751423101.0,36.16666666666666,22.166666666666668,57.8105,6.333333333333333,6.333333333333333,36.785432666666665,-119.773177,55.4,1,27
2025-07-01 20:30:00,1751426701.0,33.666666666666664,24.83333333333333,55.87866666666667,6.5,6.833333333333333,36.7854035,-119.77312483333333,53.0,1,27
2025-07-01 21:30:00,1751430301.0,32.0,26.666666666666668,52.98883333333333,6.166666666666667,6.333333333333333,36.78538183333333,-119.77312983333331,51.3,1,27
2025-07-01 22:30:00,1751433901.0,30.5,29.33333333333333,48.744166666666665,6.833333333333333,7.0,36.7853635,-119.773103,48.1,1,27
2025-07-01 23:30:00,1751437501.0,29.0,29.33333333333333,46.417,6.833333333333333,7.333333333333333,36.785415666666665,-119.77308283333332,45.5,1,27
2025-07-02 00:30:00,1751441101.0,28.5,28.83333333333333,46.6215,7.0,7.166666666666667,36.78546216666667,-119.773088,44.5,1,27
2025-07-02 01:30:00,1751444701.0,27.166666666666668,32.333333333333336,41.73433333333333,8.0,8.0,36.785347,-119.773103,41.0,1,27
2025-07-02 02:30:00,1751448301.0,25.5,37.66666666666666,33.780166666666666,7.5,8.166666666666666,36.78543666666666,-119.77311816666668,35.2,1,27
2025-07-02 03:30:00,1751451901.0,23.33333333333333,46.0,19.62066666666667,9.666666666666666,10.0,36.785436,-119.7731095,27.4,1,27
2025-07-02 04:30:00,1751455800.857143,22.857142857142858,47.71428571428572,16.630714285714287,9.857142857142858,10.142857142857142,36.78538942857143,-119.773154,25.8,1,27
2025-07-02 06:30:00,1751463300.0,22.166666666666668,49.5,10.845666666666666,11.166666666666666,11.5,36.78539333333333,-119.773173,22.1,1,27
2025-07-02 07:30:00,1751466900.0,24.0,43.66666666666666,15.672666666666666,10.333333333333334,10.666666666666666,36.78537566666667,-119.7731755,25.5,1,27
2025-07-02 08:30:00,1751470500.0,27.5,35.5,25.959833333333336,9.833333333333334,10.0,36.7854285,-119.77315783333334,34.1,1,27
2025-07-02 09:30:00,1751474100.0,30.33333333333333,31.666666666666668,34.352,9.833333333333334,9.833333333333334,36.785411,-119.77313733333334,42.8,1,27
2025-10-21 14:30:00,1761082500.0,31.33333333333333,31.33333333333333,45.64183333333333,14.333333333333334,15.0,36.13903616666666,-120.3683575,70.5,0,43
2025-10-21 15:30:00,1761086100.0,31.5,30.666666666666668,46.95483333333333,14.166666666666666,15.0,36.139011833333335,-120.368366,69.60833333333333,0,43
2025-10-21 16:30:00,1761089700.0,31.166666666666668,31.33333333333333,45.803666666666665,13.333333333333334,13.666666666666666,36.13904316666667,-120.3683305,69.8,0,43
2025-10-21 17:30:00,1761093300.0,27.5,37.66666666666666,45.2375,14.666666666666666,15.0,36.139080166666666,-120.368342,66.32727272727273,0,43
2025-10-21 18:30:00,1761096900.0,24.0,48.0,36.2475,68.33333333333333,69.5,36.13904883333333,-120.368243,54.225,0,43
2025-10-21 19:30:00,1761100500.0,22.0,54.5,28.0985,66.16666666666667,67.5,36.138993,-120.36825183333332,41.333333333333336,0,43
2025-10-21 20:30:00,1761104100.0,21.83333333333333,55.333333333333336,26.768,45.0,45.833333333333336,36.1390165,-120.36836866666664,39.03333333333333,0,43
2025-10-21 21:30:00,1761107700.0,21.83333333333333,54.0,30.3055,29.5,30.0,36.13900816666666,-120.36839416666668,41.975,0,43
2025-10-21 22:30:00,1761111300.0,22.0,40.0,37.92083333333333,8.166666666666666,8.666666666666666,36.139012,-120.3683215,44.43333333333334,0,43
2025-10-21 23:30:00,1761114900.0,20.666666666666668,46.333333333333336,33.93933333333333,7.666666666666667,8.0,36.13899716666666,-120.368379,42.6,0,43
2025-10-22 00:30:00,1761118500.0,19.666666666666668,48.16666666666666,32.1095,8.833333333333334,9.0,36.139031,-120.368342,39.675000000000004,0,43
2025-10-22 01:30:00,1761122100.0,19.666666666666668,42.66666666666666,34.7655,4.666666666666667,4.666666666666667,36.13911433333333,-120.36836866666664,40.541666666666664,0,43
2025-10-22 02:30:00,1761125700.0,18.33333333333333,47.833333333333336,28.93133333333333,4.5,4.666666666666667,36.13909083333333,-120.36838433333334,34.708333333333336,0,43
2025-10-22 03:30:00,1761128100.0,18.0,43.5,33.379000000000005,3.5,3.5,36.1390225,-120.3683665,38.75833333333333,0,43
2025-10-22 10:30:00,1761154800.0,16.0,52.0,17.778200000000002,26.2,27.2,36.1389382,-120.3683152,28.75,0,43
2025-10-22 11:30:00,1761158100.0,19.5,64.83333333333333,22.01683333333333,19.0,19.83333333333333,36.13905266666666,-120.36823266666666,29.025000000000002,0,43
2025-10-22 12:30:00,1761161700.0,18.5,66.5,23.489833333333333,14.166666666666666,15.0,36.13902866666667,-120.36834466666666,29.56153846153846,0,43
2025-10-22 13:30:00,1761165300.0,20.83333333333333,60.0,25.2125,16.166666666666668,16.666666666666668,36.13899283333333,-120.36829516666668,31.29,0,43
2025-10-22 14:30:00,1761168900.0,23.0,53.5,26.9815,14.166666666666666,14.833333333333334,36.13903233333333,-120.36830783333332,33.958333333333336,0,43
2025-10-22 15:30:00,1761172500.0,23.33333333333333,50.5,28.104166666666668,13.833333333333334,14.333333333333334,36.1390325,-120.36830383333334,36.15833333333333,0,43
2025-10-22 16:30:00,1761176100.0,21.83333333333333,51.66666666666666,30.356166666666667,8.0,8.5,36.139073,-120.36843483333332,37.425,0,43
2025-10-22 17:30:00,1761179700.0,21.0,0.0,29.877166666666668,4.5,4.666666666666667,36.139041166666665,-120.3684225,35.81818181818182,0,43
2025-10-22 18:30:00,1761183300.0,21.0,0.0,24.062833333333334,6.5,6.833333333333333,36.1389065,-120.36838533333334,25.791666666666668,0,43
2025-10-22 19:30:00,1761186900.0,21.0,0.0,23.158,7.333333333333333,7.5,36.139118833333335,-120.36839533333334,25.508333333333336,0,43
2025-10-22 20:30:00,1761190500.0,21.0,0.0,16.408666666666665,14.5,15.333333333333334,36.1390175,-120.36837266666667,18.991666666666667,0,43
2025-10-22 21:30:00,1761193500.0,21.0,0.0,12.3135,14.5,15.25,36.1390515,-120.3683875,11.066666666666668,0,43
2025-10-23 11:30:00,1761245101.0,25.0,47.0,14.1085,10.5,11.0,36.1390175,-120.368351,35.40833333333333,0,43
2025-10-23 12:30:00,1761247501.0,24.0,48.16666666666666,28.216166666666663,10.166666666666666,10.666666666666666,36.138981666666666,-120.36835866666668,38.86666666666667,0,43
2025-10-23 13:30:00,1761251101.0,25.83333333333333,43.16666666666666,31.120166666666663,6.333333333333333,6.5,36.139026,-120.368384,41.599999999999994,0,43
2025-10-23 14:30:00,1761254701.0,26.33333333333333,42.0,32.157833333333336,6.5,7.333333333333333,36.13898783333334,-120.36831916666668,42.55833333333333,0,43
2025-10-23 15:30:00,1761258301.0,25.666666666666668,43.833333333333336,33.38883333333333,7.5,7.833333333333333,36.13898583333334,-120.3683345,43.61666666666667,0,43
2025-10-23 16:30:00,1761260401.0,25.0,44.0,33.709,8.0,8.0,36.13908,-120.368439,44.975,0,43
2025-10-23 18:30:00,1761270300.0,0.0,0.0,21.233,10.0,10.5,36.138918,-120.368374,34.00833333333333,0,43
2025-10-24 09:30:00,1761324301.0,20.0,64.0,14.8555,18.0,19.0,36.139017,-120.368343,27.65,0,43
2025-10-24 10:30:00,1761326701.0,23.5,51.5,26.470333333333333,11.166666666666666,11.666666666666666,36.138978,-120.368318,37.675,0,43
2025-10-24 11:30:00,1761330301.0,25.666666666666668,44.66666666666666,31.16483333333333,8.833333333333334,9.5,36.1390495,-120.36835466666666,40.09166666666667,0,43
2025-10-24 12:30:00,1761333901.0,27.666666666666668,40.833333333333336,32.20783333333333,8.0,8.333333333333334,36.138982166666665,-120.368369,43.791666666666664,0,43
2025-10-24 13:30:00,1761337501.0,28.666666666666668,38.5,33.268,10.833333333333334,10.833333333333334,36.138984666666666,-120.3683065,46.89166666666667,0,43
2025-10-24 14:30:00,1761341101.0,29.33333333333333,36.0,34.83016666666666,10.333333333333334,10.5,36.13899833333333,-120.36832183333333,48.315384615384616,0,43
2025-10-24 15:30:00,1761344701.0,29.0,36.16666666666666,35.653166666666664,9.666666666666666,10.166666666666666,36.13898983333333,-120.3683535,48.7,0,43
2025-10-24 16:30:00,1761348301.0,27.83333333333333,38.833333333333336,36.41116666666667,12.166666666666666,12.5,36.13904133333333,-120.36831683333334,49.85833333333333,0,43
2025-10-24 17:30:00,1761351901.0,24.666666666666668,45.833333333333336,37.72283333333333,16.833333333333332,17.833333333333332,36.138996,-120.3683345,50.041666666666664,0,43
2025-10-24 18:30:00,1761355501.0,21.33333333333333,55.833333333333336,29.02116666666667,16.666666666666668,17.333333333333332,36.13903866666666,-120.36836383333332,36.28333333333334,0,43
2025-10-24 19:30:00,1761359101.0,18.166666666666668,64.83333333333333,17.1125,16.5,17.333333333333332,36.138974,-120.3682925,20.283333333333335,0,43
2025-10-24 20:30:00,1761362701.0,17.666666666666668,66.83333333333333,22.414,21.166666666666668,22.166666666666668,36.13902633333333,-120.3683625,29.13333333333333,0,43
2025-10-24 21:30:00,1761366301.0,16.833333333333332,68.33333333333333,26.56233333333333,23.5,24.666666666666668,36.138911,-120.36832433333332,31.463636363636365,0,43
2025-10-24 22:30:00,1761369901.0,15.5,72.5,20.768666666666665,26.166666666666668,27.166666666666668,36.13904183333333,-120.36842983333334,26.933333333333334,0,43
2025-10-24 23:30:00,1761373501.0,14.0,78.33333333333333,16.346833333333333,21.33333333333333,22.166666666666668,36.13903283333333,-120.36831266666668,16.616666666666667,0,43
2025-10-25 00:30:00,1761377101.0,13.0,82.33333333333333,11.101666666666668,24.5,25.5,36.138976500000005,-120.36834983333334,9.983333333333333,0,43
2025-10-25 01:30:00,1761380701.0,12.333333333333334,83.83333333333333,10.203166666666666,29.5,30.666666666666668,36.13900433333333,-120.36831933333332,9.933333333333334,0,43
2025-10-25 02:30:00,1761384301.0,11.666666666666666,85.16666666666667,11.456,28.166666666666668,29.166666666666668,36.13903416666667,-120.36840433333332,9.416666666666666,0,43
2025-10-25 03:30:00,1761387901.0,11.333333333333334,86.83333333333333,11.839333333333334,31.666666666666668,32.833333333333336,36.13896883333333,-120.368356,10.266666666666667,0,43
2025-10-25 04:30:00,1761391501.0,12.166666666666666,85.16666666666667,15.341500000000002,28.33333333333333,29.5,36.139072500000005,-120.36836383333332,16.445454545454545,0,43
2025-10-25 05:30:00,1761395101.0,11.333333333333334,87.0,14.493833333333331,26.83333333333333,28.0,36.13900183333333,-120.368365,13.725,0,43
2025-10-25 09:30:00,1761411300.0,20.0,62.5,18.971,27.5,28.5,36.1389885,-120.368416,30.266666666666666,0,43
2025-10-25 10:30:00,1761413700.0,23.166666666666668,52.333333333333336,28.24416666666667,22.33333333333333,23.0,36.13896483333333,-120.36833333333334,39.018181818181816,0,43
2025-10-25 11:30:00,1761417300.0,24.666666666666668,49.16666666666666,31.0745,21.5,22.33333333333333,36.1390235,-120.36837133333334,41.074999999999996,0,43
2025-10-25 12:30:00,1761420900.0,26.33333333333333,46.0,32.663000000000004,23.83333333333333,24.83333333333333,36.13900633333333,-120.36828333333334,46.0,0,43
2025-10-25 13:30:00,1761424500.0,27.83333333333333,38.66666666666666,34.95733333333333,16.166666666666668,16.5,36.139019,-120.36835616666669,48.38333333333333,0,43
2025-10-25 14:30:00,1761428100.0,26.33333333333333,43.16666666666666,36.0955,19.0,19.5,36.139022833333335,-120.36837133333334,49.05833333333334,0,43
2025-10-25 15:30:00,1761431700.0,25.0,44.333333333333336,35.851166666666664,25.5,26.33333333333333,36.13901533333333,-120.36831266666668,47.85,0,43
2025-10-25 16:30:00,1761435300.0,25.0,42.333333333333336,35.52133333333333,15.333333333333334,15.833333333333334,36.139066,-120.368332,45.199999999999996,0,43
2025-10-25 17:30:00,1761438900.0,22.5,49.0,34.91166666666667,11.5,12.0,36.13903616666666,-120.36830766666668,43.763636363636365,0,43
2025-10-25 18:30:00,1761442500.0,20.166666666666668,60.0,29.489,15.333333333333334,15.833333333333334,36.13903366666667,-120.36835216666668,37.449999999999996,0,43
2025-10-25 19:30:00,1761446100.0,18.5,67.16666666666667,24.756,17.0,17.5,36.13905533333334,-120.368286,29.900000000000002,0,43
2025-10-25 20:30:00,1761449700.0,17.666666666666668,68.83333333333333,24.4765,19.166666666666668,20.166666666666668,36.139041166666665,-120.36833316666667,28.0,0,43
2025-10-25 21:30:00,1761453300.0,16.0,74.66666666666667,18.872666666666664,16.333333333333332,17.333333333333332,36.13901466666667,-120.3683765,21.40833333333333,0,43
2025-10-25 22:30:00,1761456900.0,14.333333333333334,79.5,15.2995,13.5,14.166666666666666,36.13902216666667,-120.36836116666666,16.400000000000002,0,43
2025-10-25 23:30:00,1761460200.0,14.0,81.8,15.6,17.4,18.4,36.1390068,-120.368312,17.581818181818182,0,43
2025-10-26 10:30:00,1761500401.0,22.666666666666668,53.66666666666666,20.045,7.666666666666667,7.666666666666667,36.13897333333333,-120.36836533333332,30.291666666666668,0,43
2025-10-26 11:30:00,1761503101.0,25.0,46.66666666666666,26.1245,4.0,4.0,36.1390145,-120.36850483333336,34.13333333333333,0,43
2025-10-26 12:30:00,1761506701.0,27.0,41.833333333333336,27.44183333333333,4.0,4.0,36.13913466666667,-120.36849983333332,36.372727272727275,0,43
2025-10-26 13:30:00,1761510301.0,28.33333333333333,39.5,27.947166666666664,3.333333333333333,3.5,36.13898033333333,-120.36826966666666,37.333333333333336,0,43
2025-10-26 14:30:00,1761513901.0,28.666666666666668,38.333333333333336,27.85633333333333,3.1666666666666665,3.6666666666666665,36.1390115,-120.3683395,37.31666666666667,0,43
2025-10-26 15:30:00,1761517201.0,28.4,38.0,29.0108,2.6,2.6,36.1389334,-120.3683258,37.708333333333336,0,43
2025-10-26 16:30:00,1761520951.0,25.5,43.5,30.82825,2.5,2.75,36.1390055,-120.36828825,39.199999999999996,0,43
2025-10-26 17:30:00,1761525301.0,23.0,48.75,30.2375,3.25,3.25,36.13897325,-120.36841025,38.449999999999996,0,43
2025-10-26 18:30:00,1761528121.0,20.8,56.0,23.134,5.4,5.6,36.1390274,-120.368317,28.754545454545454,0,43
2025-10-26 19:30:00,1761532201.0,18.5,63.0,16.97,6.0,6.5,36.1390115,-120.368374,19.783333333333335,0,43
2025-10-26 20:30:00,1761535501.0,17.833333333333332,65.16666666666667,15.7855,6.833333333333333,7.333333333333333,36.13899216666667,-120.368337,19.025000000000002,0,43
2025-10-26 21:30:00,1761539101.0,16.5,68.66666666666667,19.829833333333333,4.833333333333333,5.166666666666667,36.13899666666666,-120.36834216666666,22.34166666666667,0,43
2025-10-26 22:30:00,1761542701.0,15.666666666666666,71.5,19.462333333333333,4.833333333333333,4.833333333333333,36.13899366666667,-120.36837116666668,21.45,0,43
2025-10-26 23:30:00,1761546301.0,15.166666666666666,73.16666666666667,19.55033333333333,4.833333333333333,5.0,36.13906466666666,-120.3683675,20.291666666666668,0,43
2025-10-27 11:30:00,1761591300.0,22.5,44.5,20.4865,0.0,0.0,36.1390515,-120.368378,30.90833333333333,0,44
2025-10-27 12:30:00,1761593700.0,23.5,45.5,26.697,0.0,0.0,36.1390825,-120.36833416666668,33.22727272727273,0,44
2025-10-27 13:30:00,1761597300.0,24.0,45.5,27.560666666666663,0.0,0.0,36.13900183333333,-120.36837633333332,33.25833333333333,0,44
2025-10-27 14:30:00,1761600900.0,22.666666666666668,49.16666666666666,27.62283333333333,0.6666666666666666,0.6666666666666666,36.139047,-120.36832566666664,33.55833333333333,0,44
2025-10-27 15:30:00,1761604560.0,21.4,53.8,26.7832,2.0,2.0,36.1389998,-120.3682464,31.583333333333332,0,44
2025-10-27 16:30:00,1761608100.0,19.0,60.66666666666666,26.613166666666668,5.166666666666667,5.333333333333333,36.13897333333333,-120.3682925,30.258333333333336,0,44
2025-10-27 17:30:00,1761611700.0,17.166666666666668,67.5,26.281666666666663,7.0,7.166666666666667,36.139022,-120.36834583333332,29.566666666666666,0,44
2025-10-27 18:30:00,1761615300.0,15.333333333333334,74.16666666666667,22.3445,9.0,9.166666666666666,36.139023,-120.36833966666666,24.633333333333336,0,44
2025-10-27 19:30:00,1761618900.0,15.0,76.83333333333333,22.090666666666667,11.0,11.0,36.138984666666666,-120.368276,24.19090909090909,0,44
2025-10-27 20:30:00,1761622500.0,15.0,77.0,21.85766666666667,12.0,12.333333333333334,36.138949,-120.36825666666664,23.425,0,44
2025-10-27 21:30:00,1761626100.0,14.166666666666666,78.33333333333333,20.002333333333333,13.5,14.0,36.139073,-120.36813866666668,22.275000000000002,0,44
2025-10-27 22:30:00,1761629700.0,12.0,84.5,15.0155,14.0,14.666666666666666,36.139061833333336,-120.368295,15.158333333333333,0,44
2025-10-27 23:30:00,1761633300.0,10.333333333333334,87.0,12.359,15.5,16.333333333333332,36.13904133333333,-120.36825683333336,11.174999999999999,0,44
2025-10-28 00:30:00,1761636900.0,10.0,89.5,11.6885,18.166666666666668,19.0,36.13900116666667,-120.36829766666666,9.816666666666668,0,44
2025-10-28 01:30:00,1761640500.0,9.0,89.33333333333333,11.465333333333334,19.83333333333333,20.5,36.139026666666666,-120.36835866666668,9.736363636363636,0,44
2025-10-28 02:30:00,1761644100.0,9.0,90.66666666666669,11.838166666666666,22.33333333333333,23.166666666666668,36.13906833333333,-120.36835,10.191666666666666,0,44
2025-10-28 03:30:00,1761647700.0,9.0,91.0,11.472166666666666,22.166666666666668,23.33333333333333,36.1391225,-120.36834583333332,9.483333333333333,0,44
2025-10-28 11:30:00,1761674701.0,22.5,44.0,23.373,1.5,1.5,36.139015,-120.368355,33.125,0,44
2025-10-28 13:30:00,1761684300.0,26.5,37.0,25.95275,3.0,3.5,36.13904975,-120.3683665,37.24545454545454,0,44
2025-10-28 14:30:00,1761687300.0,26.83333333333333,36.0,30.375,4.666666666666667,4.833333333333333,36.13905,-120.36831533333331,39.358333333333334,0,44
2025-10-28 15:30:00,1761690900.0,26.83333333333333,35.666666666666664,32.03633333333333,3.0,3.1666666666666665,36.139084,-120.36837016666668,40.71666666666667,0,44
2025-10-28 16:30:00,1761694500.0,25.666666666666668,38.5,32.733333333333334,3.0,3.0,36.139087,-120.36841316666668,41.625,0,44
2025-10-28 17:30:00,1761698100.0,21.83333333333333,47.5,30.93283333333333,3.8333333333333335,4.0,36.13902716666667,-120.36822133333334,40.11666666666667,0,44
2025-10-28 18:30:00,1761700200.0,20.0,53.0,27.724,7.0,7.0,36.139076,-120.36821,28.241666666666664,0,44
2025-10-29 10:30:00,1761759300.0,24.0,39.66666666666666,23.087,3.8333333333333335,4.0,36.1389795,-120.36840316666668,32.775,0,44
2025-10-29 11:30:00,1761762300.0,25.0,37.0,30.1185,5.0,5.5,36.1390745,-120.368313,37.1,0,44
2025-10-29 13:30:00,1761771000.0,30.666666666666668,27.666666666666668,29.143666666666665,3.0,3.0,36.139026666666666,-120.36835,44.0,0,44
2025-10-29 14:30:00,1761773640.0,30.6,28.0,33.800799999999995,7.2,7.4,36.1390436,-120.3683456,47.06666666666666,0,44
2025-10-29 15:30:00,1761777300.0,29.166666666666668,31.166666666666668,36.07516666666667,10.166666666666666,10.5,36.13907866666667,-120.3683995,50.30833333333334,0,44
2025-10-29 16:30:00,1761780900.0,27.33333333333333,34.0,37.05616666666666,9.5,9.833333333333334,36.1390585,-120.368332,50.83,0,44
2025-10-29 17:30:00,1761784200.0,23.8,42.2,35.528200000000005,10.4,10.6,36.1390534,-120.3683074,48.074999999999996,0,44
2025-10-30 10:30:00,1761845700.0,26.0,36.66666666666666,25.246166666666667,6.333333333333333,6.5,36.13905266666666,-120.3683865,35.85,0,44
2025-10-30 11:30:00,1761849300.0,29.0,32.5,32.5565,7.0,7.0,36.139094166666666,-120.3683725,43.31818181818182,0,44
2025-10-30 12:30:00,1761852900.0,30.5,30.0,35.23733333333333,6.0,6.0,36.138980333333336,-120.36831783333334,47.083333333333336,0,44
2025-10-30 13:30:00,1761855600.0,32.333333333333336,25.666666666666668,35.28366666666667,5.333333333333333,5.333333333333333,36.13910533333333,-120.36838266666666,49.975,0,44
2025-10-30 15:30:00,1761864900.0,31.5,28.0,34.102000000000004,7.5,8.0,36.1389335,-120.368366,53.583333333333336,0,44
2025-10-30 16:30:00,1761867300.0,29.33333333333333,32.166666666666664,39.559,10.333333333333334,10.333333333333334,36.13903683333333,-120.368361,55.699999999999996,0,44
2025-10-30 17:30:00,1761870900.0,25.5,39.833333333333336,39.36783333333333,13.166666666666666,13.333333333333334,36.1389935,-120.36838533333334,54.583333333333336,0,44
2025-10-31 08:30:00,1761925501.0,14.0,74.0,16.6235,29.5,30.5,36.13908,-120.368366,16.383333333333333,0,44
2025-10-31 09:30:00,1761927901.0,18.5,59.16666666666666,24.9,21.33333333333333,22.0,36.13906733333334,-120.36835633333334,31.71666666666667,0,44
2025-10-31 10:30:00,1761931501.0,23.83333333333333,45.66666666666666,28.57766666666667,17.333333333333332,17.333333333333332,36.1390125,-120.36833933333332,37.975,0,44
2025-10-31 11:30:00,1761935101.0,26.33333333333333,42.16666666666666,29.0475,17.5,18.0,36.139004166666666,-120.3682925,39.97777777777778,0,44
2025-10-31 12:30:00,1761938701.0,27.83333333333333,40.333333333333336,30.3015,19.83333333333333,20.5,36.13904183333333,-120.36833833333333,43.03333333333333,0,44
2025-10-31 13:30:00,1761942301.0,28.166666666666668,38.833333333333336,33.28733333333333,17.833333333333332,18.166666666666668,36.13911,-120.36839533333334,45.96363636363637,0,44
2025-10-31 14:30:00,1761945901.0,29.33333333333333,36.0,34.472166666666666,13.833333333333334,14.333333333333334,36.13901,-120.36835216666668,49.00833333333333,0,44
2025-10-31 15:30:00,1761949501.0,29.83333333333333,34.5,35.14266666666666,12.0,12.0,36.138989333333335,-120.36835333333332,48.98333333333333,0,44
2025-10-31 16:30:00,1761953101.0,28.33333333333333,36.0,38.0365,13.166666666666666,13.833333333333334,36.13903233333333,-120.36836,51.72222222222222,0,44
2025-10-31 17:30:00,1761956701.0,25.0,42.16666666666666,36.589,14.5,14.666666666666666,36.139024,-120.36839933333331,48.65,0,44
2025-10-31 18:30:00,1761960301.0,22.33333333333333,48.333333333333336,32.809666666666665,19.0,19.33333333333333,36.1389705,-120.36840566666666,42.675,0,44
2025-10-31 19:30:00,1761963901.0,20.33333333333333,53.66666666666666,30.73883333333333,22.5,23.5,36.13899216666667,-120.36848466666667,,0,44
2025-10-31 20:30:00,1761966301.0,18.5,61.5,23.867,25.0,26.0,36.1389425,-120.3684155,27.8,0,44
2025-11-02 09:30:00,1762105501.0,26.5,37.0,21.2265,12.5,12.5,36.139059,-120.3683895,42.44166666666667,0,44
2025-11-02 10:30:00,1762107841.0,26.6,37.2,31.7682,10.6,10.8,36.1390556,-120.3683576,45.04545454545455,0,44
2025-11-02 11:30:00,1762111501.0,27.33333333333333,34.166666666666664,34.57333333333333,8.166666666666666,8.166666666666666,36.13904316666667,-120.36837266666667,45.791666666666664,0,44
2025-11-02 12:30:00,1762115101.0,29.5,28.5,35.3395,6.5,6.5,36.13906716666667,-120.368262,46.699999999999996,0,44
2025-11-02 13:30:00,1762118701.0,28.33333333333333,31.666666666666668,34.690333333333335,8.333333333333334,8.333333333333334,36.139111166666666,-120.36824033333332,46.88333333333333,0,44
2025-11-02 14:30:00,1762122301.0,29.33333333333333,31.166666666666668,34.517833333333336,7.833333333333333,7.833333333333333,36.13907733333333,-120.368286,47.50833333333333,0,44
2025-11-02 15:30:00,1762125901.0,27.0,34.333333333333336,34.65866666666667,8.833333333333334,9.166666666666666,36.1390285,-120.36834583333332,48.94166666666666,0,44
2025-11-02 16:30:00,1762129501.0,24.0,39.333333333333336,31.2985,9.5,9.833333333333334,36.1389325,-120.36837383333334,43.35833333333333,0,44
2025-11-02 17:30:00,1762133101.0,19.83333333333333,51.333333333333336,22.58533333333333,10.333333333333334,10.666666666666666,36.1390545,-120.368351,26.954545454545453,0,44
2025-11-02 18:30:00,1762136701.0,16.666666666666668,57.66666666666666,17.268,12.833333333333334,13.333333333333334,36.139176,-120.36849716666669,20.775000000000002,0,44
2025-11-03 09:30:00,1762190701.0,25.166666666666668,34.666666666666664,25.934833333333334,5.5,5.833333333333333,36.13907683333333,-120.36835083333334,36.72,0,45
2025-11-03 10:30:00,1762194301.0,28.5,31.33333333333333,34.737,8.166666666666666,8.166666666666666,36.13910533333333,-120.36834716666664,44.86666666666667,0,45
2025-11-03 11:30:00,1762197901.0,30.83333333333333,27.0,35.039833333333334,6.833333333333333,6.833333333333333,36.13895033333333,-120.36827983333336,45.9,0,45
2025-11-03 12:30:00,1762201501.0,31.83333333333333,27.666666666666668,37.005500000000005,10.0,10.0,36.1390045,-120.36833433333334,52.14166666666667,0,45
2025-11-03 13:30:00,1762204201.0,32.666666666666664,26.0,36.599,9.0,9.0,36.13902766666667,-120.36823033333332,51.10833333333333,0,45
2025-11-03 14:30:00,1762210800.0,31.0,25.0,31.271,10.0,10.0,36.139103,-120.368393,51.199999999999996,0,45
2025-11-03 15:30:00,1762212900.0,29.33333333333333,28.166666666666668,38.87283333333333,10.5,10.833333333333334,36.13903233333333,-120.3683775,52.208333333333336,0,45
2025-11-03 16:30:00,1762216500.0,25.166666666666668,37.66666666666666,38.868833333333335,15.0,15.5,36.1389325,-120.3683675,52.15,0,45
2025-11-04 08:30:00,1762274401.0,17.666666666666668,57.66666666666666,17.397666666666666,28.0,28.666666666666668,24.09267566666667,-80.24556233333334,29.474999999999998,0,45
2025-11-04 09:30:00,1762277101.0,22.0,43.16666666666666,27.97883333333333,8.333333333333334,8.333333333333334,36.13909866666666,-120.36837766666667,33.699999999999996,0,45
2025-11-04 10:30:00,1762280701.0,24.33333333333333,39.5,30.814166666666665,6.0,6.166666666666667,36.13904016666667,-120.36832066666666,36.56666666666667,0,45
2025-11-04 11:30:00,1762284301.0,26.666666666666668,37.333333333333336,30.206166666666665,3.6666666666666665,3.8333333333333335,36.13898916666667,-120.36829616666668,37.800000000000004,0,45
2025-11-04 12:30:00,1762287301.0,28.25,35.75,30.4345,4.5,4.75,36.13902575,-120.36845175,40.958333333333336,0,45
2025-11-04 14:30:00,1762297200.0,30.0,31.0,20.552,6.0,6.0,36.138992,-120.368309,46.39166666666667,0,45
2025-11-04 15:30:00,1762299300.0,27.83333333333333,32.333333333333336,35.38,5.0,5.0,36.139063666666665,-120.36831816666668,46.199999999999996,0,45
2025-11-04 16:30:00,1762302600.0,24.8,23.4,45.9358,1.4,1.8,36.1390458,-120.3683608,46.666666666666664,0,45
