site,date,start_hour,time,value,variable,units,quality,prelim,name 
3781,6/3/2025,0,1:30 AM,28.9,OZONE,Parts Per Billion ( ppb ),0,y,Fresno-Garland                           
3781,6/3/2025,1,2:30 AM,28.9,OZONE,Parts Per Billion ( ppb ),0,y,Fresno-Garland                           
3781,6/3/2025,2,3:30 AM,28.4,OZONE,Parts Per Billion ( ppb ),0,y,Fresno-Garland                           
3781,6/3/2025,3,4:30 AM,27.9,OZONE,Parts Per Billion ( ppb ),0,y,Fresno-Garland                           
3781,6/3/2025,5,6:30 AM,24.3,OZONE,Parts Per Billion ( ppb ),0,y,Fresno-Garland                           
3781,6/3/2025,6,7:30 AM,25.6,OZONE,Parts Per Billion ( ppb ),0,y,Fresno-Garland                           
3781,6/3/2025,7,8:30 AM,34.5,OZONE,Parts Per Billion ( ppb ),0,y,Fresno-Garland                           
3781,6/3/2025,8,9:30 AM,42.1,OZONE,Parts Per Billion ( ppb ),0,y,Fresno-Garland                           
3781,6/3/2025,9,10:30 AM,44.5,OZONE,Parts Per Billion ( ppb ),0,y,Fresno-Garland                           
3781,6/3/2025,10,11:30 AM,45.2,OZONE,Parts Per Billion ( ppb ),0,y,Fresno-Garland                           
3781,6/3/2025,11,12:30 PM,47.6,OZONE,Parts Per Billion ( ppb ),0,y,Fresno-Garland                           
3781,6/3/2025,12,1:30 PM,48.1,OZONE,Parts Per Billion ( ppb ),0,y,Fresno-Garland                           
3781,6/3/2025,13,2:30 PM,50.9,OZONE,Parts Per Billion ( ppb ),0,y,Fresno-Garland                           
3781,6/3/2025,14,3:30 PM,54.3,OZONE,Parts Per Billion ( ppb ),0,y,Fresno-Garland                           
3781,6/3/2025,15,4:30 PM,56.4,OZONE,Parts Per Billion ( ppb ),0,y,Fresno-Garland                           
3781,6/3/2025,16,5:30 PM,58.8,OZONE,Parts Per Billion ( ppb ),0,y,Fresno-Garland                           
3781,6/3/2025,17,6:30 PM,58.8,OZONE,Parts Per Billion ( ppb ),0,y,Fresno-Garland                           
3781,6/3/2025,18,7:30 PM,56.2,OZONE,Parts Per Billion ( ppb ),0,y,Fresno-Garland                           
3781,6/3/2025,19,8:30 PM,55.1,OZONE,Parts Per Billion ( ppb ),0,y,Fresno-Garland                           
3781,6/3/2025,20,9:30 PM,52.7,OZONE,Parts Per Billion ( ppb ),0,y,Fresno-Garland                           
3781,6/3/2025,21,10:30 PM,49,OZONE,Parts Per Billion ( ppb ),0,y,Fresno-Garland                           
3781,6/3/2025,22,11:30 PM,45.2,OZONE,Parts Per Billion ( ppb ),0,y,Fresno-Garland                           
3781,6/4/2025,23,12:30 AM,35.5,OZONE,Parts Per Billion ( ppb ),0,y,Fresno-Garland                           
3781,6/4/2025,0,1:30 AM,33.2,OZONE,Parts Per Billion ( ppb ),0,y,Fresno-Garland                           
3781,6/4/2025,1,2:30 AM,25.4,OZONE,Parts Per Billion ( ppb ),0,y,Fresno-Garland                           
3781,6/4/2025,2,3:30 AM,20.8,OZONE,Parts Per Billion ( ppb ),0,y,Fresno-Garland                           
3781,6/4/2025,3,4:30 AM,19.6,OZONE,Parts Per Billion ( ppb ),0,y,Fresno-Garland                           
3781,6/4/2025,5,6:30 AM,15.7,OZONE,Parts Per Billion ( ppb ),0,y,Fresno-Garland                           
3781,6/4/2025,7,8:30 AM,33.4,OZONE,Parts Per Billion ( ppb ),0,y,Fresno-Garland                           
3781,6/4/2025,8,9:30 AM,40.1,OZONE,Parts Per Billion ( ppb ),0,y,Fresno-Garland                           
3781,6/4/2025,9,10:30 AM,44.1,OZONE,Parts Per Billion ( ppb ),0,y,Fresno-Garland                           
3781,6/4/2025,10,11:30 AM,48.8,OZONE,Parts Per Billion ( ppb ),0,y,Fresno-Garland                           
3781,6/4/2025,11,12:30 PM,53.1,OZONE,Parts Per Billion ( ppb ),0,y,Fresno-Garland                           
3781,6/4/2025,12,1:30 PM,56.7,OZONE,Parts Per Billion ( ppb ),0,y,Fresno-Garland                           
3781,6/4/2025,13,2:30 PM,55.1,OZONE,Parts Per Billion ( ppb ),0,y,Fresno-Garland                           
3781,6/4/2025,14,3:30 PM,57.6,OZONE,Parts Per Billion ( ppb ),0,y,Fresno-Garland                           
3781,6/4/2025,15,4:30 PM,59.4,OZONE,Parts Per Billion ( ppb ),0,y,Fresno-Garland                           
3781,6/4/2025,16,5:30 PM,55.3,OZONE,Parts Per Billion ( ppb ),0,y,Fresno-Garland                           
3781,6/4/2025,17,6:30 PM,56.6,OZONE,Parts Per Billion ( ppb ),0,y,Fresno-Garland                           
3781,6/4/2025,18,7:30 PM,54.1,OZONE,Parts Per Billion ( ppb ),0,y,Fresno-Garland                           
3781,6/4/2025,19,8:30 PM,50,OZONE,Parts Per Billion ( ppb ),0,y,Fresno-Garland                           
3781,6/4/2025,20,9:30 PM,43.3,OZONE,Parts Per Billion ( ppb ),0,y,Fresno-Garland                           
3781,6/4/2025,21,10:30 PM,39.1,OZONE,Parts Per Billion ( ppb ),0,y,Fresno-Garland                           
3781,6/4/2025,22,11:30 PM,37.6,OZONE,Parts Per Billion ( ppb ),0,y,Fresno-Garland                           
3781,6/5/2025,23,12:30 AM,33.4,OZONE,Parts Per Billion ( ppb ),0,y,Fresno-Garland                           
3781,6/5/2025,0,1:30 AM,29.3,OZONE,Parts Per Billion ( ppb ),0,y,Fresno-Garland                           
3781,6/5/2025,1,2:30 AM,26.4,OZONE,Parts Per Billion ( ppb ),0,y,Fresno-Garland                           
3781,6/5/2025,2,3:30 AM,25.7,OZONE,Parts Per Billion ( ppb ),0,y,Fresno-Garland                           
3781,6/5/2025,3,4:30 AM,24,OZONE,Parts Per Billion ( ppb ),0,y,Fresno-Garland                           
3781,6/5/2025,5,6:30 AM,20.5,OZONE,Parts Per Billion ( ppb ),0,y,Fresno-Garland                           
3781,6/5/2025,6,7:30 AM,23.5,OZONE,Parts Per Billion ( ppb ),0,y,Fresno-Garland                           
3781,6/5/2025,7,8:30 AM,27.3,OZONE,Parts Per Billion ( ppb ),0,y,Fresno-Garland                           
3781,6/5/2025,8,9:30 AM,35.9,OZONE,Parts Per Billion ( ppb ),0,y,Fresno-Garland                           
3781,6/5/2025,9,10:30 AM,41.6,OZONE,Parts Per Billion ( ppb ),0,y,Fresno-Garland                           
3781,6/5/2025,10,11:30 AM,44.5,OZONE,Parts Per Billion ( ppb ),0,y,Fresno-Garland                           
3781,6/5/2025,11,12:30 PM,49.4,OZONE,Parts Per Billion ( ppb ),0,y,Fresno-Garland                           
3781,6/5/2025,12,1:30 PM,50.4,OZONE,Parts Per Billion ( ppb ),0,y,Fresno-Garland                           
3781,6/5/2025,13,2:30 PM,51,OZONE,Parts Per Billion ( ppb ),0,y,Fresno-Garland                           
3781,6/5/2025,14,3:30 PM,52.2,OZONE,Parts Per Billion ( ppb ),0,y,Fresno-Garland                           
3781,6/5/2025,15,4:30 PM,53.7,OZONE,Parts Per Billion ( ppb ),0,y,Fresno-Garland                           
3781,6/5/2025,16,5:30 PM,56.1,OZONE,Parts Per Billion ( ppb ),0,y,Fresno-Garland                           
3781,6/5/2025,17,6:30 PM,56.7,OZONE,Parts Per Billion ( ppb ),0,y,Fresno-Garland                           
3781,6/5/2025,18,7:30 PM,56.8,OZONE,Parts Per Billion ( ppb ),0,y,Fresno-Garland                           
3781,6/5/2025,19,8:30 PM,53.5,OZONE,Parts Per Billion ( ppb ),0,y,Fresno-Garland                           
3781,6/5/2025,20,9:30 PM,35.6,OZONE,Parts Per Billion ( ppb ),0,y,Fresno-Garland                           
3781,6/5/2025,21,10:30 PM,34.4,OZONE,Parts Per Billion ( ppb ),0,y,Fresno-Garland                           
3781,6/5/2025,22,11:30 PM,32.6,OZONE,Parts Per Billion ( ppb ),0,y,Fresno-Garland                           
3781,6/6/2025,23,12:30 AM,27.6,OZONE,Parts Per Billion ( ppb ),0,y,Fresno-Garland                           
3781,6/6/2025,0,1:30 AM,23.8,OZONE,Parts Per Billion ( ppb ),0,y,Fresno-Garland                           
3781,6/6/2025,1,2:30 AM,21.5,OZONE,Parts Per Billion ( ppb ),0,y,Fresno-Garland                           
3781,6/6/2025,2,3:30 AM,21.2,OZONE,Parts Per Billion ( ppb ),0,y,Fresno-Garland                           
3781,6/6/2025,3,4:30 AM,21,OZONE,Parts Per Billion ( ppb ),0,y,Fresno-Garland                           
3781,6/6/2025,5,6:30 AM,18.1,OZONE,Parts Per Billion ( ppb ),0,y,Fresno-Garland                           
3781,6/6/2025,6,7:30 AM,19.3,OZONE,Parts Per Billion ( ppb ),0,y,Fresno-Garland                           
3781,6/6/2025,7,8:30 AM,20.4,OZONE,Parts Per Billion ( ppb ),0,y,Fresno-Garland                           
3781,6/6/2025,8,9:30 AM,26.9,OZONE,Parts Per Billion ( ppb ),0,y,Fresno-Garland                           
3781,6/6/2025,9,10:30 AM,36.3,OZONE,Parts Per Billion ( ppb ),0,y,Fresno-Garland                           
3781,6/6/2025,10,11:30 AM,48.4,OZONE,Parts Per Billion ( ppb ),0,y,Fresno-Garland                           
3781,6/6/2025,11,12:30 PM,56.5,OZONE,Parts Per Billion ( ppb ),0,y,Fresno-Garland                           
3781,6/6/2025,12,1:30 PM,55.9,OZONE,Parts Per Billion ( ppb ),0,y,Fresno-Garland                           
3781,6/6/2025,13,2:30 PM,56.6,OZONE,Parts Per Billion ( ppb ),0,y,Fresno-Garland                           
3781,6/6/2025,14,3:30 PM,54.4,OZONE,Parts Per Billion ( ppb ),0,y,Fresno-Garland                           
3781,6/6/2025,15,4:30 PM,53.6,OZONE,Parts Per Billion ( ppb ),0,y,Fresno-Garland                           
3781,6/6/2025,16,5:30 PM,50.5,OZONE,Parts Per Billion ( ppb ),0,y,Fresno-Garland                           
3781,6/6/2025,17,6:30 PM,44.9,OZONE,Parts Per Billion ( ppb ),0,y,Fresno-Garland                           
3781,6/6/2025,18,7:30 PM,44.6,OZONE,Parts Per Billion ( ppb ),0,y,Fresno-Garland                           
3781,6/6/2025,19,8:30 PM,41.7,OZONE,Parts Per Billion ( ppb ),0,y,Fresno-Garland                           
3781,6/6/2025,20,9:30 PM,40.4,OZONE,Parts Per Billion ( ppb ),0,y,Fresno-Garland                           
3781,6/6/2025,21,10:30 PM,40.6,OZONE,Parts Per Billion ( ppb ),0,y,Fresno-Garland                           
3781,6/6/2025,22,11:30 PM,40.6,OZONE,Parts Per Billion ( ppb ),0,y,Fresno-Garland                           
3781,6/7/2025,23,12:30 AM,33.1,OZONE,Parts Per Billion ( ppb ),0,y,Fresno-Garland                           
3781,6/7/2025,0,1:30 AM,27.6,OZONE,Parts Per Billion ( ppb ),0,y,Fresno-Garland                           
3781,6/7/2025,1,2:30 AM,24.9,OZONE,Parts Per Billion ( ppb ),0,y,Fresno-Garland                           
3781,6/7/2025,2,3:30 AM,24.7,OZONE,Parts Per Billion ( ppb ),0,y,Fresno-Garland                           
3781,6/7/2025,3,4:30 AM,23.1,OZONE,Parts Per Billion ( ppb ),0,y,Fresno-Garland                           
3781,6/7/2025,5,6:30 AM,16.2,OZONE,Parts Per Billion ( ppb ),0,y,Fresno-Garland                           
3781,6/7/2025,6,7:30 AM,21.5,OZONE,Parts Per Billion ( ppb ),0,y,Fresno-Garland                           
3781,6/7/2025,7,8:30 AM,27.7,OZONE,Parts Per Billion ( ppb ),0,y,Fresno-Garland                           
3781,6/7/2025,8,9:30 AM,37.4,OZONE,Parts Per Billion ( ppb ),0,y,Fresno-Garland                           
3781,6/7/2025,9,10:30 AM,48.1,OZONE,Parts Per Billion ( ppb ),0,y,Fresno-Garland                           
3781,6/7/2025,10,11:30 AM,57.2,OZONE,Parts Per Billion ( ppb ),0,y,Fresno-Garland                           
3781,6/7/2025,11,12:30 PM,60.8,OZONE,Parts Per Billion ( ppb ),0,y,Fresno-Garland                           
3781,6/7/2025,12,1:30 PM,55.2,OZONE,Parts Per Billion ( ppb ),0,y,Fresno-Garland                           
3781,6/7/2025,13,2:30 PM,51.8,OZONE,Parts Per Billion ( ppb ),0,y,Fresno-Garland                           
3781,6/7/2025,14,3:30 PM,52.3,OZONE,Parts Per Billion ( ppb ),0,y,Fresno-Garland                           
3781,6/7/2025,15,4:30 PM,57.3,OZONE,Parts Per Billion ( ppb ),0,y,Fresno-Garland                           
3781,6/7/2025,16,5:30 PM,55.2,OZONE,Parts Per Billion ( ppb ),0,y,Fresno-Garland                           
3781,6/7/2025,17,6:30 PM,50.1,OZONE,Parts Per Billion ( ppb ),0,y,Fresno-Garland                           
3781,6/7/2025,18,7:30 PM,48.4,OZONE,Parts Per Billion ( ppb ),0,y,Fresno-Garland                           
3781,6/7/2025,19,8:30 PM,45,OZONE,Parts Per Billion ( ppb ),0,y,Fresno-Garland                           
3781,6/7/2025,20,9:30 PM,42.4,OZONE,Parts Per Billion ( ppb ),0,y,Fresno-Garland                           
3781,6/7/2025,21,10:30 PM,39.1,OZONE,Parts Per Billion ( ppb ),0,y,Fresno-Garland                           
3781,6/7/2025,22,11:30 PM,34.8,OZONE,Parts Per Billion ( ppb ),0,y,Fresno-Garland                           
3781,6/8/2025,23,12:30 AM,33.6,OZONE,Parts Per Billion ( ppb ),0,y,Fresno-Garland                           
3781,6/8/2025,0,1:30 AM,30.3,OZONE,Parts Per Billion ( ppb ),0,y,Fresno-Garland                           
3781,6/8/2025,1,2:30 AM,26.2,OZONE,Parts Per Billion ( ppb ),0,y,Fresno-Garland                           
3781,6/8/2025,2,3:30 AM,23.3,OZONE,Parts Per Billion ( ppb ),0,y,Fresno-Garland                           
3781,6/8/2025,3,4:30 AM,21.4,OZONE,Parts Per Billion ( ppb ),0,y,Fresno-Garland                           
3781,6/8/2025,5,6:30 AM,21.3,OZONE,Parts Per Billion ( ppb ),0,y,Fresno-Garland                           
3781,6/8/2025,6,7:30 AM,24.9,OZONE,Parts Per Billion ( ppb ),0,y,Fresno-Garland                           
3781,6/8/2025,7,8:30 AM,28.8,OZONE,Parts Per Billion ( ppb ),0,y,Fresno-Garland                           
3781,6/8/2025,8,9:30 AM,32,OZONE,Parts Per Billion ( ppb ),0,y,Fresno-Garland                           
3781,6/8/2025,9,10:30 AM,36.3,OZONE,Parts Per Billion ( ppb ),0,y,Fresno-Garland                           
3781,6/8/2025,10,11:30 AM,40.5,OZONE,Parts Per Billion ( ppb ),0,y,Fresno-Garland                           
3781,6/8/2025,11,12:30 PM,43.5,OZONE,Parts Per Billion ( ppb ),0,y,Fresno-Garland                           
3781,6/8/2025,12,1:30 PM,45.4,OZONE,Parts Per Billion ( ppb ),0,y,Fresno-Garland                           
3781,6/8/2025,13,2:30 PM,47.4,OZONE,Parts Per Billion ( ppb ),0,y,Fresno-Garland                           
3781,6/8/2025,14,3:30 PM,48.7,OZONE,Parts Per Billion ( ppb ),0,y,Fresno-Garland                           
3781,6/8/2025,15,4:30 PM,52.9,OZONE,Parts Per Billion ( ppb ),0,y,Fresno-Garland                           
3781,6/8/2025,16,5:30 PM,55.9,OZONE,Parts Per Billion ( ppb ),0,y,Fresno-Garland                           
3781,6/8/2025,17,6:30 PM,54.7,OZONE,Parts Per Billion ( ppb ),0,y,Fresno-Garland                           
3781,6/8/2025,18,7:30 PM,48.2,OZONE,Parts Per Billion ( ppb ),0,y,Fresno-Garland                           
3781,6/8/2025,19,8:30 PM,44.1,OZONE,Parts Per Billion ( ppb ),0,y,Fresno-Garland                           
3781,6/8/2025,20,9:30 PM,40.8,OZONE,Parts Per Billion ( ppb ),0,y,Fresno-Garland                           
3781,6/8/2025,21,10:30 PM,37.5,OZONE,Parts Per Billion ( ppb ),0,y,Fresno-Garland                           
3781,6/8/2025,22,11:30 PM,32.1,OZONE,Parts Per Billion ( ppb ),0,y,Fresno-Garland                           
3781,6/9/2025,23,12:30 AM,25.5,OZONE,Parts Per Billion ( ppb ),0,y,Fresno-Garland                           
3781,6/9/2025,0,1:30 AM,22.3,OZONE,Parts Per Billion ( ppb ),0,y,Fresno-Garland                           
3781,6/9/2025,1,2:30 AM,21.3,OZONE,Parts Per Billion ( ppb ),0,y,Fresno-Garland                           
3781,6/9/2025,2,3:30 AM,20.4,OZONE,Parts Per Billion ( ppb ),0,y,Fresno-Garland                           
3781,6/9/2025,3,4:30 AM,18.8,OZONE,Parts Per Billion ( ppb ),0,y,Fresno-Garland                           
3781,6/9/2025,5,6:30 AM,15.7,OZONE,Parts Per Billion ( ppb ),0,y,Fresno-Garland                           
3781,6/9/2025,6,7:30 AM,19.4,OZONE,Parts Per Billion ( ppb ),0,y,Fresno-Garland                           
3781,6/9/2025,7,8:30 AM,27,OZONE,Parts Per Billion ( ppb ),0,y,Fresno-Garland                           
3781,6/9/2025,8,9:30 AM,33.7,OZONE,Parts Per Billion ( ppb ),0,y,Fresno-Garland                           
3781,6/9/2025,9,10:30 AM,42.9,OZONE,Parts Per Billion ( ppb ),0,y,Fresno-Garland                           
3781,6/9/2025,10,11:30 AM,46.9,OZONE,Parts Per Billion ( ppb ),0,y,Fresno-Garland                           
3781,6/9/2025,11,12:30 PM,47.5,OZONE,Parts Per Billion ( ppb ),0,y,Fresno-Garland                           
3781,6/9/2025,12,1:30 PM,48.4,OZONE,Parts Per Billion ( ppb ),0,y,Fresno-Garland                           
3781,6/9/2025,13,2:30 PM,50.9,OZONE,Parts Per Billion ( ppb ),0,y,Fresno-Garland                           
3781,6/9/2025,14,3:30 PM,51.4,OZONE,Parts Per Billion ( ppb ),0,y,Fresno-Garland                           
3781,6/9/2025,15,4:30 PM,51.3,OZONE,Parts Per Billion ( ppb ),0,y,Fresno-Garland                           
3781,6/9/2025,16,5:30 PM,52.7,OZONE,Parts Per Billion ( ppb ),0,y,Fresno-Garland                           
3781,6/9/2025,17,6:30 PM,57.2,OZONE,Parts Per Billion ( ppb ),0,y,Fresno-Garland                           
3781,6/9/2025,18,7:30 PM,59.3,OZONE,Parts Per Billion ( ppb ),0,y,Fresno-Garland                           
3781,6/9/2025,19,8:30 PM,49.3,OZONE,Parts Per Billion ( ppb ),0,y,Fresno-Garland                           
3781,6/9/2025,20,9:30 PM,49.2,OZONE,Parts Per Billion ( ppb ),0,y,Fresno-Garland                           
3781,6/9/2025,21,10:30 PM,43.1,OZONE,Parts Per Billion ( ppb ),0,y,Fresno-Garland                           
3781,6/9/2025,22,11:30 PM,34.2,OZONE,Parts Per Billion ( ppb ),0,y,Fresno-Garland                           
3781,6/10/2025,23,12:30 AM,29.8,OZONE,Parts Per Billion ( ppb ),0,y,Fresno-Garland                           
3781,6/10/2025,0,1:30 AM,25.3,OZONE,Parts Per Billion ( ppb ),0,y,Fresno-Garland                           
3781,6/10/2025,1,2:30 AM,22.1,OZONE,Parts Per Billion ( ppb ),0,y,Fresno-Garland                           
3781,6/10/2025,2,3:30 AM,18.8,OZONE,Parts Per Billion ( ppb ),0,y,Fresno-Garland                           
3781,6/10/2025,3,4:30 AM,17,OZONE,Parts Per Billion ( ppb ),0,y,Fresno-Garland                           
3781,6/10/2025,5,6:30 AM,12,OZONE,Parts Per Billion ( ppb ),0,y,Fresno-Garland                           
3781,6/10/2025,6,7:30 AM,16.5,OZONE,Parts Per Billion ( ppb ),0,y,Fresno-Garland                           
3781,6/10/2025,7,8:30 AM,24.8,OZONE,Parts Per Billion ( ppb ),0,y,Fresno-Garland                           
3781,6/10/2025,8,9:30 AM,32.6,OZONE,Parts Per Billion ( ppb ),0,y,Fresno-Garland                           
3781,6/10/2025,9,10:30 AM,44.4,OZONE,Parts Per Billion ( ppb ),0,y,Fresno-Garland                           
3781,6/10/2025,10,11:30 AM,47.9,OZONE,Parts Per Billion ( ppb ),0,y,Fresno-Garland                           
3781,6/10/2025,11,12:30 PM,53.2,OZONE,Parts Per Billion ( ppb ),0,y,Fresno-Garland                           
3781,6/10/2025,12,1:30 PM,56.1,OZONE,Parts Per Billion ( ppb ),0,y,Fresno-Garland                           
3781,6/10/2025,13,2:30 PM,54.4,OZONE,Parts Per Billion ( ppb ),0,y,Fresno-Garland                           
3781,6/10/2025,14,3:30 PM,52.2,OZONE,Parts Per Billion ( ppb ),0,y,Fresno-Garland                           
3781,6/10/2025,15,4:30 PM,51,OZONE,Parts Per Billion ( ppb ),0,y,Fresno-Garland                           
3781,6/10/2025,16,5:30 PM,52.5,OZONE,Parts Per Billion ( ppb ),0,y,Fresno-Garland                           
3781,6/10/2025,17,6:30 PM,46.3,OZONE,Parts Per Billion ( ppb ),0,y,Fresno-Garland                           
3781,6/10/2025,18,7:30 PM,43.7,OZONE,Parts Per Billion ( ppb ),0,y,Fresno-Garland                           
3781,6/10/2025,19,8:30 PM,46.3,OZONE,Parts Per Billion ( ppb ),0,y,Fresno-Garland                           
3781,6/10/2025,20,9:30 PM,45,OZONE,Parts Per Billion ( ppb ),0,y,Fresno-Garland                           
3781,6/10/2025,21,10:30 PM,41.2,OZONE,Parts Per Billion ( ppb ),0,y,Fresno-Garland                           
3781,6/10/2025,22,11:30 PM,31.2,OZONE,Parts Per Billion ( ppb ),0,y,Fresno-Garland                           
3781,6/11/2025,23,12:30 AM,26.9,OZONE,Parts Per Billion ( ppb ),0,y,Fresno-Garland                           
3781,6/11/2025,0,1:30 AM,24.1,OZONE,Parts Per Billion ( ppb ),0,y,Fresno-Garland                           
3781,6/11/2025,1,2:30 AM,23.2,OZONE,Parts Per Billion ( ppb ),0,y,Fresno-Garland                           
3781,6/11/2025,2,3:30 AM,22.4,OZONE,Parts Per Billion ( ppb ),0,y,Fresno-Garland                           
3781,6/11/2025,3,4:30 AM,21.1,OZONE,Parts Per Billion ( ppb ),0,y,Fresno-Garland                           
3781,6/11/2025,5,6:30 AM,20,OZONE,Parts Per Billion ( ppb ),0,y,Fresno-Garland                           
3781,6/11/2025,6,7:30 AM,20.9,OZONE,Parts Per Billion ( ppb ),0,y,Fresno-Garland                           
3781,6/11/2025,7,8:30 AM,30.8,OZONE,Parts Per Billion ( ppb ),0,y,Fresno-Garland                           
3781,6/11/2025,8,9:30 AM,36.8,OZONE,Parts Per Billion ( ppb ),0,y,Fresno-Garland                           
3781,6/11/2025,9,10:30 AM,41.1,OZONE,Parts Per Billion ( ppb ),0,y,Fresno-Garland                           
3781,6/11/2025,10,11:30 AM,44,OZONE,Parts Per Billion ( ppb ),0,y,Fresno-Garland                           
3781,6/11/2025,11,12:30 PM,45.8,OZONE,Parts Per Billion ( ppb ),0,y,Fresno-Garland                           
3781,6/11/2025,12,1:30 PM,45.7,OZONE,Parts Per Billion ( ppb ),0,y,Fresno-Garland                           
3781,6/11/2025,13,2:30 PM,47.9,OZONE,Parts Per Billion ( ppb ),0,y,Fresno-Garland                           
3781,6/11/2025,14,3:30 PM,50.8,OZONE,Parts Per Billion ( ppb ),0,y,Fresno-Garland                           
3781,6/11/2025,15,4:30 PM,51.8,OZONE,Parts Per Billion ( ppb ),0,y,Fresno-Garland                           
3781,6/11/2025,16,5:30 PM,50.4,OZONE,Parts Per Billion ( ppb ),0,y,Fresno-Garland                           
3781,6/11/2025,17,6:30 PM,48.5,OZONE,Parts Per Billion ( ppb ),0,y,Fresno-Garland                           
3781,6/11/2025,18,7:30 PM,46.7,OZONE,Parts Per Billion ( ppb ),0,y,Fresno-Garland                           
3781,6/11/2025,19,8:30 PM,44.2,OZONE,Parts Per Billion ( ppb ),0,y,Fresno-Garland                           
3781,6/11/2025,20,9:30 PM,44.5,OZONE,Parts Per Billion ( ppb ),0,y,Fresno-Garland                           
3781,6/11/2025,21,10:30 PM,41.5,OZONE,Parts Per Billion ( ppb ),0,y,Fresno-Garland                           
3781,6/11/2025,22,11:30 PM,35.1,OZONE,Parts Per Billion ( ppb ),0,y,Fresno-Garland                           
3781,6/12/2025,23,12:30 AM,33.7,OZONE,Parts Per Billion ( ppb ),0,y,Fresno-Garland                           
3781,6/12/2025,0,1:30 AM,33.3,OZONE,Parts Per Billion ( ppb ),0,y,Fresno-Garland                           
3781,6/12/2025,1,2:30 AM,32.9,OZONE,Parts Per Billion ( ppb ),0,y,Fresno-Garland                           
3781,6/12/2025,2,3:30 AM,30.6,OZONE,Parts Per Billion ( ppb ),0,y,Fresno-Garland                           
3781,6/12/2025,3,4:30 AM,27.5,OZONE,Parts Per Billion ( ppb ),0,y,Fresno-Garland                           
3781,6/12/2025,5,6:30 AM,23,OZONE,Parts Per Billion ( ppb ),0,y,Fresno-Garland                           
3781,6/12/2025,6,7:30 AM,25.2,OZONE,Parts Per Billion ( ppb ),0,y,Fresno-Garland                           
3781,6/12/2025,7,8:30 AM,29.6,OZONE,Parts Per Billion ( ppb ),0,y,Fresno-Garland                           
3781,6/12/2025,8,9:30 AM,34.2,OZONE,Parts Per Billion ( ppb ),0,y,Fresno-Garland                           
3781,6/12/2025,9,10:30 AM,39.9,OZONE,Parts Per Billion ( ppb ),0,y,Fresno-Garland                           
3781,6/12/2025,10,11:30 AM,44.4,OZONE,Parts Per Billion ( ppb ),0,y,Fresno-Garland                           
3781,6/12/2025,11,12:30 PM,48.6,OZONE,Parts Per Billion ( ppb ),0,y,Fresno-Garland                           
3781,6/12/2025,12,1:30 PM,51.8,OZONE,Parts Per Billion ( ppb ),0,y,Fresno-Garland                           
3781,6/12/2025,13,2:30 PM,51.3,OZONE,Parts Per Billion ( ppb ),0,y,Fresno-Garland                           
3781,6/12/2025,14,3:30 PM,50.5,OZONE,Parts Per Billion ( ppb ),0,y,Fresno-Garland                           
3781,6/12/2025,15,4:30 PM,46.8,OZONE,Parts Per Billion ( ppb ),0,y,Fresno-Garland                           
3781,6/12/2025,16,5:30 PM,50.6,OZONE,Parts Per Billion ( ppb ),0,y,Fresno-Garland                           
3781,6/12/2025,17,6:30 PM,51.6,OZONE,Parts Per Billion ( ppb ),0,y,Fresno-Garland                           
3781,6/12/2025,18,7:30 PM,49.1,OZONE,Parts Per Billion ( ppb ),0,y,Fresno-Garland                           
3781,6/12/2025,19,8:30 PM,47.6,OZONE,Parts Per Billion ( ppb ),0,y,Fresno-Garland                           
3781,6/12/2025,20,9:30 PM,45.7,OZONE,Parts Per Billion ( ppb ),0,y,Fresno-Garland                           
3781,6/12/2025,21,10:30 PM,44.9,OZONE,Parts Per Billion ( ppb ),0,y,Fresno-Garland                           
3781,6/12/2025,22,11:30 PM,40.4,OZONE,Parts Per Billion ( ppb ),0,y,Fresno-Garland                           
3781,6/13/2025,23,12:30 AM,35.5,OZONE,Parts Per Billion ( ppb ),0,y,Fresno-Garland                           
3781,6/13/2025,0,1:30 AM,31.3,OZONE,Parts Per Billion ( ppb ),0,y,Fresno-Garland                           
3781,6/13/2025,1,2:30 AM,28.1,OZONE,Parts Per Billion ( ppb ),0,y,Fresno-Garland                           
3781,6/13/2025,2,3:30 AM,24.6,OZONE,Parts Per Billion ( ppb ),0,y,Fresno-Garland                           
3781,6/13/2025,3,4:30 AM,23.5,OZONE,Parts Per Billion ( ppb ),0,y,Fresno-Garland                           
3781,6/13/2025,5,6:30 AM,20.9,OZONE,Parts Per Billion ( ppb ),0,y,Fresno-Garland                           
3781,6/13/2025,6,7:30 AM,25.4,OZONE,Parts Per Billion ( ppb ),0,y,Fresno-Garland                           
3781,6/13/2025,7,8:30 AM,31.9,OZONE,Parts Per Billion ( ppb ),0,y,Fresno-Garland                           
3781,6/13/2025,8,9:30 AM,36.5,OZONE,Parts Per Billion ( ppb ),0,y,Fresno-Garland                           
3781,6/13/2025,9,10:30 AM,39.5,OZONE,Parts Per Billion ( ppb ),0,y,Fresno-Garland                           
3781,6/13/2025,10,11:30 AM,42.3,OZONE,Parts Per Billion ( ppb ),0,y,Fresno-Garland                           
3781,6/13/2025,11,12:30 PM,43.8,OZONE,Parts Per Billion ( ppb ),0,y,Fresno-Garland                           
3781,6/13/2025,12,1:30 PM,44.8,OZONE,Parts Per Billion ( ppb ),0,y,Fresno-Garland                           
3781,6/13/2025,13,2:30 PM,45.4,OZONE,Parts Per Billion ( ppb ),0,y,Fresno-Garland                           
3781,6/13/2025,14,3:30 PM,44.9,OZONE,Parts Per Billion ( ppb ),0,y,Fresno-Garland                           
3781,6/13/2025,15,4:30 PM,41.2,OZONE,Parts Per Billion ( ppb ),0,y,Fresno-Garland                           
3781,6/13/2025,16,5:30 PM,42.3,OZONE,Parts Per Billion ( ppb ),0,y,Fresno-Garland                           
3781,6/13/2025,17,6:30 PM,44.7,OZONE,Parts Per Billion ( ppb ),0,y,Fresno-Garland                           
3781,6/13/2025,18,7:30 PM,42.6,OZONE,Parts Per Billion ( ppb ),0,y,Fresno-Garland                           
3781,6/13/2025,19,8:30 PM,42,OZONE,Parts Per Billion ( ppb ),0,y,Fresno-Garland                           
3781,6/13/2025,20,9:30 PM,42.6,OZONE,Parts Per Billion ( ppb ),0,y,Fresno-Garland                           
3781,6/13/2025,21,10:30 PM,37.5,OZONE,Parts Per Billion ( ppb ),0,y,Fresno-Garland                           
3781,6/13/2025,22,11:30 PM,35.2,OZONE,Parts Per Billion ( ppb ),0,y,Fresno-Garland                           
3781,6/14/2025,23,12:30 AM,33.4,OZONE,Parts Per Billion ( ppb ),0,y,Fresno-Garland                           
3781,6/14/2025,0,1:30 AM,30.1,OZONE,Parts Per Billion ( ppb ),0,y,Fresno-Garland                           
3781,6/14/2025,1,2:30 AM,28.7,OZONE,Parts Per Billion ( ppb ),0,y,Fresno-Garland                           
3781,6/14/2025,2,3:30 AM,27.9,OZONE,Parts Per Billion ( ppb ),0,y,Fresno-Garland                           
3781,6/14/2025,3,4:30 AM,25.2,OZONE,Parts Per Billion ( ppb ),0,y,Fresno-Garland                           
3781,6/14/2025,5,6:30 AM,25,OZONE,Parts Per Billion ( ppb ),0,y,Fresno-Garland                           
3781,6/14/2025,6,7:30 AM,27,OZONE,Parts Per Billion ( ppb ),0,y,Fresno-Garland                           
3781,6/14/2025,7,8:30 AM,29.7,OZONE,Parts Per Billion ( ppb ),0,y,Fresno-Garland                           
3781,6/14/2025,8,9:30 AM,35,OZONE,Parts Per Billion ( ppb ),0,y,Fresno-Garland                           
3781,6/14/2025,9,10:30 AM,39.2,OZONE,Parts Per Billion ( ppb ),0,y,Fresno-Garland                           
3781,6/14/2025,10,11:30 AM,43.4,OZONE,Parts Per Billion ( ppb ),0,y,Fresno-Garland                           
3781,6/14/2025,11,12:30 PM,46.8,OZONE,Parts Per Billion ( ppb ),0,y,Fresno-Garland                           
3781,6/14/2025,12,1:30 PM,49.6,OZONE,Parts Per Billion ( ppb ),0,y,Fresno-Garland                           
3781,6/14/2025,13,2:30 PM,51.9,OZONE,Parts Per Billion ( ppb ),0,y,Fresno-Garland                           
3781,6/14/2025,14,3:30 PM,53,OZONE,Parts Per Billion ( ppb ),0,y,Fresno-Garland                           
3781,6/14/2025,15,4:30 PM,53.7,OZONE,Parts Per Billion ( ppb ),0,y,Fresno-Garland                           
3781,6/14/2025,16,5:30 PM,54.3,OZONE,Parts Per Billion ( ppb ),0,y,Fresno-Garland                           
3781,6/14/2025,17,6:30 PM,55.3,OZONE,Parts Per Billion ( ppb ),0,y,Fresno-Garland                           
3781,6/14/2025,18,7:30 PM,53.8,OZONE,Parts Per Billion ( ppb ),0,y,Fresno-Garland                           
3781,6/14/2025,19,8:30 PM,50.2,OZONE,Parts Per Billion ( ppb ),0,y,Fresno-Garland                           
3781,6/14/2025,20,9:30 PM,47.2,OZONE,Parts Per Billion ( ppb ),0,y,Fresno-Garland                           
3781,6/14/2025,21,10:30 PM,44.3,OZONE,Parts Per Billion ( ppb ),0,y,Fresno-Garland                           
3781,6/14/2025,22,11:30 PM,42.5,OZONE,Parts Per Billion ( ppb ),0,y,Fresno-Garland                           
3781,6/15/2025,23,12:30 AM,40,OZONE,Parts Per Billion ( ppb ),0,y,Fresno-Garland                           
3781,6/15/2025,0,1:30 AM,35.6,OZONE,Parts Per Billion ( ppb ),0,y,Fresno-Garland                           
3781,6/15/2025,1,2:30 AM,32.5,OZONE,Parts Per Billion ( ppb ),0,y,Fresno-Garland                           
3781,6/15/2025,2,3:30 AM,29.4,OZONE,Parts Per Billion ( ppb ),0,y,Fresno-Garland                           
3781,6/15/2025,3,4:30 AM,30.8,OZONE,Parts Per Billion ( ppb ),0,y,Fresno-Garland                           
3781,6/15/2025,5,6:30 AM,26.9,OZONE,Parts Per Billion ( ppb ),0,y,Fresno-Garland                           
3781,6/15/2025,6,7:30 AM,28.7,OZONE,Parts Per Billion ( ppb ),0,y,Fresno-Garland                           
3781,6/15/2025,7,8:30 AM,34,OZONE,Parts Per Billion ( ppb ),0,y,Fresno-Garland                           
3781,6/15/2025,8,9:30 AM,41.3,OZONE,Parts Per Billion ( ppb ),0,y,Fresno-Garland                           
3781,6/15/2025,9,10:30 AM,49.2,OZONE,Parts Per Billion ( ppb ),0,y,Fresno-Garland                           
3781,6/15/2025,10,11:30 AM,56.2,OZONE,Parts Per Billion ( ppb ),0,y,Fresno-Garland                           
3781,6/15/2025,11,12:30 PM,63.1,OZONE,Parts Per Billion ( ppb ),0,y,Fresno-Garland                           
3781,6/15/2025,12,1:30 PM,58.8,OZONE,Parts Per Billion ( ppb ),0,y,Fresno-Garland                           
3781,6/15/2025,13,2:30 PM,57.6,OZONE,Parts Per Billion ( ppb ),0,y,Fresno-Garland                           
3781,6/15/2025,14,3:30 PM,59.5,OZONE,Parts Per Billion ( ppb ),0,y,Fresno-Garland                           
3781,6/15/2025,15,4:30 PM,60.1,OZONE,Parts Per Billion ( ppb ),0,y,Fresno-Garland                           
3781,6/15/2025,16,5:30 PM,60.3,OZONE,Parts Per Billion ( ppb ),0,y,Fresno-Garland                           
3781,6/15/2025,17,6:30 PM,60.5,OZONE,Parts Per Billion ( ppb ),0,y,Fresno-Garland                           
3781,6/15/2025,18,7:30 PM,57.1,OZONE,Parts Per Billion ( ppb ),0,y,Fresno-Garland                           
3781,6/15/2025,19,8:30 PM,54.9,OZONE,Parts Per Billion ( ppb ),0,y,Fresno-Garland                           
3781,6/15/2025,20,9:30 PM,53.3,OZONE,Parts Per Billion ( ppb ),0,y,Fresno-Garland                           
3781,6/15/2025,21,10:30 PM,49.8,OZONE,Parts Per Billion ( ppb ),0,y,Fresno-Garland                           
3781,6/15/2025,22,11:30 PM,48.3,OZONE,Parts Per Billion ( ppb ),0,y,Fresno-Garland                           
3781,6/16/2025,23,12:30 AM,43.4,OZONE,Parts Per Billion ( ppb ),0,y,Fresno-Garland                           
3781,6/16/2025,0,1:30 AM,35.8,OZONE,Parts Per Billion ( ppb ),0,y,Fresno-Garland                           
3781,6/16/2025,1,2:30 AM,32.4,OZONE,Parts Per Billion ( ppb ),0,y,Fresno-Garland                           
3781,6/16/2025,2,3:30 AM,31.6,OZONE,Parts Per Billion ( ppb ),0,y,Fresno-Garland                           
3781,6/16/2025,3,4:30 AM,30.1,OZONE,Parts Per Billion ( ppb ),0,y,Fresno-Garland                           
3781,6/16/2025,5,6:30 AM,22.9,OZONE,Parts Per Billion ( ppb ),0,y,Fresno-Garland                           
3781,6/16/2025,6,7:30 AM,27.3,OZONE,Parts Per Billion ( ppb ),0,y,Fresno-Garland                           
3781,6/16/2025,7,8:30 AM,34.4,OZONE,Parts Per Billion ( ppb ),0,y,Fresno-Garland                           
3781,6/16/2025,8,9:30 AM,40.2,OZONE,Parts Per Billion ( ppb ),0,y,Fresno-Garland                           
3781,6/16/2025,9,10:30 AM,43.8,OZONE,Parts Per Billion ( ppb ),0,y,Fresno-Garland                           
3781,6/16/2025,10,11:30 AM,48.5,OZONE,Parts Per Billion ( ppb ),0,y,Fresno-Garland                           
3781,6/16/2025,11,12:30 PM,54.1,OZONE,Parts Per Billion ( ppb ),0,y,Fresno-Garland                           
3781,6/16/2025,12,1:30 PM,56.5,OZONE,Parts Per Billion ( ppb ),0,y,Fresno-Garland                           
3781,6/16/2025,13,2:30 PM,59.7,OZONE,Parts Per Billion ( ppb ),0,y,Fresno-Garland                           
3781,6/16/2025,14,3:30 PM,59.9,OZONE,Parts Per Billion ( ppb ),0,y,Fresno-Garland                           
3781,6/16/2025,15,4:30 PM,60.7,OZONE,Parts Per Billion ( ppb ),0,y,Fresno-Garland                           
3781,6/16/2025,16,5:30 PM,62.4,OZONE,Parts Per Billion ( ppb ),0,y,Fresno-Garland                           
3781,6/16/2025,17,6:30 PM,61.8,OZONE,Parts Per Billion ( ppb ),0,y,Fresno-Garland                           
3781,6/16/2025,18,7:30 PM,59.6,OZONE,Parts Per Billion ( ppb ),0,y,Fresno-Garland                           
3781,6/16/2025,19,8:30 PM,56.7,OZONE,Parts Per Billion ( ppb ),0,y,Fresno-Garland                           
3781,6/16/2025,20,9:30 PM,53.8,OZONE,Parts Per Billion ( ppb ),0,y,Fresno-Garland                           
3781,6/16/2025,21,10:30 PM,49.9,OZONE,Parts Per Billion ( ppb ),0,y,Fresno-Garland                           
3781,6/16/2025,22,11:30 PM,41.5,OZONE,Parts Per Billion ( ppb ),0,y,Fresno-Garland                           
3781,6/17/2025,23,12:30 AM,33.9,OZONE,Parts Per Billion ( ppb ),0,y,Fresno-Garland                           
3781,6/17/2025,0,1:30 AM,35.3,OZONE,Parts Per Billion ( ppb ),0,y,Fresno-Garland                           
3781,6/17/2025,1,2:30 AM,35.1,OZONE,Parts Per Billion ( ppb ),0,y,Fresno-Garland                           
3781,6/17/2025,2,3:30 AM,33.1,OZONE,Parts Per Billion ( ppb ),0,y,Fresno-Garland                           
3781,6/17/2025,3,4:30 AM,32.2,OZONE,Parts Per Billion ( ppb ),0,y,Fresno-Garland                           
3781,6/17/2025,5,6:30 AM,25.4,OZONE,Parts Per Billion ( ppb ),0,y,Fresno-Garland                           
3781,6/17/2025,6,7:30 AM,29.3,OZONE,Parts Per Billion ( ppb ),0,y,Fresno-Garland                           
3781,6/17/2025,7,8:30 AM,33.2,OZONE,Parts Per Billion ( ppb ),0,y,Fresno-Garland                           
3781,6/17/2025,8,9:30 AM,37.7,OZONE,Parts Per Billion ( ppb ),0,y,Fresno-Garland                           
3781,6/17/2025,9,10:30 AM,41.6,OZONE,Parts Per Billion ( ppb ),0,y,Fresno-Garland                           
3781,6/17/2025,10,11:30 AM,46.5,OZONE,Parts Per Billion ( ppb ),0,y,Fresno-Garland                           
3781,6/17/2025,11,12:30 PM,48.7,OZONE,Parts Per Billion ( ppb ),0,y,Fresno-Garland                           
3781,6/17/2025,12,1:30 PM,53,OZONE,Parts Per Billion ( ppb ),0,y,Fresno-Garland                           
3781,6/17/2025,13,2:30 PM,55.9,OZONE,Parts Per Billion ( ppb ),0,y,Fresno-Garland                           
3781,6/17/2025,14,3:30 PM,58.6,OZONE,Parts Per Billion ( ppb ),0,y,Fresno-Garland                           
3781,6/17/2025,15,4:30 PM,61,OZONE,Parts Per Billion ( ppb ),0,y,Fresno-Garland                           
3781,6/17/2025,16,5:30 PM,63.5,OZONE,Parts Per Billion ( ppb ),0,y,Fresno-Garland                           
3781,6/17/2025,17,6:30 PM,62.7,OZONE,Parts Per Billion ( ppb ),0,y,Fresno-Garland                           
3781,6/17/2025,18,7:30 PM,59.8,OZONE,Parts Per Billion ( ppb ),0,y,Fresno-Garland                           
3781,6/17/2025,19,8:30 PM,53.8,OZONE,Parts Per Billion ( ppb ),0,y,Fresno-Garland                           
3781,6/17/2025,20,9:30 PM,53.6,OZONE,Parts Per Billion ( ppb ),0,y,Fresno-Garland                           
3781,6/17/2025,21,10:30 PM,52.2,OZONE,Parts Per Billion ( ppb ),0,y,Fresno-Garland                           
3781,6/17/2025,22,11:30 PM,46.3,OZONE,Parts Per Billion ( ppb ),0,y,Fresno-Garland                           
3781,6/18/2025,23,12:30 AM,38.6,OZONE,Parts Per Billion ( ppb ),0,y,Fresno-Garland                           
3781,6/18/2025,0,1:30 AM,35.4,OZONE,Parts Per Billion ( ppb ),0,y,Fresno-Garland                           
3781,6/18/2025,1,2:30 AM,30.7,OZONE,Parts Per Billion ( ppb ),0,y,Fresno-Garland                           
3781,6/18/2025,2,3:30 AM,26.3,OZONE,Parts Per Billion ( ppb ),0,y,Fresno-Garland                           
3781,6/18/2025,3,4:30 AM,24.8,OZONE,Parts Per Billion ( ppb ),0,y,Fresno-Garland                           
3781,6/18/2025,5,6:30 AM,20,OZONE,Parts Per Billion ( ppb ),0,y,Fresno-Garland                           
3781,6/18/2025,6,7:30 AM,26.8,OZONE,Parts Per Billion ( ppb ),0,y,Fresno-Garland                           
3781,6/18/2025,7,8:30 AM,37.2,OZONE,Parts Per Billion ( ppb ),0,y,Fresno-Garland                           
3781,6/18/2025,8,9:30 AM,49.4,OZONE,Parts Per Billion ( ppb ),0,y,Fresno-Garland                           
3781,6/18/2025,9,10:30 AM,55.7,OZONE,Parts Per Billion ( ppb ),0,y,Fresno-Garland                           
3781,6/18/2025,10,11:30 AM,57.2,OZONE,Parts Per Billion ( ppb ),0,y,Fresno-Garland                           
3781,6/18/2025,11,12:30 PM,62.4,OZONE,Parts Per Billion ( ppb ),0,y,Fresno-Garland                           
3781,6/18/2025,12,1:30 PM,64.1,OZONE,Parts Per Billion ( ppb ),0,y,Fresno-Garland                           
3781,6/18/2025,13,2:30 PM,65.8,OZONE,Parts Per Billion ( ppb ),0,y,Fresno-Garland                           
3781,6/18/2025,14,3:30 PM,63.8,OZONE,Parts Per Billion ( ppb ),0,y,Fresno-Garland                           
3781,6/18/2025,15,4:30 PM,63.8,OZONE,Parts Per Billion ( ppb ),0,y,Fresno-Garland                           
3781,6/18/2025,16,5:30 PM,64.3,OZONE,Parts Per Billion ( ppb ),0,y,Fresno-Garland                           
3781,6/18/2025,17,6:30 PM,62.2,OZONE,Parts Per Billion ( ppb ),0,y,Fresno-Garland                           
3781,6/18/2025,18,7:30 PM,54,OZONE,Parts Per Billion ( ppb ),0,y,Fresno-Garland                           
3781,6/18/2025,19,8:30 PM,50.2,OZONE,Parts Per Billion ( ppb ),0,y,Fresno-Garland                           
3781,6/18/2025,20,9:30 PM,46.2,OZONE,Parts Per Billion ( ppb ),0,y,Fresno-Garland                           
3781,6/18/2025,21,10:30 PM,41,OZONE,Parts Per Billion ( ppb ),0,y,Fresno-Garland                           
3781,6/18/2025,22,11:30 PM,38.4,OZONE,Parts Per Billion ( ppb ),0,y,Fresno-Garland                           
3781,6/19/2025,23,12:30 AM,35.5,OZONE,Parts Per Billion ( ppb ),0,y,Fresno-Garland                           
3781,6/19/2025,0,1:30 AM,30.7,OZONE,Parts Per Billion ( ppb ),0,y,Fresno-Garland                           
3781,6/19/2025,1,2:30 AM,26.6,OZONE,Parts Per Billion ( ppb ),0,y,Fresno-Garland                           
3781,6/19/2025,2,3:30 AM,24.5,OZONE,Parts Per Billion ( ppb ),0,y,Fresno-Garland                           
3781,6/19/2025,3,4:30 AM,23.3,OZONE,Parts Per Billion ( ppb ),0,y,Fresno-Garland                           
3781,6/19/2025,5,6:30 AM,19.2,OZONE,Parts Per Billion ( ppb ),0,y,Fresno-Garland                           
3781,6/19/2025,6,7:30 AM,23.4,OZONE,Parts Per Billion ( ppb ),0,y,Fresno-Garland                           
3781,6/19/2025,7,8:30 AM,31.8,OZONE,Parts Per Billion ( ppb ),0,y,Fresno-Garland                           
3781,6/19/2025,8,9:30 AM,49,OZONE,Parts Per Billion ( ppb ),0,y,Fresno-Garland                           
3781,6/19/2025,9,10:30 AM,54.5,OZONE,Parts Per Billion ( ppb ),0,y,Fresno-Garland                           
3781,6/19/2025,10,11:30 AM,59.6,OZONE,Parts Per Billion ( ppb ),0,y,Fresno-Garland                           
3781,6/19/2025,11,12:30 PM,59.4,OZONE,Parts Per Billion ( ppb ),0,y,Fresno-Garland                           
3781,6/19/2025,12,1:30 PM,54.7,OZONE,Parts Per Billion ( ppb ),0,y,Fresno-Garland                           
3781,6/19/2025,13,2:30 PM,57.6,OZONE,Parts Per Billion ( ppb ),0,y,Fresno-Garland                           
3781,6/19/2025,14,3:30 PM,62,OZONE,Parts Per Billion ( ppb ),0,y,Fresno-Garland                           
3781,6/19/2025,15,4:30 PM,64.7,OZONE,Parts Per Billion ( ppb ),0,y,Fresno-Garland                           
3781,6/19/2025,16,5:30 PM,68.8,OZONE,Parts Per Billion ( ppb ),0,y,Fresno-Garland                           
3781,6/19/2025,17,6:30 PM,62.8,OZONE,Parts Per Billion ( ppb ),0,y,Fresno-Garland                           
3781,6/19/2025,18,7:30 PM,49.9,OZONE,Parts Per Billion ( ppb ),0,y,Fresno-Garland                           
3781,6/19/2025,19,8:30 PM,40.9,OZONE,Parts Per Billion ( ppb ),0,y,Fresno-Garland                           
3781,6/19/2025,20,9:30 PM,36.7,OZONE,Parts Per Billion ( ppb ),0,y,Fresno-Garland                           
3781,6/19/2025,21,10:30 PM,36.6,OZONE,Parts Per Billion ( ppb ),0,y,Fresno-Garland                           
3781,6/19/2025,22,11:30 PM,35.9,OZONE,Parts Per Billion ( ppb ),0,y,Fresno-Garland                           
3781,6/20/2025,23,12:30 AM,31.6,OZONE,Parts Per Billion ( ppb ),0,y,Fresno-Garland                           
3781,6/20/2025,0,1:30 AM,30.1,OZONE,Parts Per Billion ( ppb ),0,y,Fresno-Garland                           
3781,6/20/2025,1,2:30 AM,28.6,OZONE,Parts Per Billion ( ppb ),0,y,Fresno-Garland                           
3781,6/20/2025,2,3:30 AM,25.4,OZONE,Parts Per Billion ( ppb ),0,y,Fresno-Garland                           
3781,6/20/2025,3,4:30 AM,23.1,OZONE,Parts Per Billion ( ppb ),0,y,Fresno-Garland                           
3781,6/20/2025,5,6:30 AM,20.2,OZONE,Parts Per Billion ( ppb ),0,y,Fresno-Garland                           
3781,6/20/2025,6,7:30 AM,24.5,OZONE,Parts Per Billion ( ppb ),0,y,Fresno-Garland                           
3781,6/20/2025,7,8:30 AM,27.3,OZONE,Parts Per Billion ( ppb ),0,y,Fresno-Garland                           
3781,6/20/2025,8,9:30 AM,31.4,OZONE,Parts Per Billion ( ppb ),0,y,Fresno-Garland                           
3781,6/20/2025,9,10:30 AM,37.4,OZONE,Parts Per Billion ( ppb ),0,y,Fresno-Garland                           
3781,6/20/2025,10,11:30 AM,39.5,OZONE,Parts Per Billion ( ppb ),0,y,Fresno-Garland                           
3781,6/20/2025,11,12:30 PM,41.5,OZONE,Parts Per Billion ( ppb ),0,y,Fresno-Garland                           
3781,6/20/2025,12,1:30 PM,41,OZONE,Parts Per Billion ( ppb ),0,y,Fresno-Garland                           
3781,6/20/2025,13,2:30 PM,41.7,OZONE,Parts Per Billion ( ppb ),0,y,Fresno-Garland                           
3781,6/20/2025,14,3:30 PM,43.7,OZONE,Parts Per Billion ( ppb ),0,y,Fresno-Garland                           
3781,6/20/2025,15,4:30 PM,45.1,OZONE,Parts Per Billion ( ppb ),0,y,Fresno-Garland                           
3781,6/20/2025,16,5:30 PM,48.4,OZONE,Parts Per Billion ( ppb ),0,y,Fresno-Garland                           
3781,6/20/2025,17,6:30 PM,49.2,OZONE,Parts Per Billion ( ppb ),0,y,Fresno-Garland                           
3781,6/20/2025,18,7:30 PM,44.5,OZONE,Parts Per Billion ( ppb ),0,y,Fresno-Garland                           
3781,6/20/2025,19,8:30 PM,35,OZONE,Parts Per Billion ( ppb ),0,y,Fresno-Garland                           
3781,6/20/2025,20,9:30 PM,32.4,OZONE,Parts Per Billion ( ppb ),0,y,Fresno-Garland                           
3781,6/20/2025,21,10:30 PM,31.4,OZONE,Parts Per Billion ( ppb ),0,y,Fresno-Garland                           
3781,6/20/2025,22,11:30 PM,30.3,OZONE,Parts Per Billion ( ppb ),0,y,Fresno-Garland                           
3781,6/21/2025,23,12:30 AM,28.6,OZONE,Parts Per Billion ( ppb ),0,y,Fresno-Garland                           
3781,6/21/2025,0,1:30 AM,26.9,OZONE,Parts Per Billion ( ppb ),0,y,Fresno-Garland                           
3781,6/21/2025,1,2:30 AM,25.8,OZONE,Parts Per Billion ( ppb ),0,y,Fresno-Garland                           
3781,6/21/2025,2,3:30 AM,25.1,OZONE,Parts Per Billion ( ppb ),0,y,Fresno-Garland                           
3781,6/21/2025,3,4:30 AM,24,OZONE,Parts Per Billion ( ppb ),0,y,Fresno-Garland                           
3781,6/21/2025,5,6:30 AM,23.7,OZONE,Parts Per Billion ( ppb ),0,y,Fresno-Garland                           
3781,6/21/2025,6,7:30 AM,24.3,OZONE,Parts Per Billion ( ppb ),0,y,Fresno-Garland                           
3781,6/21/2025,7,8:30 AM,26.2,OZONE,Parts Per Billion ( ppb ),0,y,Fresno-Garland                           
3781,6/21/2025,8,9:30 AM,28.2,OZONE,Parts Per Billion ( ppb ),0,y,Fresno-Garland                           
3781,6/21/2025,9,10:30 AM,30.9,OZONE,Parts Per Billion ( ppb ),0,y,Fresno-Garland                           
3781,6/21/2025,10,11:30 AM,33.1,OZONE,Parts Per Billion ( ppb ),0,y,Fresno-Garland                           
3781,6/21/2025,11,12:30 PM,33.6,OZONE,Parts Per Billion ( ppb ),0,y,Fresno-Garland                           
3781,6/21/2025,12,1:30 PM,35.7,OZONE,Parts Per Billion ( ppb ),0,y,Fresno-Garland                           
3781,6/21/2025,13,2:30 PM,38.3,OZONE,Parts Per Billion ( ppb ),0,y,Fresno-Garland                           
3781,6/21/2025,14,3:30 PM,39.5,OZONE,Parts Per Billion ( ppb ),0,y,Fresno-Garland                           
3781,6/21/2025,15,4:30 PM,38.4,OZONE,Parts Per Billion ( ppb ),0,y,Fresno-Garland                           
3781,6/21/2025,16,5:30 PM,37.3,OZONE,Parts Per Billion ( ppb ),0,y,Fresno-Garland                           
3781,6/21/2025,17,6:30 PM,36.9,OZONE,Parts Per Billion ( ppb ),0,y,Fresno-Garland                           
3781,6/21/2025,18,7:30 PM,36,OZONE,Parts Per Billion ( ppb ),0,y,Fresno-Garland                           
3781,6/21/2025,19,8:30 PM,34.4,OZONE,Parts Per Billion ( ppb ),0,y,Fresno-Garland                           
3781,6/21/2025,20,9:30 PM,32.4,OZONE,Parts Per Billion ( ppb ),0,y,Fresno-Garland                           
3781,6/21/2025,21,10:30 PM,29,OZONE,Parts Per Billion ( ppb ),0,y,Fresno-Garland                           
3781,6/21/2025,22,11:30 PM,27,OZONE,Parts Per Billion ( ppb ),0,y,Fresno-Garland                           
3781,6/22/2025,23,12:30 AM,25.1,OZONE,Parts Per Billion ( ppb ),0,y,Fresno-Garland                           
3781,6/22/2025,0,1:30 AM,23.4,OZONE,Parts Per Billion ( ppb ),0,y,Fresno-Garland                           
3781,6/22/2025,1,2:30 AM,20.5,OZONE,Parts Per Billion ( ppb ),0,y,Fresno-Garland                           
3781,6/22/2025,2,3:30 AM,17.1,OZONE,Parts Per Billion ( ppb ),0,y,Fresno-Garland                           
3781,6/22/2025,3,4:30 AM,14.1,OZONE,Parts Per Billion ( ppb ),0,y,Fresno-Garland                           
3781,6/22/2025,5,6:30 AM,10.6,OZONE,Parts Per Billion ( ppb ),0,y,Fresno-Garland                           
3781,6/22/2025,6,7:30 AM,15.3,OZONE,Parts Per Billion ( ppb ),0,y,Fresno-Garland                           
3781,6/22/2025,7,8:30 AM,20.9,OZONE,Parts Per Billion ( ppb ),0,y,Fresno-Garland                           
3781,6/22/2025,8,9:30 AM,27.3,OZONE,Parts Per Billion ( ppb ),0,y,Fresno-Garland                           
3781,6/22/2025,9,10:30 AM,33.3,OZONE,Parts Per Billion ( ppb ),0,y,Fresno-Garland                           
3781,6/22/2025,15,4:30 PM,38.2,OZONE,Parts Per Billion ( ppb ),0,y,Fresno-Garland                           
3781,6/22/2025,16,5:30 PM,37.7,OZONE,Parts Per Billion ( ppb ),0,y,Fresno-Garland                           
3781,6/22/2025,17,6:30 PM,36.9,OZONE,Parts Per Billion ( ppb ),0,y,Fresno-Garland                           
3781,6/22/2025,18,7:30 PM,36.4,OZONE,Parts Per Billion ( ppb ),0,y,Fresno-Garland                           
3781,6/22/2025,19,8:30 PM,36.2,OZONE,Parts Per Billion ( ppb ),0,y,Fresno-Garland                           
3781,6/22/2025,20,9:30 PM,34.8,OZONE,Parts Per Billion ( ppb ),0,y,Fresno-Garland                           
3781,6/22/2025,21,10:30 PM,33.9,OZONE,Parts Per Billion ( ppb ),0,y,Fresno-Garland                           
3781,6/22/2025,22,11:30 PM,31.2,OZONE,Parts Per Billion ( ppb ),0,y,Fresno-Garland                           
3781,6/23/2025,23,12:30 AM,24.9,OZONE,Parts Per Billion ( ppb ),0,y,Fresno-Garland                           
3781,6/23/2025,0,1:30 AM,25.3,OZONE,Parts Per Billion ( ppb ),0,y,Fresno-Garland                           
3781,6/23/2025,1,2:30 AM,24.7,OZONE,Parts Per Billion ( ppb ),0,y,Fresno-Garland                           
3781,6/23/2025,2,3:30 AM,22.9,OZONE,Parts Per Billion ( ppb ),0,y,Fresno-Garland                           
3781,6/23/2025,3,4:30 AM,19.7,OZONE,Parts Per Billion ( ppb ),0,y,Fresno-Garland                           
3781,6/23/2025,5,6:30 AM,23.7,OZONE,Parts Per Billion ( ppb ),0,y,Fresno-Garland                           
3781,6/23/2025,6,7:30 AM,16.2,OZONE,Parts Per Billion ( ppb ),0,y,Fresno-Garland                           
3781,6/23/2025,7,8:30 AM,20.9,OZONE,Parts Per Billion ( ppb ),0,y,Fresno-Garland                           
3781,6/23/2025,8,9:30 AM,29.4,OZONE,Parts Per Billion ( ppb ),0,y,Fresno-Garland                           
3781,6/23/2025,9,10:30 AM,35.7,OZONE,Parts Per Billion ( ppb ),0,y,Fresno-Garland                           
3781,6/23/2025,10,11:30 AM,39.9,OZONE,Parts Per Billion ( ppb ),0,y,Fresno-Garland                           
3781,6/23/2025,11,12:30 PM,43.1,OZONE,Parts Per Billion ( ppb ),0,y,Fresno-Garland                           
3781,6/23/2025,12,1:30 PM,43.4,OZONE,Parts Per Billion ( ppb ),0,y,Fresno-Garland                           
3781,6/23/2025,13,2:30 PM,44.5,OZONE,Parts Per Billion ( ppb ),0,y,Fresno-Garland                           
3781,6/23/2025,14,3:30 PM,46.7,OZONE,Parts Per Billion ( ppb ),0,y,Fresno-Garland                           
3781,6/23/2025,15,4:30 PM,45,OZONE,Parts Per Billion ( ppb ),0,y,Fresno-Garland                           
3781,6/23/2025,16,5:30 PM,46,OZONE,Parts Per Billion ( ppb ),0,y,Fresno-Garland                           
3781,6/23/2025,17,6:30 PM,48.8,OZONE,Parts Per Billion ( ppb ),0,y,Fresno-Garland                           
3781,6/23/2025,18,7:30 PM,52.5,OZONE,Parts Per Billion ( ppb ),0,y,Fresno-Garland                           
3781,6/23/2025,19,8:30 PM,50.7,OZONE,Parts Per Billion ( ppb ),0,y,Fresno-Garland                           
3781,6/23/2025,20,9:30 PM,43.7,OZONE,Parts Per Billion ( ppb ),0,y,Fresno-Garland                           
3781,6/23/2025,21,10:30 PM,36.7,OZONE,Parts Per Billion ( ppb ),0,y,Fresno-Garland                           
3781,6/23/2025,22,11:30 PM,31.6,OZONE,Parts Per Billion ( ppb ),0,y,Fresno-Garland                           
3781,6/24/2025,23,12:30 AM,28.4,OZONE,Parts Per Billion ( ppb ),0,y,Fresno-Garland                           
3781,6/24/2025,0,1:30 AM,25.5,OZONE,Parts Per Billion ( ppb ),0,y,Fresno-Garland                           
3781,6/24/2025,1,2:30 AM,21.8,OZONE,Parts Per Billion ( ppb ),0,y,Fresno-Garland                           
3781,6/24/2025,2,3:30 AM,19.9,OZONE,Parts Per Billion ( ppb ),0,y,Fresno-Garland                           
3781,6/24/2025,3,4:30 AM,18.5,OZONE,Parts Per Billion ( ppb ),0,y,Fresno-Garland                           
3781,6/24/2025,5,6:30 AM,16,OZONE,Parts Per Billion ( ppb ),0,y,Fresno-Garland                           
3781,6/24/2025,6,7:30 AM,22,OZONE,Parts Per Billion ( ppb ),0,y,Fresno-Garland                           
3781,6/24/2025,7,8:30 AM,29.1,OZONE,Parts Per Billion ( ppb ),0,y,Fresno-Garland                           
3781,6/24/2025,8,9:30 AM,38.5,OZONE,Parts Per Billion ( ppb ),0,y,Fresno-Garland                           
3781,6/24/2025,9,10:30 AM,47.6,OZONE,Parts Per Billion ( ppb ),0,y,Fresno-Garland                           
3781,6/24/2025,10,11:30 AM,56.3,OZONE,Parts Per Billion ( ppb ),0,y,Fresno-Garland                           
3781,6/24/2025,11,12:30 PM,57.9,OZONE,Parts Per Billion ( ppb ),0,y,Fresno-Garland                           
3781,6/24/2025,12,1:30 PM,50.1,OZONE,Parts Per Billion ( ppb ),0,y,Fresno-Garland                           
3781,6/24/2025,13,2:30 PM,49.4,OZONE,Parts Per Billion ( ppb ),0,y,Fresno-Garland                           
3781,6/24/2025,14,3:30 PM,49,OZONE,Parts Per Billion ( ppb ),0,y,Fresno-Garland                           
3781,6/24/2025,15,4:30 PM,49.6,OZONE,Parts Per Billion ( ppb ),0,y,Fresno-Garland                           
3781,6/24/2025,16,5:30 PM,50.6,OZONE,Parts Per Billion ( ppb ),0,y,Fresno-Garland                           
3781,6/24/2025,17,6:30 PM,47.8,OZONE,Parts Per Billion ( ppb ),0,y,Fresno-Garland                           
3781,6/24/2025,18,7:30 PM,44.5,OZONE,Parts Per Billion ( ppb ),0,y,Fresno-Garland                           
3781,6/24/2025,19,8:30 PM,41.5,OZONE,Parts Per Billion ( ppb ),0,y,Fresno-Garland                           
3781,6/24/2025,20,9:30 PM,39.9,OZONE,Parts Per Billion ( ppb ),0,y,Fresno-Garland                           
3781,6/24/2025,21,10:30 PM,38.5,OZONE,Parts Per Billion ( ppb ),0,y,Fresno-Garland                           
3781,6/24/2025,22,11:30 PM,34.4,OZONE,Parts Per Billion ( ppb ),0,y,Fresno-Garland                           
3781,6/25/2025,23,12:30 AM,29.3,OZONE,Parts Per Billion ( ppb ),0,y,Fresno-Garland                           
3781,6/25/2025,0,1:30 AM,25.9,OZONE,Parts Per Billion ( ppb ),0,y,Fresno-Garland                           
3781,6/25/2025,1,2:30 AM,23.5,OZONE,Parts Per Billion ( ppb ),0,y,Fresno-Garland                           
3781,6/25/2025,2,3:30 AM,18.1,OZONE,Parts Per Billion ( ppb ),0,y,Fresno-Garland                           
3781,6/25/2025,3,4:30 AM,16.3,OZONE,Parts Per Billion ( ppb ),0,y,Fresno-Garland                           
3781,6/25/2025,5,6:30 AM,13.8,OZONE,Parts Per Billion ( ppb ),0,y,Fresno-Garland                           
3781,6/25/2025,6,7:30 AM,18,OZONE,Parts Per Billion ( ppb ),0,y,Fresno-Garland                           
3781,6/25/2025,7,8:30 AM,24.1,OZONE,Parts Per Billion ( ppb ),0,y,Fresno-Garland                           
3781,6/25/2025,8,9:30 AM,32.6,OZONE,Parts Per Billion ( ppb ),0,y,Fresno-Garland                           
3781,6/25/2025,9,10:30 AM,40.4,OZONE,Parts Per Billion ( ppb ),0,y,Fresno-Garland                           
3781,6/25/2025,10,11:30 AM,46.1,OZONE,Parts Per Billion ( ppb ),0,y,Fresno-Garland                           
3781,6/25/2025,11,12:30 PM,48.3,OZONE,Parts Per Billion ( ppb ),0,y,Fresno-Garland                           
3781,6/25/2025,12,1:30 PM,51.8,OZONE,Parts Per Billion ( ppb ),0,y,Fresno-Garland                           
3781,6/25/2025,13,2:30 PM,53.1,OZONE,Parts Per Billion ( ppb ),0,y,Fresno-Garland                           
3781,6/25/2025,14,3:30 PM,54.1,OZONE,Parts Per Billion ( ppb ),0,y,Fresno-Garland                           
3781,6/25/2025,15,4:30 PM,54.8,OZONE,Parts Per Billion ( ppb ),0,y,Fresno-Garland                           
3781,6/25/2025,16,5:30 PM,56.8,OZONE,Parts Per Billion ( ppb ),0,y,Fresno-Garland                           
3781,6/25/2025,17,6:30 PM,57.2,OZONE,Parts Per Billion ( ppb ),0,y,Fresno-Garland                           
3781,6/25/2025,18,7:30 PM,54.2,OZONE,Parts Per Billion ( ppb ),0,y,Fresno-Garland                           
3781,6/25/2025,19,8:30 PM,51.8,OZONE,Parts Per Billion ( ppb ),0,y,Fresno-Garland                           
3781,6/25/2025,20,9:30 PM,50.6,OZONE,Parts Per Billion ( ppb ),0,y,Fresno-Garland                           
3781,6/25/2025,21,10:30 PM,50,OZONE,Parts Per Billion ( ppb ),0,y,Fresno-Garland                           
3781,6/25/2025,22,11:30 PM,40.3,OZONE,Parts Per Billion ( ppb ),0,y,Fresno-Garland                           
3781,6/26/2025,23,12:30 AM,33.3,OZONE,Parts Per Billion ( ppb ),0,y,Fresno-Garland                           
3781,6/26/2025,0,1:30 AM,30.6,OZONE,Parts Per Billion ( ppb ),0,y,Fresno-Garland                           
3781,6/26/2025,1,2:30 AM,28.6,OZONE,Parts Per Billion ( ppb ),0,y,Fresno-Garland                           
3781,6/26/2025,2,3:30 AM,26.2,OZONE,Parts Per Billion ( ppb ),0,y,Fresno-Garland                           
3781,6/26/2025,3,4:30 AM,24.6,OZONE,Parts Per Billion ( ppb ),0,y,Fresno-Garland                           
3781,6/26/2025,5,6:30 AM,22.4,OZONE,Parts Per Billion ( ppb ),0,y,Fresno-Garland                           
3781,6/26/2025,6,7:30 AM,25.1,OZONE,Parts Per Billion ( ppb ),0,y,Fresno-Garland                           
3781,6/26/2025,7,8:30 AM,31.1,OZONE,Parts Per Billion ( ppb ),0,y,Fresno-Garland                           
3781,6/26/2025,8,9:30 AM,41.5,OZONE,Parts Per Billion ( ppb ),0,y,Fresno-Garland                           
3781,6/26/2025,9,10:30 AM,48.7,OZONE,Parts Per Billion ( ppb ),0,y,Fresno-Garland                           
3781,6/26/2025,10,11:30 AM,50.6,OZONE,Parts Per Billion ( ppb ),0,y,Fresno-Garland                           
3781,6/26/2025,11,12:30 PM,53.7,OZONE,Parts Per Billion ( ppb ),0,y,Fresno-Garland                           
3781,6/26/2025,12,1:30 PM,56,OZONE,Parts Per Billion ( ppb ),0,y,Fresno-Garland                           
3781,6/26/2025,13,2:30 PM,56.9,OZONE,Parts Per Billion ( ppb ),0,y,Fresno-Garland                           
3781,6/26/2025,14,3:30 PM,58.1,OZONE,Parts Per Billion ( ppb ),0,y,Fresno-Garland                           
3781,6/26/2025,15,4:30 PM,59,OZONE,Parts Per Billion ( ppb ),0,y,Fresno-Garland                           
3781,6/26/2025,16,5:30 PM,54.1,OZONE,Parts Per Billion ( ppb ),0,y,Fresno-Garland                           
3781,6/26/2025,17,6:30 PM,53.4,OZONE,Parts Per Billion ( ppb ),0,y,Fresno-Garland                           
3781,6/26/2025,18,7:30 PM,51.7,OZONE,Parts Per Billion ( ppb ),0,y,Fresno-Garland                           
3781,6/26/2025,19,8:30 PM,50.2,OZONE,Parts Per Billion ( ppb ),0,y,Fresno-Garland                           
3781,6/26/2025,20,9:30 PM,49,OZONE,Parts Per Billion ( ppb ),0,y,Fresno-Garland                           
3781,6/26/2025,21,10:30 PM,46.4,OZONE,Parts Per Billion ( ppb ),0,y,Fresno-Garland                           
3781,6/26/2025,22,11:30 PM,44.6,OZONE,Parts Per Billion ( ppb ),0,y,Fresno-Garland                           
3781,6/27/2025,23,12:30 AM,33.8,OZONE,Parts Per Billion ( ppb ),0,y,Fresno-Garland                           
3781,6/27/2025,0,1:30 AM,29.7,OZONE,Parts Per Billion ( ppb ),0,y,Fresno-Garland                           
3781,6/27/2025,1,2:30 AM,26.1,OZONE,Parts Per Billion ( ppb ),0,y,Fresno-Garland                           
3781,6/27/2025,2,3:30 AM,21.2,OZONE,Parts Per Billion ( ppb ),0,y,Fresno-Garland                           
3781,6/27/2025,3,4:30 AM,18.4,OZONE,Parts Per Billion ( ppb ),0,y,Fresno-Garland                           
3781,6/27/2025,5,6:30 AM,16.3,OZONE,Parts Per Billion ( ppb ),0,y,Fresno-Garland                           
3781,6/27/2025,6,7:30 AM,21.5,OZONE,Parts Per Billion ( ppb ),0,y,Fresno-Garland                           
3781,6/27/2025,7,8:30 AM,31.2,OZONE,Parts Per Billion ( ppb ),0,y,Fresno-Garland                           
3781,6/27/2025,8,9:30 AM,41.2,OZONE,Parts Per Billion ( ppb ),0,y,Fresno-Garland                           
3781,6/27/2025,9,10:30 AM,53.1,OZONE,Parts Per Billion ( ppb ),0,y,Fresno-Garland                           
3781,6/27/2025,10,11:30 AM,63.3,OZONE,Parts Per Billion ( ppb ),0,y,Fresno-Garland                           
3781,6/27/2025,11,12:30 PM,63.4,OZONE,Parts Per Billion ( ppb ),0,y,Fresno-Garland                           
3781,6/27/2025,12,1:30 PM,56.7,OZONE,Parts Per Billion ( ppb ),0,y,Fresno-Garland                           
3781,6/27/2025,13,2:30 PM,63.1,OZONE,Parts Per Billion ( ppb ),0,y,Fresno-Garland                           
3781,6/27/2025,14,3:30 PM,63.9,OZONE,Parts Per Billion ( ppb ),0,y,Fresno-Garland                           
3781,6/27/2025,15,4:30 PM,63.2,OZONE,Parts Per Billion ( ppb ),0,y,Fresno-Garland                           
3781,6/27/2025,16,5:30 PM,63.4,OZONE,Parts Per Billion ( ppb ),0,y,Fresno-Garland                           
3781,6/27/2025,17,6:30 PM,60.1,OZONE,Parts Per Billion ( ppb ),0,y,Fresno-Garland                           
3781,6/27/2025,18,7:30 PM,55.1,OZONE,Parts Per Billion ( ppb ),0,y,Fresno-Garland                           
3781,6/27/2025,19,8:30 PM,53.4,OZONE,Parts Per Billion ( ppb ),0,y,Fresno-Garland                           
3781,6/27/2025,20,9:30 PM,49.5,OZONE,Parts Per Billion ( ppb ),0,y,Fresno-Garland                           
3781,6/27/2025,21,10:30 PM,47.3,OZONE,Parts Per Billion ( ppb ),0,y,Fresno-Garland                           
3781,6/27/2025,22,11:30 PM,43.3,OZONE,Parts Per Billion ( ppb ),0,y,Fresno-Garland                           
3781,6/28/2025,23,12:30 AM,36.2,OZONE,Parts Per Billion ( ppb ),0,y,Fresno-Garland                           
3781,6/28/2025,0,1:30 AM,32.8,OZONE,Parts Per Billion ( ppb ),0,y,Fresno-Garland                           
3781,6/28/2025,1,2:30 AM,27.7,OZONE,Parts Per Billion ( ppb ),0,y,Fresno-Garland                           
3781,6/28/2025,2,3:30 AM,22.4,OZONE,Parts Per Billion ( ppb ),0,y,Fresno-Garland                           
3781,6/28/2025,3,4:30 AM,19.9,OZONE,Parts Per Billion ( ppb ),0,y,Fresno-Garland                           
3781,6/28/2025,5,6:30 AM,17.2,OZONE,Parts Per Billion ( ppb ),0,y,Fresno-Garland                           
3781,6/28/2025,6,7:30 AM,24.6,OZONE,Parts Per Billion ( ppb ),0,y,Fresno-Garland                           
3781,6/28/2025,7,8:30 AM,30.9,OZONE,Parts Per Billion ( ppb ),0,y,Fresno-Garland                           
3781,6/28/2025,8,9:30 AM,43,OZONE,Parts Per Billion ( ppb ),0,y,Fresno-Garland                           
3781,6/28/2025,9,10:30 AM,55.6,OZONE,Parts Per Billion ( ppb ),0,y,Fresno-Garland                           
3781,6/28/2025,10,11:30 AM,71.8,OZONE,Parts Per Billion ( ppb ),0,y,Fresno-Garland                           
3781,6/28/2025,11,12:30 PM,82.6,OZONE,Parts Per Billion ( ppb ),0,y,Fresno-Garland                           
3781,6/28/2025,12,1:30 PM,71.8,OZONE,Parts Per Billion ( ppb ),0,y,Fresno-Garland                           
3781,6/28/2025,13,2:30 PM,63,OZONE,Parts Per Billion ( ppb ),0,y,Fresno-Garland                           
3781,6/28/2025,14,3:30 PM,60.3,OZONE,Parts Per Billion ( ppb ),0,y,Fresno-Garland                           
3781,6/28/2025,15,4:30 PM,63.4,OZONE,Parts Per Billion ( ppb ),0,y,Fresno-Garland                           
3781,6/28/2025,16,5:30 PM,63.9,OZONE,Parts Per Billion ( ppb ),0,y,Fresno-Garland                           
3781,6/28/2025,17,6:30 PM,62.7,OZONE,Parts Per Billion ( ppb ),0,y,Fresno-Garland                           
3781,6/28/2025,18,7:30 PM,60,OZONE,Parts Per Billion ( ppb ),0,y,Fresno-Garland                           
3781,6/28/2025,19,8:30 PM,56.2,OZONE,Parts Per Billion ( ppb ),0,y,Fresno-Garland                           
3781,6/28/2025,20,9:30 PM,56,OZONE,Parts Per Billion ( ppb ),0,y,Fresno-Garland                           
3781,6/28/2025,21,10:30 PM,53.4,OZONE,Parts Per Billion ( ppb ),0,y,Fresno-Garland                           
3781,6/28/2025,22,11:30 PM,42.4,OZONE,Parts Per Billion ( ppb ),0,y,Fresno-Garland                           
3781,6/29/2025,23,12:30 AM,34.7,OZONE,Parts Per Billion ( ppb ),0,y,Fresno-Garland                           
3781,6/29/2025,0,1:30 AM,32.6,OZONE,Parts Per Billion ( ppb ),0,y,Fresno-Garland                           
3781,6/29/2025,1,2:30 AM,28.3,OZONE,Parts Per Billion ( ppb ),0,y,Fresno-Garland                           
3781,6/29/2025,2,3:30 AM,25,OZONE,Parts Per Billion ( ppb ),0,y,Fresno-Garland                           
3781,6/29/2025,3,4:30 AM,22.9,OZONE,Parts Per Billion ( ppb ),0,y,Fresno-Garland                           
3781,6/29/2025,5,6:30 AM,15.5,OZONE,Parts Per Billion ( ppb ),0,y,Fresno-Garland                           
3781,6/29/2025,6,7:30 AM,21.7,OZONE,Parts Per Billion ( ppb ),0,y,Fresno-Garland                           
3781,6/29/2025,7,8:30 AM,28.2,OZONE,Parts Per Billion ( ppb ),0,y,Fresno-Garland                           
3781,6/29/2025,8,9:30 AM,39.7,OZONE,Parts Per Billion ( ppb ),0,y,Fresno-Garland                           
3781,6/29/2025,9,10:30 AM,49.9,OZONE,Parts Per Billion ( ppb ),0,y,Fresno-Garland                           
3781,6/29/2025,10,11:30 AM,59.9,OZONE,Parts Per Billion ( ppb ),0,y,Fresno-Garland                           
3781,6/29/2025,11,12:30 PM,66.1,OZONE,Parts Per Billion ( ppb ),0,y,Fresno-Garland                           
3781,6/29/2025,12,1:30 PM,61.9,OZONE,Parts Per Billion ( ppb ),0,y,Fresno-Garland                           
3781,6/29/2025,13,2:30 PM,58.8,OZONE,Parts Per Billion ( ppb ),0,y,Fresno-Garland                           
3781,6/29/2025,14,3:30 PM,61.2,OZONE,Parts Per Billion ( ppb ),0,y,Fresno-Garland                           
3781,6/29/2025,15,4:30 PM,58.8,OZONE,Parts Per Billion ( ppb ),0,y,Fresno-Garland                           
3781,6/29/2025,16,5:30 PM,62,OZONE,Parts Per Billion ( ppb ),0,y,Fresno-Garland                           
3781,6/29/2025,17,6:30 PM,62.6,OZONE,Parts Per Billion ( ppb ),0,y,Fresno-Garland                           
3781,6/29/2025,18,7:30 PM,57,OZONE,Parts Per Billion ( ppb ),0,y,Fresno-Garland                           
3781,6/29/2025,19,8:30 PM,51.4,OZONE,Parts Per Billion ( ppb ),0,y,Fresno-Garland                           
3781,6/29/2025,20,9:30 PM,48.2,OZONE,Parts Per Billion ( ppb ),0,y,Fresno-Garland                           
3781,6/29/2025,21,10:30 PM,49.4,OZONE,Parts Per Billion ( ppb ),0,y,Fresno-Garland                           
3781,6/29/2025,22,11:30 PM,44.6,OZONE,Parts Per Billion ( ppb ),0,y,Fresno-Garland                           
3781,6/30/2025,23,12:30 AM,42.6,OZONE,Parts Per Billion ( ppb ),0,y,Fresno-Garland                           
3781,6/30/2025,0,1:30 AM,36.2,OZONE,Parts Per Billion ( ppb ),0,y,Fresno-Garland                           
3781,6/30/2025,1,2:30 AM,31.8,OZONE,Parts Per Billion ( ppb ),0,y,Fresno-Garland                           
3781,6/30/2025,2,3:30 AM,29.4,OZONE,Parts Per Billion ( ppb ),0,y,Fresno-Garland                           
3781,6/30/2025,3,4:30 AM,24.2,OZONE,Parts Per Billion ( ppb ),0,y,Fresno-Garland                           
3781,6/30/2025,5,6:30 AM,17.7,OZONE,Parts Per Billion ( ppb ),0,y,Fresno-Garland                           
3781,6/30/2025,6,7:30 AM,23.6,OZONE,Parts Per Billion ( ppb ),0,y,Fresno-Garland                           
3781,6/30/2025,7,8:30 AM,32.6,OZONE,Parts Per Billion ( ppb ),0,y,Fresno-Garland                           
3781,6/30/2025,8,9:30 AM,42.6,OZONE,Parts Per Billion ( ppb ),0,y,Fresno-Garland                           
3781,6/30/2025,9,10:30 AM,50,OZONE,Parts Per Billion ( ppb ),0,y,Fresno-Garland                           
3781,6/30/2025,10,11:30 AM,59,OZONE,Parts Per Billion ( ppb ),0,y,Fresno-Garland                           
3781,6/30/2025,11,12:30 PM,59.3,OZONE,Parts Per Billion ( ppb ),0,y,Fresno-Garland                           
3781,6/30/2025,12,1:30 PM,57.3,OZONE,Parts Per Billion ( ppb ),0,y,Fresno-Garland                           
3781,6/30/2025,13,2:30 PM,60,OZONE,Parts Per Billion ( ppb ),0,y,Fresno-Garland                           
3781,6/30/2025,14,3:30 PM,62.7,OZONE,Parts Per Billion ( ppb ),0,y,Fresno-Garland                           
3781,6/30/2025,15,4:30 PM,65.3,OZONE,Parts Per Billion ( ppb ),0,y,Fresno-Garland                           
3781,6/30/2025,16,5:30 PM,64.4,OZONE,Parts Per Billion ( ppb ),0,y,Fresno-Garland                           
3781,6/30/2025,17,6:30 PM,62.8,OZONE,Parts Per Billion ( ppb ),0,y,Fresno-Garland                           
3781,6/30/2025,18,7:30 PM,57.3,OZONE,Parts Per Billion ( ppb ),0,y,Fresno-Garland                           
3781,6/30/2025,19,8:30 PM,59.1,OZONE,Parts Per Billion ( ppb ),0,y,Fresno-Garland                           
3781,6/30/2025,20,9:30 PM,57.3,OZONE,Parts Per Billion ( ppb ),0,y,Fresno-Garland                           
3781,6/30/2025,21,10:30 PM,52.8,OZONE,Parts Per Billion ( ppb ),0,y,Fresno-Garland                           
3781,6/30/2025,22,11:30 PM,44.6,OZONE,Parts Per Billion ( ppb ),0,y,Fresno-Garland                           
3781,7/1/2025,23,12:30 AM,38.2,OZONE,Parts Per Billion ( ppb ),0,y,Fresno-Garland                           
3781,7/1/2025,0,1:30 AM,34.5,OZONE,Parts Per Billion ( ppb ),0,y,Fresno-Garland                           
3781,7/1/2025,1,2:30 AM,31.3,OZONE,Parts Per Billion ( ppb ),0,y,Fresno-Garland                           
3781,7/1/2025,2,3:30 AM,27.5,OZONE,Parts Per Billion ( ppb ),0,y,Fresno-Garland                           
3781,7/1/2025,3,4:30 AM,20.4,OZONE,Parts Per Billion ( ppb ),0,y,Fresno-Garland                           
3781,7/1/2025,5,6:30 AM,13.2,OZONE,Parts Per Billion ( ppb ),0,y,Fresno-Garland                           
3781,7/1/2025,6,7:30 AM,20.1,OZONE,Parts Per Billion ( ppb ),0,y,Fresno-Garland                           
3781,7/1/2025,7,8:30 AM,32.5,OZONE,Parts Per Billion ( ppb ),0,y,Fresno-Garland                           
3781,7/1/2025,8,9:30 AM,41.7,OZONE,Parts Per Billion ( ppb ),0,y,Fresno-Garland                           
3781,7/1/2025,9,10:30 AM,48.3,OZONE,Parts Per Billion ( ppb ),0,y,Fresno-Garland                           
3781,7/1/2025,10,11:30 AM,58.3,OZONE,Parts Per Billion ( ppb ),0,y,Fresno-Garland                           
3781,7/1/2025,11,12:30 PM,60.1,OZONE,Parts Per Billion ( ppb ),0,y,Fresno-Garland                           
3781,7/1/2025,12,1:30 PM,60.9,OZONE,Parts Per Billion ( ppb ),0,y,Fresno-Garland                           
3781,7/1/2025,13,2:30 PM,57.9,OZONE,Parts Per Billion ( ppb ),0,y,Fresno-Garland                           
3781,7/1/2025,14,3:30 PM,58.1,OZONE,Parts Per Billion ( ppb ),0,y,Fresno-Garland                           
3781,7/1/2025,15,4:30 PM,58.6,OZONE,Parts Per Billion ( ppb ),0,y,Fresno-Garland                           
3781,7/1/2025,16,5:30 PM,63,OZONE,Parts Per Billion ( ppb ),0,y,Fresno-Garland                           
3781,7/1/2025,17,6:30 PM,62.7,OZONE,Parts Per Billion ( ppb ),0,y,Fresno-Garland                           
3781,7/1/2025,18,7:30 PM,55.4,OZONE,Parts Per Billion ( ppb ),0,y,Fresno-Garland                           
3781,7/1/2025,19,8:30 PM,53,OZONE,Parts Per Billion ( ppb ),0,y,Fresno-Garland                           
3781,7/1/2025,20,9:30 PM,51.3,OZONE,Parts Per Billion ( ppb ),0,y,Fresno-Garland                           
3781,7/1/2025,21,10:30 PM,48.1,OZONE,Parts Per Billion ( ppb ),0,y,Fresno-Garland                           
3781,7/1/2025,22,11:30 PM,45.5,OZONE,Parts Per Billion ( ppb ),0,y,Fresno-Garland                           
3781,7/2/2025,23,12:30 AM,44.5,OZONE,Parts Per Billion ( ppb ),0,y,Fresno-Garland                           
3781,7/2/2025,0,1:30 AM,41,OZONE,Parts Per Billion ( ppb ),0,y,Fresno-Garland                           
3781,7/2/2025,1,2:30 AM,35.2,OZONE,Parts Per Billion ( ppb ),0,y,Fresno-Garland                           
3781,7/2/2025,2,3:30 AM,27.4,OZONE,Parts Per Billion ( ppb ),0,y,Fresno-Garland                           
3781,7/2/2025,3,4:30 AM,25.8,OZONE,Parts Per Billion ( ppb ),0,y,Fresno-Garland                           
3781,7/2/2025,5,6:30 AM,22.1,OZONE,Parts Per Billion ( ppb ),0,y,Fresno-Garland                           
3781,7/2/2025,6,7:30 AM,25.5,OZONE,Parts Per Billion ( ppb ),0,y,Fresno-Garland                           
3781,7/2/2025,7,8:30 AM,34.1,OZONE,Parts Per Billion ( ppb ),0,y,Fresno-Garland                           
3781,7/2/2025,8,9:30 AM,42.8,OZONE,Parts Per Billion ( ppb ),0,y,Fresno-Garland                           
3781,7/2/2025,9,10:30 AM,43.2,OZONE,Parts Per Billion ( ppb ),0,y,Fresno-Garland                           
3781,7/2/2025,10,11:30 AM,45.5,OZONE,Parts Per Billion ( ppb ),0,y,Fresno-Garland                           
3781,7/2/2025,11,12:30 PM,50.2,OZONE,Parts Per Billion ( ppb ),0,y,Fresno-Garland                           
3781,7/2/2025,12,1:30 PM,48.2,OZONE,Parts Per Billion ( ppb ),0,y,Fresno-Garland                           
3781,7/2/2025,13,2:30 PM,54.2,OZONE,Parts Per Billion ( ppb ),0,y,Fresno-Garland                           
3781,7/2/2025,14,3:30 PM,55.9,OZONE,Parts Per Billion ( ppb ),0,y,Fresno-Garland                           
3781,7/2/2025,15,4:30 PM,58.6,OZONE,Parts Per Billion ( ppb ),0,y,Fresno-Garland                           
3781,7/2/2025,16,5:30 PM,56.8,OZONE,Parts Per Billion ( ppb ),0,y,Fresno-Garland                           
3781,7/2/2025,17,6:30 PM,54.4,OZONE,Parts Per Billion ( ppb ),0,y,Fresno-Garland                           
3781,7/2/2025,18,7:30 PM,51.9,OZONE,Parts Per Billion ( ppb ),0,y,Fresno-Garland                           
3781,7/2/2025,19,8:30 PM,44.1,OZONE,Parts Per Billion ( ppb ),0,y,Fresno-Garland                           
3781,7/2/2025,20,9:30 PM,41.3,OZONE,Parts Per Billion ( ppb ),0,y,Fresno-Garland                           
3781,7/2/2025,21,10:30 PM,40,OZONE,Parts Per Billion ( ppb ),0,y,Fresno-Garland                           
3781,7/2/2025,22,11:30 PM,33.2,OZONE,Parts Per Billion ( ppb ),0,y,Fresno-Garland                           
3781,7/3/2025,23,12:30 AM,31.9,OZONE,Parts Per Billion ( ppb ),0,y,Fresno-Garland                           
3781,7/3/2025,0,1:30 AM,29.2,OZONE,Parts Per Billion ( ppb ),0,y,Fresno-Garland                           
3781,7/3/2025,1,2:30 AM,26.8,OZONE,Parts Per Billion ( ppb ),0,y,Fresno-Garland                           
3781,7/3/2025,2,3:30 AM,22.5,OZONE,Parts Per Billion ( ppb ),0,y,Fresno-Garland                           
3781,7/3/2025,3,4:30 AM,19.6,OZONE,Parts Per Billion ( ppb ),0,y,Fresno-Garland                           
3781,7/3/2025,5,6:30 AM,16.1,OZONE,Parts Per Billion ( ppb ),0,y,Fresno-Garland                           
3781,7/3/2025,6,7:30 AM,19.5,OZONE,Parts Per Billion ( ppb ),0,y,Fresno-Garland                           
3781,7/3/2025,7,8:30 AM,27.5,OZONE,Parts Per Billion ( ppb ),0,y,Fresno-Garland                           
3781,7/3/2025,8,9:30 AM,42.9,OZONE,Parts Per Billion ( ppb ),0,y,Fresno-Garland                           
3781,7/3/2025,9,10:30 AM,56.1,OZONE,Parts Per Billion ( ppb ),0,y,Fresno-Garland                           
3781,7/3/2025,10,11:30 AM,69.3,OZONE,Parts Per Billion ( ppb ),0,y,Fresno-Garland                           
3781,7/3/2025,11,12:30 PM,68.2,OZONE,Parts Per Billion ( ppb ),0,y,Fresno-Garland                           
3781,7/3/2025,12,1:30 PM,63.2,OZONE,Parts Per Billion ( ppb ),0,y,Fresno-Garland                           
3781,7/3/2025,13,2:30 PM,58.4,OZONE,Parts Per Billion ( ppb ),0,y,Fresno-Garland                           
3781,7/3/2025,14,3:30 PM,55,OZONE,Parts Per Billion ( ppb ),0,y,Fresno-Garland                           
3781,7/3/2025,15,4:30 PM,46.3,OZONE,Parts Per Billion ( ppb ),0,y,Fresno-Garland                           
3781,7/3/2025,16,5:30 PM,39.6,OZONE,Parts Per Billion ( ppb ),0,y,Fresno-Garland                           
3781,7/3/2025,17,6:30 PM,45.1,OZONE,Parts Per Billion ( ppb ),0,y,Fresno-Garland                           
3781,7/3/2025,18,7:30 PM,46.2,OZONE,Parts Per Billion ( ppb ),0,y,Fresno-Garland                           
3781,7/3/2025,19,8:30 PM,35.5,OZONE,Parts Per Billion ( ppb ),0,y,Fresno-Garland                           
3781,7/3/2025,20,9:30 PM,27.8,OZONE,Parts Per Billion ( ppb ),0,y,Fresno-Garland                           
3781,7/3/2025,21,10:30 PM,23.8,OZONE,Parts Per Billion ( ppb ),0,y,Fresno-Garland                           
3781,7/3/2025,22,11:30 PM,21.7,OZONE,Parts Per Billion ( ppb ),0,y,Fresno-Garland                           
3781,7/4/2025,23,12:30 AM,22.9,OZONE,Parts Per Billion ( ppb ),0,y,Fresno-Garland                           
3781,7/4/2025,0,1:30 AM,23.3,OZONE,Parts Per Billion ( ppb ),0,y,Fresno-Garland                           
3781,7/4/2025,1,2:30 AM,22,OZONE,Parts Per Billion ( ppb ),0,y,Fresno-Garland                           
3781,7/4/2025,2,3:30 AM,20.1,OZONE,Parts Per Billion ( ppb ),0,y,Fresno-Garland                           
3781,7/4/2025,3,4:30 AM,18.6,OZONE,Parts Per Billion ( ppb ),0,y,Fresno-Garland                           
3781,7/4/2025,5,6:30 AM,16.1,OZONE,Parts Per Billion ( ppb ),0,y,Fresno-Garland                           
3781,7/4/2025,6,7:30 AM,18.4,OZONE,Parts Per Billion ( ppb ),0,y,Fresno-Garland                           
3781,7/4/2025,7,8:30 AM,22.4,OZONE,Parts Per Billion ( ppb ),0,y,Fresno-Garland                           
3781,7/4/2025,8,9:30 AM,26.2,OZONE,Parts Per Billion ( ppb ),0,y,Fresno-Garland                           
3781,7/4/2025,9,10:30 AM,29.9,OZONE,Parts Per Billion ( ppb ),0,y,Fresno-Garland                           
3781,7/4/2025,10,11:30 AM,32.1,OZONE,Parts Per Billion ( ppb ),0,y,Fresno-Garland                           
3781,7/4/2025,11,12:30 PM,33.4,OZONE,Parts Per Billion ( ppb ),0,y,Fresno-Garland                           
3781,7/4/2025,12,1:30 PM,34.4,OZONE,Parts Per Billion ( ppb ),0,y,Fresno-Garland                           
3781,7/4/2025,13,2:30 PM,35.3,OZONE,Parts Per Billion ( ppb ),0,y,Fresno-Garland                           
3781,7/4/2025,14,3:30 PM,33.3,OZONE,Parts Per Billion ( ppb ),0,y,Fresno-Garland                           
3781,7/4/2025,15,4:30 PM,32.8,OZONE,Parts Per Billion ( ppb ),0,y,Fresno-Garland                           
3781,7/4/2025,16,5:30 PM,34.8,OZONE,Parts Per Billion ( ppb ),0,y,Fresno-Garland                           
3781,7/4/2025,17,6:30 PM,35.9,OZONE,Parts Per Billion ( ppb ),0,y,Fresno-Garland                           
3781,7/4/2025,18,7:30 PM,40.7,OZONE,Parts Per Billion ( ppb ),0,y,Fresno-Garland                           
3781,7/4/2025,19,8:30 PM,42.4,OZONE,Parts Per Billion ( ppb ),0,y,Fresno-Garland                           
3781,7/4/2025,20,9:30 PM,35.3,OZONE,Parts Per Billion ( ppb ),0,y,Fresno-Garland                           
3781,7/4/2025,21,10:30 PM,30.8,OZONE,Parts Per Billion ( ppb ),0,y,Fresno-Garland                           
3781,7/4/2025,22,11:30 PM,29.8,OZONE,Parts Per Billion ( ppb ),0,y,Fresno-Garland                           
3781,7/5/2025,23,12:30 AM,28.1,OZONE,Parts Per Billion ( ppb ),0,y,Fresno-Garland                           
3781,7/5/2025,0,1:30 AM,27,OZONE,Parts Per Billion ( ppb ),0,y,Fresno-Garland                           
3781,7/5/2025,1,2:30 AM,25.9,OZONE,Parts Per Billion ( ppb ),0,y,Fresno-Garland                           
3781,7/5/2025,2,3:30 AM,24.9,OZONE,Parts Per Billion ( ppb ),0,y,Fresno-Garland                           
3781,7/5/2025,3,4:30 AM,23.8,OZONE,Parts Per Billion ( ppb ),0,y,Fresno-Garland                           
3781,7/5/2025,5,6:30 AM,19.4,OZONE,Parts Per Billion ( ppb ),0,y,Fresno-Garland                           
3781,7/5/2025,6,7:30 AM,21.1,OZONE,Parts Per Billion ( ppb ),0,y,Fresno-Garland                           
3781,7/5/2025,7,8:30 AM,26.4,OZONE,Parts Per Billion ( ppb ),0,y,Fresno-Garland                           
3781,7/5/2025,8,9:30 AM,32.6,OZONE,Parts Per Billion ( ppb ),0,y,Fresno-Garland                           
3781,7/5/2025,9,10:30 AM,36.7,OZONE,Parts Per Billion ( ppb ),0,y,Fresno-Garland                           
3781,7/5/2025,10,11:30 AM,39.3,OZONE,Parts Per Billion ( ppb ),0,y,Fresno-Garland                           
3781,7/5/2025,11,12:30 PM,40.2,OZONE,Parts Per Billion ( ppb ),0,y,Fresno-Garland                           
3781,7/5/2025,12,1:30 PM,40.5,OZONE,Parts Per Billion ( ppb ),0,y,Fresno-Garland                           
3781,7/5/2025,13,2:30 PM,41.9,OZONE,Parts Per Billion ( ppb ),0,y,Fresno-Garland                           
3781,7/5/2025,14,3:30 PM,44.2,OZONE,Parts Per Billion ( ppb ),0,y,Fresno-Garland                           
3781,7/5/2025,15,4:30 PM,45.9,OZONE,Parts Per Billion ( ppb ),0,y,Fresno-Garland                           
3781,7/5/2025,16,5:30 PM,45.6,OZONE,Parts Per Billion ( ppb ),0,y,Fresno-Garland                           
3781,7/5/2025,17,6:30 PM,48.4,OZONE,Parts Per Billion ( ppb ),0,y,Fresno-Garland                           
3781,7/5/2025,18,7:30 PM,51,OZONE,Parts Per Billion ( ppb ),0,y,Fresno-Garland                           
3781,7/5/2025,19,8:30 PM,48.6,OZONE,Parts Per Billion ( ppb ),0,y,Fresno-Garland                           
3781,7/5/2025,20,9:30 PM,42.9,OZONE,Parts Per Billion ( ppb ),0,y,Fresno-Garland                           
3781,7/5/2025,21,10:30 PM,42.6,OZONE,Parts Per Billion ( ppb ),0,y,Fresno-Garland                           
3781,7/5/2025,22,11:30 PM,41.9,OZONE,Parts Per Billion ( ppb ),0,y,Fresno-Garland                           
3781,7/6/2025,23,12:30 AM,35.5,OZONE,Parts Per Billion ( ppb ),0,y,Fresno-Garland                           
3781,7/6/2025,0,1:30 AM,29.2,OZONE,Parts Per Billion ( ppb ),0,y,Fresno-Garland                           
3781,7/6/2025,1,2:30 AM,25.9,OZONE,Parts Per Billion ( ppb ),0,y,Fresno-Garland                           
3781,7/6/2025,2,3:30 AM,23.8,OZONE,Parts Per Billion ( ppb ),0,y,Fresno-Garland                           
3781,7/6/2025,3,4:30 AM,21.3,OZONE,Parts Per Billion ( ppb ),0,y,Fresno-Garland                           
3781,7/6/2025,5,6:30 AM,18.3,OZONE,Parts Per Billion ( ppb ),0,y,Fresno-Garland                           
3781,7/6/2025,6,7:30 AM,23.2,OZONE,Parts Per Billion ( ppb ),0,y,Fresno-Garland                           
3781,7/6/2025,7,8:30 AM,33.9,OZONE,Parts Per Billion ( ppb ),0,y,Fresno-Garland                           
3781,7/6/2025,8,9:30 AM,41.4,OZONE,Parts Per Billion ( ppb ),0,y,Fresno-Garland                           
3781,7/6/2025,9,10:30 AM,46,OZONE,Parts Per Billion ( ppb ),0,y,Fresno-Garland                           
3781,7/6/2025,10,11:30 AM,47,OZONE,Parts Per Billion ( ppb ),0,y,Fresno-Garland                           
3781,7/6/2025,11,12:30 PM,48.3,OZONE,Parts Per Billion ( ppb ),0,y,Fresno-Garland                           
3781,7/6/2025,12,1:30 PM,51.2,OZONE,Parts Per Billion ( ppb ),0,y,Fresno-Garland                           
3781,7/6/2025,13,2:30 PM,50.1,OZONE,Parts Per Billion ( ppb ),0,y,Fresno-Garland                           
3781,7/6/2025,14,3:30 PM,50.2,OZONE,Parts Per Billion ( ppb ),0,y,Fresno-Garland                           
3781,7/6/2025,15,4:30 PM,50.1,OZONE,Parts Per Billion ( ppb ),0,y,Fresno-Garland                           
3781,7/6/2025,16,5:30 PM,51,OZONE,Parts Per Billion ( ppb ),0,y,Fresno-Garland                           
3781,7/6/2025,17,6:30 PM,51.3,OZONE,Parts Per Billion ( ppb ),0,y,Fresno-Garland                           
3781,7/6/2025,18,7:30 PM,51.8,OZONE,Parts Per Billion ( ppb ),0,y,Fresno-Garland                           
3781,7/6/2025,19,8:30 PM,47.5,OZONE,Parts Per Billion ( ppb ),0,y,Fresno-Garland                           
3781,7/6/2025,20,9:30 PM,44.7,OZONE,Parts Per Billion ( ppb ),0,y,Fresno-Garland                           
3781,7/6/2025,21,10:30 PM,40.9,OZONE,Parts Per Billion ( ppb ),0,y,Fresno-Garland                           
3781,7/6/2025,22,11:30 PM,36.7,OZONE,Parts Per Billion ( ppb ),0,y,Fresno-Garland                           
3781,7/7/2025,23,12:30 AM,34.7,OZONE,Parts Per Billion ( ppb ),0,y,Fresno-Garland                           
3781,7/7/2025,0,1:30 AM,31.4,OZONE,Parts Per Billion ( ppb ),0,y,Fresno-Garland                           
3781,7/7/2025,1,2:30 AM,29,OZONE,Parts Per Billion ( ppb ),0,y,Fresno-Garland                           
3781,7/7/2025,2,3:30 AM,25,OZONE,Parts Per Billion ( ppb ),0,y,Fresno-Garland                           
3781,7/7/2025,3,4:30 AM,22.2,OZONE,Parts Per Billion ( ppb ),0,y,Fresno-Garland                           
3781,7/7/2025,5,6:30 AM,18.9,OZONE,Parts Per Billion ( ppb ),0,y,Fresno-Garland                           
3781,7/7/2025,6,7:30 AM,24.1,OZONE,Parts Per Billion ( ppb ),0,y,Fresno-Garland                           
3781,7/7/2025,7,8:30 AM,30,OZONE,Parts Per Billion ( ppb ),0,y,Fresno-Garland                           
3781,7/7/2025,8,9:30 AM,39.8,OZONE,Parts Per Billion ( ppb ),0,y,Fresno-Garland                           
3781,7/7/2025,9,10:30 AM,50,OZONE,Parts Per Billion ( ppb ),0,y,Fresno-Garland                           
3781,7/7/2025,10,11:30 AM,63.1,OZONE,Parts Per Billion ( ppb ),0,y,Fresno-Garland                           
3781,7/7/2025,11,12:30 PM,79.3,OZONE,Parts Per Billion ( ppb ),0,y,Fresno-Garland                           
3781,7/7/2025,12,1:30 PM,73.3,OZONE,Parts Per Billion ( ppb ),0,y,Fresno-Garland                           
3781,7/7/2025,13,2:30 PM,64.8,OZONE,Parts Per Billion ( ppb ),0,y,Fresno-Garland                           
3781,7/7/2025,14,3:30 PM,63.7,OZONE,Parts Per Billion ( ppb ),0,y,Fresno-Garland                           
3781,7/7/2025,15,4:30 PM,61.4,OZONE,Parts Per Billion ( ppb ),0,y,Fresno-Garland                           
3781,7/7/2025,16,5:30 PM,61.9,OZONE,Parts Per Billion ( ppb ),0,y,Fresno-Garland                           
3781,7/7/2025,17,6:30 PM,61.8,OZONE,Parts Per Billion ( ppb ),0,y,Fresno-Garland                           
3781,7/7/2025,18,7:30 PM,59.4,OZONE,Parts Per Billion ( ppb ),0,y,Fresno-Garland                           
3781,7/7/2025,19,8:30 PM,50.2,OZONE,Parts Per Billion ( ppb ),0,y,Fresno-Garland                           
3781,7/7/2025,20,9:30 PM,39.9,OZONE,Parts Per Billion ( ppb ),0,y,Fresno-Garland                           
3781,7/7/2025,21,10:30 PM,38.4,OZONE,Parts Per Billion ( ppb ),0,y,Fresno-Garland                           
3781,7/7/2025,22,11:30 PM,35.9,OZONE,Parts Per Billion ( ppb ),0,y,Fresno-Garland                           
3781,7/8/2025,23,12:30 AM,31.1,OZONE,Parts Per Billion ( ppb ),0,y,Fresno-Garland                           
3781,7/8/2025,0,1:30 AM,28.3,OZONE,Parts Per Billion ( ppb ),0,y,Fresno-Garland                           
3781,7/8/2025,1,2:30 AM,27.5,OZONE,Parts Per Billion ( ppb ),0,y,Fresno-Garland                           
3781,7/8/2025,2,3:30 AM,27.2,OZONE,Parts Per Billion ( ppb ),0,y,Fresno-Garland                           
3781,7/8/2025,3,4:30 AM,25.5,OZONE,Parts Per Billion ( ppb ),0,y,Fresno-Garland                           
3781,7/8/2025,5,6:30 AM,13.8,OZONE,Parts Per Billion ( ppb ),0,y,Fresno-Garland                           
3781,7/8/2025,6,7:30 AM,17.4,OZONE,Parts Per Billion ( ppb ),0,y,Fresno-Garland                           
3781,7/8/2025,7,8:30 AM,24.4,OZONE,Parts Per Billion ( ppb ),0,y,Fresno-Garland                           
3781,7/8/2025,8,9:30 AM,34.8,OZONE,Parts Per Billion ( ppb ),0,y,Fresno-Garland                           
3781,7/8/2025,9,10:30 AM,46.1,OZONE,Parts Per Billion ( ppb ),0,y,Fresno-Garland                           
3781,7/8/2025,10,11:30 AM,50,OZONE,Parts Per Billion ( ppb ),0,y,Fresno-Garland                           
3781,7/8/2025,11,12:30 PM,56.7,OZONE,Parts Per Billion ( ppb ),0,y,Fresno-Garland                           
3781,7/8/2025,12,1:30 PM,56.1,OZONE,Parts Per Billion ( ppb ),0,y,Fresno-Garland                           
3781,7/8/2025,13,2:30 PM,58.9,OZONE,Parts Per Billion ( ppb ),0,y,Fresno-Garland                           
3781,7/8/2025,14,3:30 PM,57.5,OZONE,Parts Per Billion ( ppb ),0,y,Fresno-Garland                           
3781,7/8/2025,15,4:30 PM,56.1,OZONE,Parts Per Billion ( ppb ),0,y,Fresno-Garland                           
3781,7/8/2025,16,5:30 PM,57.3,OZONE,Parts Per Billion ( ppb ),0,y,Fresno-Garland                           
3781,7/8/2025,17,6:30 PM,58.3,OZONE,Parts Per Billion ( ppb ),0,y,Fresno-Garland                           
3781,7/8/2025,18,7:30 PM,58.7,OZONE,Parts Per Billion ( ppb ),0,y,Fresno-Garland                           
3781,7/8/2025,19,8:30 PM,53.9,OZONE,Parts Per Billion ( ppb ),0,y,Fresno-Garland                           
3781,7/8/2025,20,9:30 PM,48.7,OZONE,Parts Per Billion ( ppb ),0,y,Fresno-Garland                           
3781,7/8/2025,21,10:30 PM,45.5,OZONE,Parts Per Billion ( ppb ),0,y,Fresno-Garland                           
3781,7/8/2025,22,11:30 PM,40.4,OZONE,Parts Per Billion ( ppb ),0,y,Fresno-Garland                           
3781,7/9/2025,23,12:30 AM,33.7,OZONE,Parts Per Billion ( ppb ),0,y,Fresno-Garland                           
3781,7/9/2025,0,1:30 AM,27,OZONE,Parts Per Billion ( ppb ),0,y,Fresno-Garland                           
3781,7/9/2025,1,2:30 AM,21.9,OZONE,Parts Per Billion ( ppb ),0,y,Fresno-Garland                           
3781,7/9/2025,2,3:30 AM,19.4,OZONE,Parts Per Billion ( ppb ),0,y,Fresno-Garland                           
3781,7/9/2025,3,4:30 AM,17.9,OZONE,Parts Per Billion ( ppb ),0,y,Fresno-Garland                           
3781,7/9/2025,5,6:30 AM,15.9,OZONE,Parts Per Billion ( ppb ),0,y,Fresno-Garland                           
3781,7/9/2025,6,7:30 AM,17.7,OZONE,Parts Per Billion ( ppb ),0,y,Fresno-Garland                           
3781,7/9/2025,7,8:30 AM,21.1,OZONE,Parts Per Billion ( ppb ),0,y,Fresno-Garland                           
3781,7/9/2025,8,9:30 AM,28.7,OZONE,Parts Per Billion ( ppb ),0,y,Fresno-Garland                           
3781,7/9/2025,9,10:30 AM,38,OZONE,Parts Per Billion ( ppb ),0,y,Fresno-Garland                           
3781,7/9/2025,10,11:30 AM,46.4,OZONE,Parts Per Billion ( ppb ),0,y,Fresno-Garland                           
3781,7/9/2025,11,12:30 PM,53,OZONE,Parts Per Billion ( ppb ),0,y,Fresno-Garland                           
3781,7/9/2025,12,1:30 PM,54,OZONE,Parts Per Billion ( ppb ),0,y,Fresno-Garland                           
3781,7/9/2025,13,2:30 PM,56.3,OZONE,Parts Per Billion ( ppb ),0,y,Fresno-Garland                           
3781,7/9/2025,14,3:30 PM,56.5,OZONE,Parts Per Billion ( ppb ),0,y,Fresno-Garland                           
3781,7/9/2025,15,4:30 PM,55.9,OZONE,Parts Per Billion ( ppb ),0,y,Fresno-Garland                           
3781,7/9/2025,16,5:30 PM,57.3,OZONE,Parts Per Billion ( ppb ),0,y,Fresno-Garland                           
3781,7/9/2025,17,6:30 PM,56.3,OZONE,Parts Per Billion ( ppb ),0,y,Fresno-Garland                           
3781,7/9/2025,18,7:30 PM,53.3,OZONE,Parts Per Billion ( ppb ),0,y,Fresno-Garland                           
3781,7/9/2025,19,8:30 PM,49.5,OZONE,Parts Per Billion ( ppb ),0,y,Fresno-Garland                           
3781,7/9/2025,20,9:30 PM,44.4,OZONE,Parts Per Billion ( ppb ),0,y,Fresno-Garland                           
3781,7/9/2025,21,10:30 PM,41,OZONE,Parts Per Billion ( ppb ),0,y,Fresno-Garland                           
3781,7/9/2025,22,11:30 PM,39.6,OZONE,Parts Per Billion ( ppb ),0,y,Fresno-Garland                           
3781,7/10/2025,23,12:30 AM,33.7,OZONE,Parts Per Billion ( ppb ),0,y,Fresno-Garland                           
3781,7/10/2025,0,1:30 AM,34,OZONE,Parts Per Billion ( ppb ),0,y,Fresno-Garland                           
3781,7/10/2025,1,2:30 AM,31.1,OZONE,Parts Per Billion ( ppb ),0,y,Fresno-Garland                           
3781,7/10/2025,2,3:30 AM,27.6,OZONE,Parts Per Billion ( ppb ),0,y,Fresno-Garland                           
3781,7/10/2025,3,4:30 AM,23.8,OZONE,Parts Per Billion ( ppb ),0,y,Fresno-Garland                           
3781,7/10/2025,5,6:30 AM,15.5,OZONE,Parts Per Billion ( ppb ),0,y,Fresno-Garland                          
