site,date,start_hour,value,variable,units,quality,prelim,name 
3781,2025-07-10,0,34.0,OZONE,Parts Per Billion ( ppb ),0,y,Fresno-Garland                           
3781,2025-07-10,1,31.1,OZONE,Parts Per Billion ( ppb ),0,y,Fresno-Garland                           
3781,2025-07-10,2,27.6,OZONE,Parts Per Billion ( ppb ),0,y,Fresno-Garland                           
3781,2025-07-10,3,23.8,OZONE,Parts Per Billion ( ppb ),0,y,Fresno-Garland                           
3781,2025-07-10,5,15.5,OZONE,Parts Per Billion ( ppb ),0,y,Fresno-Garland                           
3781,2025-07-10,6,22.9,OZONE,Parts Per Billion ( ppb ),0,y,Fresno-Garland                           
3781,2025-07-10,7,33.7,OZONE,Parts Per Billion ( ppb ),0,y,Fresno-Garland                           
3781,2025-07-10,8,47.6,OZONE,Parts Per Billion ( ppb ),0,y,Fresno-Garland                           
3781,2025-07-10,9,61.7,OZONE,Parts Per Billion ( ppb ),0,y,Fresno-Garland                           
3781,2025-07-10,10,62.3,OZONE,Parts Per Billion ( ppb ),0,y,Fresno-Garland                           
3781,2025-07-10,11,57.5,OZONE,Parts Per Billion ( ppb ),0,y,Fresno-Garland                           
3781,2025-07-10,12,55.9,OZONE,Parts Per Billion ( ppb ),0,y,Fresno-Garland                           
3781,2025-07-10,13,55.9,OZONE,Parts Per Billion ( ppb ),0,y,Fresno-Garland                           
3781,2025-07-10,14,57.8,OZONE,Parts Per Billion ( ppb ),0,y,Fresno-Garland                           
3781,2025-07-10,15,59.9,OZONE,Parts Per Billion ( ppb ),0,y,Fresno-Garland                           
3781,2025-07-10,16,63.0,OZONE,Parts Per Billion ( ppb ),0,y,Fresno-Garland                           
3781,2025-07-10,17,62.9,OZONE,Parts Per Billion ( ppb ),0,y,Fresno-Garland                           
3781,2025-07-10,18,60.1,OZONE,Parts Per Billion ( ppb ),0,y,Fresno-Garland                           
3781,2025-07-10,19,49.0,OZONE,Parts Per Billion ( ppb ),0,y,Fresno-Garland                           
3781,2025-07-10,20,45.3,OZONE,Parts Per Billion ( ppb ),0,y,Fresno-Garland                           
3781,2025-07-10,21,33.7,OZONE,Parts Per Billion ( ppb ),0,y,Fresno-Garland                           
3781,2025-07-10,22,28.0,OZONE,Parts Per Billion ( ppb ),0,y,Fresno-Garland                           
3781,2025-07-10,23,28.2,OZONE,Parts Per Billion ( ppb ),0,y,Fresno-Garland                           
3781,2025-07-11,0,28.7,OZONE,Parts Per Billion ( ppb ),0,y,Fresno-Garland                           
3781,2025-07-11,1,25.1,OZONE,Parts Per Billion ( ppb ),0,y,Fresno-Garland                           
3781,2025-07-11,2,21.4,OZONE,Parts Per Billion ( ppb ),0,y,Fresno-Garland                           
3781,2025-07-11,3,22.3,OZONE,Parts Per Billion ( ppb ),0,y,Fresno-Garland                           
3781,2025-07-11,5,15.0,OZONE,Parts Per Billion ( ppb ),0,y,Fresno-Garland                           
3781,2025-07-11,6,24.3,OZONE,Parts Per Billion ( ppb ),0,y,Fresno-Garland                           
3781,2025-07-11,7,37.0,OZONE,Parts Per Billion ( ppb ),0,y,Fresno-Garland                           
3781,2025-07-11,8,51.7,OZONE,Parts Per Billion ( ppb ),0,y,Fresno-Garland                           
3781,2025-07-11,9,61.9,OZONE,Parts Per Billion ( ppb ),0,y,Fresno-Garland                           
3781,2025-07-11,10,72.0,OZONE,Parts Per Billion ( ppb ),0,y,Fresno-Garland                           
3781,2025-07-11,11,77.0,OZONE,Parts Per Billion ( ppb ),0,y,Fresno-Garland                           
3781,2025-07-11,12,78.9,OZONE,Parts Per Billion ( ppb ),0,y,Fresno-Garland                           
3781,2025-07-11,13,74.6,OZONE,Parts Per Billion ( ppb ),0,y,Fresno-Garland                           
3781,2025-07-11,14,65.2,OZONE,Parts Per Billion ( ppb ),0,y,Fresno-Garland                           
3781,2025-07-11,15,63.3,OZONE,Parts Per Billion ( ppb ),0,y,Fresno-Garland                           
3781,2025-07-11,16,62.0,OZONE,Parts Per Billion ( ppb ),0,y,Fresno-Garland                           
3781,2025-07-11,17,62.8,OZONE,Parts Per Billion ( ppb ),0,y,Fresno-Garland                           
3781,2025-07-11,18,63.0,OZONE,Parts Per Billion ( ppb ),0,y,Fresno-Garland                           
3781,2025-07-11,19,62.4,OZONE,Parts Per Billion ( ppb ),0,y,Fresno-Garland                           
3781,2025-07-11,20,49.8,OZONE,Parts Per Billion ( ppb ),0,y,Fresno-Garland                           
3781,2025-07-11,21,44.6,OZONE,Parts Per Billion ( ppb ),0,y,Fresno-Garland                           
3781,2025-07-11,22,41.3,OZONE,Parts Per Billion ( ppb ),0,y,Fresno-Garland                           
3781,2025-07-11,23,39.1,OZONE,Parts Per Billion ( ppb ),0,y,Fresno-Garland                           
3781,2025-07-12,0,36.2,OZONE,Parts Per Billion ( ppb ),0,y,Fresno-Garland                           
3781,2025-07-12,1,28.2,OZONE,Parts Per Billion ( ppb ),0,y,Fresno-Garland                           
3781,2025-07-12,2,23.5,OZONE,Parts Per Billion ( ppb ),0,y,Fresno-Garland                           
3781,2025-07-12,3,22.4,OZONE,Parts Per Billion ( ppb ),0,y,Fresno-Garland                           
3781,2025-07-12,5,22.0,OZONE,Parts Per Billion ( ppb ),0,y,Fresno-Garland                           
3781,2025-07-12,6,25.6,OZONE,Parts Per Billion ( ppb ),0,y,Fresno-Garland                           
3781,2025-07-12,7,37.1,OZONE,Parts Per Billion ( ppb ),0,y,Fresno-Garland                           
3781,2025-07-12,8,47.4,OZONE,Parts Per Billion ( ppb ),0,y,Fresno-Garland                           
3781,2025-07-12,9,60.3,OZONE,Parts Per Billion ( ppb ),0,y,Fresno-Garland                           
3781,2025-07-12,10,72.8,OZONE,Parts Per Billion ( ppb ),0,y,Fresno-Garland                           
3781,2025-07-12,11,89.7,OZONE,Parts Per Billion ( ppb ),0,y,Fresno-Garland                           
3781,2025-07-12,12,87.9,OZONE,Parts Per Billion ( ppb ),0,y,Fresno-Garland                           
3781,2025-07-12,13,68.7,OZONE,Parts Per Billion ( ppb ),0,y,Fresno-Garland                           
3781,2025-07-12,14,62.9,OZONE,Parts Per Billion ( ppb ),0,y,Fresno-Garland                           
3781,2025-07-12,15,61.3,OZONE,Parts Per Billion ( ppb ),0,y,Fresno-Garland                           
3781,2025-07-12,16,64.6,OZONE,Parts Per Billion ( ppb ),0,y,Fresno-Garland                           
3781,2025-07-12,17,66.8,OZONE,Parts Per Billion ( ppb ),0,y,Fresno-Garland                           
3781,2025-07-12,18,66.1,OZONE,Parts Per Billion ( ppb ),0,y,Fresno-Garland                           
3781,2025-07-12,19,63.2,OZONE,Parts Per Billion ( ppb ),0,y,Fresno-Garland                           
3781,2025-07-12,20,58.1,OZONE,Parts Per Billion ( ppb ),0,y,Fresno-Garland                           
3781,2025-07-12,21,52.2,OZONE,Parts Per Billion ( ppb ),0,y,Fresno-Garland                           
3781,2025-07-12,22,41.8,OZONE,Parts Per Billion ( ppb ),0,y,Fresno-Garland                           
3781,2025-07-12,23,32.9,OZONE,Parts Per Billion ( ppb ),0,y,Fresno-Garland                           
3781,2025-07-13,0,28.0,OZONE,Parts Per Billion ( ppb ),0,y,Fresno-Garland                           
3781,2025-07-13,1,25.0,OZONE,Parts Per Billion ( ppb ),0,y,Fresno-Garland                           
3781,2025-07-13,2,23.7,OZONE,Parts Per Billion ( ppb ),0,y,Fresno-Garland                           
3781,2025-07-13,3,21.6,OZONE,Parts Per Billion ( ppb ),0,y,Fresno-Garland                           
3781,2025-07-13,5,18.4,OZONE,Parts Per Billion ( ppb ),0,y,Fresno-Garland                           
3781,2025-07-13,6,19.5,OZONE,Parts Per Billion ( ppb ),0,y,Fresno-Garland                           
3781,2025-07-13,7,24.4,OZONE,Parts Per Billion ( ppb ),0,y,Fresno-Garland                           
3781,2025-07-13,8,35.9,OZONE,Parts Per Billion ( ppb ),0,y,Fresno-Garland                           
3781,2025-07-13,9,46.8,OZONE,Parts Per Billion ( ppb ),0,y,Fresno-Garland                           
3781,2025-07-13,10,57.5,OZONE,Parts Per Billion ( ppb ),0,y,Fresno-Garland                           
3781,2025-07-13,11,64.8,OZONE,Parts Per Billion ( ppb ),0,y,Fresno-Garland                           
3781,2025-07-13,12,63.1,OZONE,Parts Per Billion ( ppb ),0,y,Fresno-Garland                           
3781,2025-07-13,13,58.2,OZONE,Parts Per Billion ( ppb ),0,y,Fresno-Garland                           
3781,2025-07-13,14,60.1,OZONE,Parts Per Billion ( ppb ),0,y,Fresno-Garland                           
3781,2025-07-13,15,57.6,OZONE,Parts Per Billion ( ppb ),0,y,Fresno-Garland                           
3781,2025-07-13,16,55.9,OZONE,Parts Per Billion ( ppb ),0,y,Fresno-Garland                           
3781,2025-07-13,17,56.2,OZONE,Parts Per Billion ( ppb ),0,y,Fresno-Garland                           
3781,2025-07-13,18,52.8,OZONE,Parts Per Billion ( ppb ),0,y,Fresno-Garland                           
3781,2025-07-13,19,48.9,OZONE,Parts Per Billion ( ppb ),0,y,Fresno-Garland                           
3781,2025-07-13,20,45.7,OZONE,Parts Per Billion ( ppb ),0,y,Fresno-Garland                           
3781,2025-07-13,21,43.4,OZONE,Parts Per Billion ( ppb ),0,y,Fresno-Garland                           
3781,2025-07-13,22,42.1,OZONE,Parts Per Billion ( ppb ),0,y,Fresno-Garland                           
3781,2025-07-13,23,36.0,OZONE,Parts Per Billion ( ppb ),0,y,Fresno-Garland                           
3781,2025-07-14,0,29.7,OZONE,Parts Per Billion ( ppb ),0,y,Fresno-Garland                           
3781,2025-07-14,1,24.7,OZONE,Parts Per Billion ( ppb ),0,y,Fresno-Garland                           
3781,2025-07-14,2,21.8,OZONE,Parts Per Billion ( ppb ),0,y,Fresno-Garland                           
3781,2025-07-14,3,21.5,OZONE,Parts Per Billion ( ppb ),0,y,Fresno-Garland                           
3781,2025-07-14,5,11.1,OZONE,Parts Per Billion ( ppb ),0,y,Fresno-Garland                           
3781,2025-07-14,6,18.1,OZONE,Parts Per Billion ( ppb ),0,y,Fresno-Garland                           
3781,2025-07-14,7,25.7,OZONE,Parts Per Billion ( ppb ),0,y,Fresno-Garland                           
3781,2025-07-14,8,36.1,OZONE,Parts Per Billion ( ppb ),0,y,Fresno-Garland                           
3781,2025-07-14,9,48.2,OZONE,Parts Per Billion ( ppb ),0,y,Fresno-Garland                           
3781,2025-07-14,10,58.4,OZONE,Parts Per Billion ( ppb ),0,y,Fresno-Garland                           
3781,2025-07-14,11,71.9,OZONE,Parts Per Billion ( ppb ),0,y,Fresno-Garland                           
3781,2025-07-14,12,75.2,OZONE,Parts Per Billion ( ppb ),0,y,Fresno-Garland                           
3781,2025-07-14,13,59.4,OZONE,Parts Per Billion ( ppb ),0,y,Fresno-Garland                           
3781,2025-07-14,14,55.6,OZONE,Parts Per Billion ( ppb ),0,y,Fresno-Garland                           
3781,2025-07-14,15,55.9,OZONE,Parts Per Billion ( ppb ),0,y,Fresno-Garland                           
3781,2025-07-14,16,57.3,OZONE,Parts Per Billion ( ppb ),0,y,Fresno-Garland                           
3781,2025-07-14,17,56.0,OZONE,Parts Per Billion ( ppb ),0,y,Fresno-Garland                           
3781,2025-07-14,18,52.0,OZONE,Parts Per Billion ( ppb ),0,y,Fresno-Garland                           
3781,2025-07-14,19,52.1,OZONE,Parts Per Billion ( ppb ),0,y,Fresno-Garland                           
3781,2025-07-14,20,47.8,OZONE,Parts Per Billion ( ppb ),0,y,Fresno-Garland                           
3781,2025-07-14,21,50.5,OZONE,Parts Per Billion ( ppb ),0,y,Fresno-Garland                           
3781,2025-07-14,22,45.9,OZONE,Parts Per Billion ( ppb ),0,y,Fresno-Garland                           
3781,2025-07-14,23,39.7,OZONE,Parts Per Billion ( ppb ),0,y,Fresno-Garland                           
3781,2025-07-15,0,32.4,OZONE,Parts Per Billion ( ppb ),0,y,Fresno-Garland                           
3781,2025-07-15,1,27.5,OZONE,Parts Per Billion ( ppb ),0,y,Fresno-Garland                           
3781,2025-07-15,2,25.3,OZONE,Parts Per Billion ( ppb ),0,y,Fresno-Garland                           
3781,2025-07-15,3,23.0,OZONE,Parts Per Billion ( ppb ),0,y,Fresno-Garland                           
3781,2025-07-15,5,15.4,OZONE,Parts Per Billion ( ppb ),0,y,Fresno-Garland                           
3781,2025-07-15,6,18.3,OZONE,Parts Per Billion ( ppb ),0,y,Fresno-Garland                           
3781,2025-07-15,7,27.9,OZONE,Parts Per Billion ( ppb ),0,y,Fresno-Garland                           
3781,2025-07-15,8,41.3,OZONE,Parts Per Billion ( ppb ),0,y,Fresno-Garland                           
3781,2025-07-15,9,53.1,OZONE,Parts Per Billion ( ppb ),0,y,Fresno-Garland                           
3781,2025-07-15,10,56.8,OZONE,Parts Per Billion ( ppb ),0,y,Fresno-Garland                           
3781,2025-07-15,11,60.2,OZONE,Parts Per Billion ( ppb ),0,y,Fresno-Garland                           
3781,2025-07-15,12,60.7,OZONE,Parts Per Billion ( ppb ),0,y,Fresno-Garland                           
3781,2025-07-15,13,64.1,OZONE,Parts Per Billion ( ppb ),0,y,Fresno-Garland                           
3781,2025-07-15,14,59.9,OZONE,Parts Per Billion ( ppb ),0,y,Fresno-Garland                           
3781,2025-07-15,15,56.8,OZONE,Parts Per Billion ( ppb ),0,y,Fresno-Garland                           
3781,2025-07-15,16,56.3,OZONE,Parts Per Billion ( ppb ),0,y,Fresno-Garland                           
3781,2025-07-15,17,55.4,OZONE,Parts Per Billion ( ppb ),0,y,Fresno-Garland                           
3781,2025-07-15,18,54.8,OZONE,Parts Per Billion ( ppb ),0,y,Fresno-Garland                           
3781,2025-07-15,19,42.3,OZONE,Parts Per Billion ( ppb ),0,y,Fresno-Garland                           
3781,2025-07-15,20,31.4,OZONE,Parts Per Billion ( ppb ),0,y,Fresno-Garland                           
3781,2025-07-15,21,27.6,OZONE,Parts Per Billion ( ppb ),0,y,Fresno-Garland                           
3781,2025-07-15,22,26.7,OZONE,Parts Per Billion ( ppb ),0,y,Fresno-Garland                           
3781,2025-07-15,23,24.6,OZONE,Parts Per Billion ( ppb ),0,y,Fresno-Garland                           
3781,2025-07-16,0,21.4,OZONE,Parts Per Billion ( ppb ),0,y,Fresno-Garland                           
3781,2025-07-16,1,19.6,OZONE,Parts Per Billion ( ppb ),0,y,Fresno-Garland                           
3781,2025-07-16,2,17.7,OZONE,Parts Per Billion ( ppb ),0,y,Fresno-Garland                           
3781,2025-07-16,3,16.1,OZONE,Parts Per Billion ( ppb ),0,y,Fresno-Garland                           
3781,2025-07-16,5,8.7,OZONE,Parts Per Billion ( ppb ),0,y,Fresno-Garland                           
3781,2025-07-16,6,13.7,OZONE,Parts Per Billion ( ppb ),0,y,Fresno-Garland                           
3781,2025-07-16,7,23.2,OZONE,Parts Per Billion ( ppb ),0,y,Fresno-Garland                           
3781,2025-07-16,8,36.4,OZONE,Parts Per Billion ( ppb ),0,y,Fresno-Garland                           
3781,2025-07-16,9,38.9,OZONE,Parts Per Billion ( ppb ),0,y,Fresno-Garland                           
3781,2025-07-16,10,44.7,OZONE,Parts Per Billion ( ppb ),0,y,Fresno-Garland                           
3781,2025-07-16,11,50.5,OZONE,Parts Per Billion ( ppb ),0,y,Fresno-Garland                           
3781,2025-07-16,12,54.2,OZONE,Parts Per Billion ( ppb ),0,y,Fresno-Garland                           
3781,2025-07-16,13,54.6,OZONE,Parts Per Billion ( ppb ),0,y,Fresno-Garland                           
3781,2025-07-16,14,55.0,OZONE,Parts Per Billion ( ppb ),0,y,Fresno-Garland                           
3781,2025-07-16,15,56.2,OZONE,Parts Per Billion ( ppb ),0,y,Fresno-Garland                           
3781,2025-07-16,16,56.2,OZONE,Parts Per Billion ( ppb ),0,y,Fresno-Garland                           
3781,2025-07-16,17,54.8,OZONE,Parts Per Billion ( ppb ),0,y,Fresno-Garland                           
3781,2025-07-16,18,53.2,OZONE,Parts Per Billion ( ppb ),0,y,Fresno-Garland                           
3781,2025-07-16,19,51.4,OZONE,Parts Per Billion ( ppb ),0,y,Fresno-Garland                           
3781,2025-07-16,20,46.1,OZONE,Parts Per Billion ( ppb ),0,y,Fresno-Garland                           
3781,2025-07-16,21,42.6,OZONE,Parts Per Billion ( ppb ),0,y,Fresno-Garland                           
3781,2025-07-16,22,37.8,OZONE,Parts Per Billion ( ppb ),0,y,Fresno-Garland                           
3781,2025-07-16,23,34.5,OZONE,Parts Per Billion ( ppb ),0,y,Fresno-Garland                           
3781,2025-07-17,0,28.8,OZONE,Parts Per Billion ( ppb ),0,y,Fresno-Garland                           
3781,2025-07-17,1,22.8,OZONE,Parts Per Billion ( ppb ),0,y,Fresno-Garland                           
3781,2025-07-17,2,19.8,OZONE,Parts Per Billion ( ppb ),0,y,Fresno-Garland                           
3781,2025-07-17,3,18.0,OZONE,Parts Per Billion ( ppb ),0,y,Fresno-Garland                           
3781,2025-07-17,5,15.0,OZONE,Parts Per Billion ( ppb ),0,y,Fresno-Garland                           
3781,2025-07-17,6,16.1,OZONE,Parts Per Billion ( ppb ),0,y,Fresno-Garland                           
3781,2025-07-17,7,20.2,OZONE,Parts Per Billion ( ppb ),0,y,Fresno-Garland                           
3781,2025-07-17,8,28.2,OZONE,Parts Per Billion ( ppb ),0,y,Fresno-Garland                           
3781,2025-07-17,9,35.6,OZONE,Parts Per Billion ( ppb ),0,y,Fresno-Garland                           
3781,2025-07-17,10,42.8,OZONE,Parts Per Billion ( ppb ),0,y,Fresno-Garland                           
3781,2025-07-17,11,46.0,OZONE,Parts Per Billion ( ppb ),0,y,Fresno-Garland                           
3781,2025-07-17,12,48.4,OZONE,Parts Per Billion ( ppb ),0,y,Fresno-Garland                           
3781,2025-07-17,13,49.6,OZONE,Parts Per Billion ( ppb ),0,y,Fresno-Garland                           
3781,2025-07-17,14,49.6,OZONE,Parts Per Billion ( ppb ),0,y,Fresno-Garland                           
3781,2025-07-17,15,50.1,OZONE,Parts Per Billion ( ppb ),0,y,Fresno-Garland                           
3781,2025-07-17,16,50.4,OZONE,Parts Per Billion ( ppb ),0,y,Fresno-Garland                           
3781,2025-07-17,17,51.9,OZONE,Parts Per Billion ( ppb ),0,y,Fresno-Garland                           
3781,2025-07-17,18,52.4,OZONE,Parts Per Billion ( ppb ),0,y,Fresno-Garland                           
3781,2025-07-17,19,49.3,OZONE,Parts Per Billion ( ppb ),0,y,Fresno-Garland                           
3781,2025-07-17,20,46.8,OZONE,Parts Per Billion ( ppb ),0,y,Fresno-Garland                           
3781,2025-07-17,21,43.7,OZONE,Parts Per Billion ( ppb ),0,y,Fresno-Garland                           
3781,2025-07-17,22,39.6,OZONE,Parts Per Billion ( ppb ),0,y,Fresno-Garland                           
3781,2025-07-17,23,33.1,OZONE,Parts Per Billion ( ppb ),0,y,Fresno-Garland                           
3781,2025-07-18,0,24.8,OZONE,Parts Per Billion ( ppb ),0,y,Fresno-Garland                           
3781,2025-07-18,1,20.7,OZONE,Parts Per Billion ( ppb ),0,y,Fresno-Garland                           
3781,2025-07-18,2,18.8,OZONE,Parts Per Billion ( ppb ),0,y,Fresno-Garland                           
3781,2025-07-18,3,17.9,OZONE,Parts Per Billion ( ppb ),0,y,Fresno-Garland                           
3781,2025-07-18,5,15.8,OZONE,Parts Per Billion ( ppb ),0,y,Fresno-Garland                           
3781,2025-07-18,6,17.4,OZONE,Parts Per Billion ( ppb ),0,y,Fresno-Garland                           
3781,2025-07-18,7,22.9,OZONE,Parts Per Billion ( ppb ),0,y,Fresno-Garland                           
3781,2025-07-18,8,30.3,OZONE,Parts Per Billion ( ppb ),0,y,Fresno-Garland                           
3781,2025-07-18,9,38.6,OZONE,Parts Per Billion ( ppb ),0,y,Fresno-Garland                           
3781,2025-07-18,10,45.4,OZONE,Parts Per Billion ( ppb ),0,y,Fresno-Garland                           
3781,2025-07-18,11,47.8,OZONE,Parts Per Billion ( ppb ),0,y,Fresno-Garland                           
3781,2025-07-18,12,49.3,OZONE,Parts Per Billion ( ppb ),0,y,Fresno-Garland                           
3781,2025-07-18,13,50.3,OZONE,Parts Per Billion ( ppb ),0,y,Fresno-Garland                           
3781,2025-07-18,14,51.3,OZONE,Parts Per Billion ( ppb ),0,y,Fresno-Garland                           
3781,2025-07-18,15,52.4,OZONE,Parts Per Billion ( ppb ),0,y,Fresno-Garland                           
3781,2025-07-18,16,52.3,OZONE,Parts Per Billion ( ppb ),0,y,Fresno-Garland                           
3781,2025-07-18,17,55.1,OZONE,Parts Per Billion ( ppb ),0,y,Fresno-Garland                           
3781,2025-07-18,18,53.2,OZONE,Parts Per Billion ( ppb ),0,y,Fresno-Garland                           
3781,2025-07-18,19,49.9,OZONE,Parts Per Billion ( ppb ),0,y,Fresno-Garland                           
3781,2025-07-18,20,46.6,OZONE,Parts Per Billion ( ppb ),0,y,Fresno-Garland                           
3781,2025-07-18,21,45.4,OZONE,Parts Per Billion ( ppb ),0,y,Fresno-Garland                           
3781,2025-07-18,22,41.2,OZONE,Parts Per Billion ( ppb ),0,y,Fresno-Garland                           
3781,2025-07-18,23,35.6,OZONE,Parts Per Billion ( ppb ),0,y,Fresno-Garland                           
3781,2025-07-19,0,33.6,OZONE,Parts Per Billion ( ppb ),0,y,Fresno-Garland                           
3781,2025-07-19,1,29.3,OZONE,Parts Per Billion ( ppb ),0,y,Fresno-Garland                           
3781,2025-07-19,2,24.7,OZONE,Parts Per Billion ( ppb ),0,y,Fresno-Garland                           
3781,2025-07-19,3,22.5,OZONE,Parts Per Billion ( ppb ),0,y,Fresno-Garland                           
3781,2025-07-19,5,23.6,OZONE,Parts Per Billion ( ppb ),0,y,Fresno-Garland                           
3781,2025-07-19,6,24.8,OZONE,Parts Per Billion ( ppb ),0,y,Fresno-Garland                           
3781,2025-07-19,7,27.9,OZONE,Parts Per Billion ( ppb ),0,y,Fresno-Garland                           
3781,2025-07-19,8,33.8,OZONE,Parts Per Billion ( ppb ),0,y,Fresno-Garland                           
3781,2025-07-19,9,40.0,OZONE,Parts Per Billion ( ppb ),0,y,Fresno-Garland                           
3781,2025-07-19,10,45.5,OZONE,Parts Per Billion ( ppb ),0,y,Fresno-Garland                           
3781,2025-07-19,11,50.4,OZONE,Parts Per Billion ( ppb ),0,y,Fresno-Garland                           
3781,2025-07-19,12,53.3,OZONE,Parts Per Billion ( ppb ),0,y,Fresno-Garland                           
3781,2025-07-19,13,54.3,OZONE,Parts Per Billion ( ppb ),0,y,Fresno-Garland                           
3781,2025-07-19,14,53.9,OZONE,Parts Per Billion ( ppb ),0,y,Fresno-Garland                           
3781,2025-07-19,15,56.7,OZONE,Parts Per Billion ( ppb ),0,y,Fresno-Garland                           
3781,2025-07-19,16,56.4,OZONE,Parts Per Billion ( ppb ),0,y,Fresno-Garland                           
3781,2025-07-19,17,56.6,OZONE,Parts Per Billion ( ppb ),0,y,Fresno-Garland                           
3781,2025-07-19,18,54.1,OZONE,Parts Per Billion ( ppb ),0,y,Fresno-Garland                           
3781,2025-07-19,19,47.8,OZONE,Parts Per Billion ( ppb ),0,y,Fresno-Garland                           
3781,2025-07-19,20,46.2,OZONE,Parts Per Billion ( ppb ),0,y,Fresno-Garland                           
3781,2025-07-19,21,42.6,OZONE,Parts Per Billion ( ppb ),0,y,Fresno-Garland                           
3781,2025-07-19,22,37.4,OZONE,Parts Per Billion ( ppb ),0,y,Fresno-Garland                           
3781,2025-07-19,23,31.3,OZONE,Parts Per Billion ( ppb ),0,y,Fresno-Garland                           
3781,2025-07-20,0,28.2,OZONE,Parts Per Billion ( ppb ),0,y,Fresno-Garland                           
3781,2025-07-20,1,25.4,OZONE,Parts Per Billion ( ppb ),0,y,Fresno-Garland                           
3781,2025-07-20,2,23.0,OZONE,Parts Per Billion ( ppb ),0,y,Fresno-Garland                           
3781,2025-07-20,3,22.0,OZONE,Parts Per Billion ( ppb ),0,y,Fresno-Garland                           
3781,2025-07-20,5,18.9,OZONE,Parts Per Billion ( ppb ),0,y,Fresno-Garland                           
3781,2025-07-20,6,20.4,OZONE,Parts Per Billion ( ppb ),0,y,Fresno-Garland                           
3781,2025-07-20,7,26.2,OZONE,Parts Per Billion ( ppb ),0,y,Fresno-Garland                           
3781,2025-07-20,8,32.3,OZONE,Parts Per Billion ( ppb ),0,y,Fresno-Garland                           
3781,2025-07-20,9,37.4,OZONE,Parts Per Billion ( ppb ),0,y,Fresno-Garland                           
3781,2025-07-20,10,41.4,OZONE,Parts Per Billion ( ppb ),0,y,Fresno-Garland                           
3781,2025-07-20,11,46.8,OZONE,Parts Per Billion ( ppb ),0,y,Fresno-Garland                           
3781,2025-07-20,12,50.7,OZONE,Parts Per Billion ( ppb ),0,y,Fresno-Garland                           
3781,2025-07-20,13,49.2,OZONE,Parts Per Billion ( ppb ),0,y,Fresno-Garland                           
3781,2025-07-20,14,49.1,OZONE,Parts Per Billion ( ppb ),0,y,Fresno-Garland                           
3781,2025-07-20,15,48.9,OZONE,Parts Per Billion ( ppb ),0,y,Fresno-Garland                           
3781,2025-07-20,16,47.7,OZONE,Parts Per Billion ( ppb ),0,y,Fresno-Garland                           
3781,2025-07-20,17,45.3,OZONE,Parts Per Billion ( ppb ),0,y,Fresno-Garland                           
3781,2025-07-20,18,46.0,OZONE,Parts Per Billion ( ppb ),0,y,Fresno-Garland                           
3781,2025-07-20,19,46.0,OZONE,Parts Per Billion ( ppb ),0,y,Fresno-Garland                           
3781,2025-07-20,20,32.4,OZONE,Parts Per Billion ( ppb ),0,y,Fresno-Garland                           
3781,2025-07-20,21,26.7,OZONE,Parts Per Billion ( ppb ),0,y,Fresno-Garland                           
3781,2025-07-20,22,23.2,OZONE,Parts Per Billion ( ppb ),0,y,Fresno-Garland                           
3781,2025-07-20,23,20.6,OZONE,Parts Per Billion ( ppb ),0,y,Fresno-Garland                           
3781,2025-07-21,0,18.7,OZONE,Parts Per Billion ( ppb ),0,y,Fresno-Garland                           
3781,2025-07-21,1,16.4,OZONE,Parts Per Billion ( ppb ),0,y,Fresno-Garland                           
3781,2025-07-21,2,14.3,OZONE,Parts Per Billion ( ppb ),0,y,Fresno-Garland                           
3781,2025-07-21,3,12.8,OZONE,Parts Per Billion ( ppb ),0,y,Fresno-Garland                           
3781,2025-07-21,5,11.8,OZONE,Parts Per Billion ( ppb ),0,y,Fresno-Garland                           
3781,2025-07-21,6,14.4,OZONE,Parts Per Billion ( ppb ),0,y,Fresno-Garland                           
3781,2025-07-21,7,19.1,OZONE,Parts Per Billion ( ppb ),0,y,Fresno-Garland                           
3781,2025-07-21,8,23.6,OZONE,Parts Per Billion ( ppb ),0,y,Fresno-Garland                           
3781,2025-07-21,9,26.9,OZONE,Parts Per Billion ( ppb ),0,y,Fresno-Garland                           
3781,2025-07-21,10,32.0,OZONE,Parts Per Billion ( ppb ),0,y,Fresno-Garland                           
3781,2025-07-21,11,36.3,OZONE,Parts Per Billion ( ppb ),0,y,Fresno-Garland                           
3781,2025-07-21,12,37.0,OZONE,Parts Per Billion ( ppb ),0,y,Fresno-Garland                           
3781,2025-07-21,13,37.2,OZONE,Parts Per Billion ( ppb ),0,y,Fresno-Garland                           
3781,2025-07-21,14,36.6,OZONE,Parts Per Billion ( ppb ),0,y,Fresno-Garland                           
3781,2025-07-21,15,35.1,OZONE,Parts Per Billion ( ppb ),0,y,Fresno-Garland                           
3781,2025-07-21,16,35.9,OZONE,Parts Per Billion ( ppb ),0,y,Fresno-Garland                           
3781,2025-07-21,17,36.0,OZONE,Parts Per Billion ( ppb ),0,y,Fresno-Garland                           
3781,2025-07-21,18,40.0,OZONE,Parts Per Billion ( ppb ),0,y,Fresno-Garland                           
3781,2025-07-21,19,34.6,OZONE,Parts Per Billion ( ppb ),0,y,Fresno-Garland                           
3781,2025-07-21,20,28.8,OZONE,Parts Per Billion ( ppb ),0,y,Fresno-Garland                           
3781,2025-07-21,21,22.4,OZONE,Parts Per Billion ( ppb ),0,y,Fresno-Garland                           
3781,2025-07-21,22,17.1,OZONE,Parts Per Billion ( ppb ),0,y,Fresno-Garland                           
3781,2025-07-21,23,16.2,OZONE,Parts Per Billion ( ppb ),0,y,Fresno-Garland                           
3781,2025-07-22,0,13.9,OZONE,Parts Per Billion ( ppb ),0,y,Fresno-Garland                           
3781,2025-07-22,1,11.9,OZONE,Parts Per Billion ( ppb ),0,y,Fresno-Garland                           
3781,2025-07-22,2,10.8,OZONE,Parts Per Billion ( ppb ),0,y,Fresno-Garland                           
3781,2025-07-22,3,10.4,OZONE,Parts Per Billion ( ppb ),0,y,Fresno-Garland                           
3781,2025-07-22,5,9.1,OZONE,Parts Per Billion ( ppb ),0,y,Fresno-Garland                           
3781,2025-07-22,6,11.6,OZONE,Parts Per Billion ( ppb ),0,y,Fresno-Garland                           
3781,2025-07-22,7,15.2,OZONE,Parts Per Billion ( ppb ),0,y,Fresno-Garland                           
3781,2025-07-22,8,20.2,OZONE,Parts Per Billion ( ppb ),0,y,Fresno-Garland                           
3781,2025-07-22,9,26.6,OZONE,Parts Per Billion ( ppb ),0,y,Fresno-Garland                           
3781,2025-07-22,10,33.7,OZONE,Parts Per Billion ( ppb ),0,y,Fresno-Garland                           
3781,2025-07-22,11,35.8,OZONE,Parts Per Billion ( ppb ),0,y,Fresno-Garland                           
3781,2025-07-22,12,38.4,OZONE,Parts Per Billion ( ppb ),0,y,Fresno-Garland                           
3781,2025-07-22,13,39.1,OZONE,Parts Per Billion ( ppb ),0,y,Fresno-Garland                           
3781,2025-07-22,14,38.1,OZONE,Parts Per Billion ( ppb ),0,y,Fresno-Garland                           
3781,2025-07-22,15,38.0,OZONE,Parts Per Billion ( ppb ),0,y,Fresno-Garland                           
3781,2025-07-22,16,38.1,OZONE,Parts Per Billion ( ppb ),0,y,Fresno-Garland                           
3781,2025-07-22,17,40.9,OZONE,Parts Per Billion ( ppb ),0,y,Fresno-Garland                           
3781,2025-07-22,18,39.7,OZONE,Parts Per Billion ( ppb ),0,y,Fresno-Garland                           
3781,2025-07-22,19,38.7,OZONE,Parts Per Billion ( ppb ),0,y,Fresno-Garland                           
3781,2025-07-22,20,35.1,OZONE,Parts Per Billion ( ppb ),0,y,Fresno-Garland                           
3781,2025-07-22,21,27.8,OZONE,Parts Per Billion ( ppb ),0,y,Fresno-Garland                           
3781,2025-07-22,22,22.5,OZONE,Parts Per Billion ( ppb ),0,y,Fresno-Garland                           
3781,2025-07-22,23,16.4,OZONE,Parts Per Billion ( ppb ),0,y,Fresno-Garland                           
3781,2025-07-23,0,11.6,OZONE,Parts Per Billion ( ppb ),0,y,Fresno-Garland                           
3781,2025-07-23,1,10.0,OZONE,Parts Per Billion ( ppb ),0,y,Fresno-Garland                           
3781,2025-07-23,2,9.8,OZONE,Parts Per Billion ( ppb ),0,y,Fresno-Garland                           
3781,2025-07-23,3,9.2,OZONE,Parts Per Billion ( ppb ),0,y,Fresno-Garland                           
3781,2025-07-23,5,7.8,OZONE,Parts Per Billion ( ppb ),0,y,Fresno-Garland                           
3781,2025-07-23,6,10.8,OZONE,Parts Per Billion ( ppb ),0,y,Fresno-Garland                           
3781,2025-07-23,7,15.2,OZONE,Parts Per Billion ( ppb ),0,y,Fresno-Garland                           
3781,2025-07-23,8,19.9,OZONE,Parts Per Billion ( ppb ),0,y,Fresno-Garland                           
3781,2025-07-23,9,25.2,OZONE,Parts Per Billion ( ppb ),0,y,Fresno-Garland                           
3781,2025-07-23,10,30.3,OZONE,Parts Per Billion ( ppb ),0,y,Fresno-Garland                           
3781,2025-07-23,11,34.2,OZONE,Parts Per Billion ( ppb ),0,y,Fresno-Garland                           
3781,2025-07-23,12,38.1,OZONE,Parts Per Billion ( ppb ),0,y,Fresno-Garland                           
3781,2025-07-23,13,40.1,OZONE,Parts Per Billion ( ppb ),0,y,Fresno-Garland                           
3781,2025-07-23,14,42.3,OZONE,Parts Per Billion ( ppb ),0,y,Fresno-Garland                           
3781,2025-07-23,15,42.8,OZONE,Parts Per Billion ( ppb ),0,y,Fresno-Garland                           
3781,2025-07-23,16,42.3,OZONE,Parts Per Billion ( ppb ),0,y,Fresno-Garland                           
3781,2025-07-23,17,40.7,OZONE,Parts Per Billion ( ppb ),0,y,Fresno-Garland                           
3781,2025-07-23,18,41.6,OZONE,Parts Per Billion ( ppb ),0,y,Fresno-Garland                           
3781,2025-07-23,19,38.7,OZONE,Parts Per Billion ( ppb ),0,y,Fresno-Garland                           
3781,2025-07-23,20,38.1,OZONE,Parts Per Billion ( ppb ),0,y,Fresno-Garland                           
3781,2025-07-23,21,27.2,OZONE,Parts Per Billion ( ppb ),0,y,Fresno-Garland                           
3781,2025-07-23,22,24.7,OZONE,Parts Per Billion ( ppb ),0,y,Fresno-Garland                           
3781,2025-07-23,23,22.6,OZONE,Parts Per Billion ( ppb ),0,y,Fresno-Garland                           
3781,2025-07-24,0,20.2,OZONE,Parts Per Billion ( ppb ),0,y,Fresno-Garland                           
3781,2025-07-24,1,18.6,OZONE,Parts Per Billion ( ppb ),0,y,Fresno-Garland                           
3781,2025-07-24,2,15.8,OZONE,Parts Per Billion ( ppb ),0,y,Fresno-Garland                           
3781,2025-07-24,3,14.4,OZONE,Parts Per Billion ( ppb ),0,y,Fresno-Garland                           
3781,2025-07-24,5,13.7,OZONE,Parts Per Billion ( ppb ),0,y,Fresno-Garland                           
3781,2025-07-24,6,15.4,OZONE,Parts Per Billion ( ppb ),0,y,Fresno-Garland                           
3781,2025-07-24,7,18.3,OZONE,Parts Per Billion ( ppb ),0,y,Fresno-Garland                           
3781,2025-07-24,8,23.1,OZONE,Parts Per Billion ( ppb ),0,y,Fresno-Garland                           
3781,2025-07-24,9,37.9,OZONE,Parts Per Billion ( ppb ),0,y,Fresno-Garland                           
3781,2025-07-24,10,41.3,OZONE,Parts Per Billion ( ppb ),0,y,Fresno-Garland                           
3781,2025-07-24,11,44.2,OZONE,Parts Per Billion ( ppb ),0,y,Fresno-Garland                           
3781,2025-07-24,12,46.8,OZONE,Parts Per Billion ( ppb ),0,y,Fresno-Garland                           
3781,2025-07-24,13,46.1,OZONE,Parts Per Billion ( ppb ),0,y,Fresno-Garland                           
3781,2025-07-24,14,44.4,OZONE,Parts Per Billion ( ppb ),0,y,Fresno-Garland                           
3781,2025-07-24,15,44.5,OZONE,Parts Per Billion ( ppb ),0,y,Fresno-Garland                           
3781,2025-07-24,16,44.0,OZONE,Parts Per Billion ( ppb ),0,y,Fresno-Garland                           
3781,2025-07-24,17,45.3,OZONE,Parts Per Billion ( ppb ),0,y,Fresno-Garland                           
3781,2025-07-24,18,44.4,OZONE,Parts Per Billion ( ppb ),0,y,Fresno-Garland                           
3781,2025-07-24,19,39.8,OZONE,Parts Per Billion ( ppb ),0,y,Fresno-Garland                           
3781,2025-07-24,20,38.7,OZONE,Parts Per Billion ( ppb ),0,y,Fresno-Garland                           
3781,2025-07-24,21,36.2,OZONE,Parts Per Billion ( ppb ),0,y,Fresno-Garland                           
3781,2025-07-24,22,32.1,OZONE,Parts Per Billion ( ppb ),0,y,Fresno-Garland                           
3781,2025-07-24,23,23.0,OZONE,Parts Per Billion ( ppb ),0,y,Fresno-Garland                           
3781,2025-07-25,0,16.9,OZONE,Parts Per Billion ( ppb ),0,y,Fresno-Garland                           
3781,2025-07-25,1,16.2,OZONE,Parts Per Billion ( ppb ),0,y,Fresno-Garland                           
3781,2025-07-25,2,15.4,OZONE,Parts Per Billion ( ppb ),0,y,Fresno-Garland                           
3781,2025-07-25,3,14.3,OZONE,Parts Per Billion ( ppb ),0,y,Fresno-Garland                           
3781,2025-07-25,5,10.8,OZONE,Parts Per Billion ( ppb ),0,y,Fresno-Garland                           
3781,2025-07-25,6,12.2,OZONE,Parts Per Billion ( ppb ),0,y,Fresno-Garland                           
3781,2025-07-25,7,16.5,OZONE,Parts Per Billion ( ppb ),0,y,Fresno-Garland                           
3781,2025-07-25,8,22.0,OZONE,Parts Per Billion ( ppb ),0,y,Fresno-Garland                           
3781,2025-07-25,9,29.6,OZONE,Parts Per Billion ( ppb ),0,y,Fresno-Garland                           
3781,2025-07-25,10,32.9,OZONE,Parts Per Billion ( ppb ),0,y,Fresno-Garland                           
3781,2025-07-25,11,36.5,OZONE,Parts Per Billion ( ppb ),0,y,Fresno-Garland                           
3781,2025-07-25,12,36.8,OZONE,Parts Per Billion ( ppb ),0,y,Fresno-Garland                           
3781,2025-07-25,13,37.0,OZONE,Parts Per Billion ( ppb ),0,y,Fresno-Garland                           
3781,2025-07-25,14,38.5,OZONE,Parts Per Billion ( ppb ),0,y,Fresno-Garland                           
3781,2025-07-25,15,38.5,OZONE,Parts Per Billion ( ppb ),0,y,Fresno-Garland                           
3781,2025-07-25,16,41.7,OZONE,Parts Per Billion ( ppb ),0,y,Fresno-Garland                           
3781,2025-07-25,17,41.5,OZONE,Parts Per Billion ( ppb ),0,y,Fresno-Garland                           
3781,2025-07-25,18,40.9,OZONE,Parts Per Billion ( ppb ),0,y,Fresno-Garland                           
3781,2025-07-25,19,40.0,OZONE,Parts Per Billion ( ppb ),0,y,Fresno-Garland                           
3781,2025-07-25,20,35.2,OZONE,Parts Per Billion ( ppb ),0,y,Fresno-Garland                           
3781,2025-07-25,21,28.2,OZONE,Parts Per Billion ( ppb ),0,y,Fresno-Garland                           
3781,2025-07-25,22,23.9,OZONE,Parts Per Billion ( ppb ),0,y,Fresno-Garland                           
3781,2025-07-25,23,20.5,OZONE,Parts Per Billion ( ppb ),0,y,Fresno-Garland                           
3781,2025-07-26,0,18.2,OZONE,Parts Per Billion ( ppb ),0,y,Fresno-Garland                           
3781,2025-07-26,1,15.8,OZONE,Parts Per Billion ( ppb ),0,y,Fresno-Garland                           
3781,2025-07-26,2,13.7,OZONE,Parts Per Billion ( ppb ),0,y,Fresno-Garland                           
3781,2025-07-26,3,12.2,OZONE,Parts Per Billion ( ppb ),0,y,Fresno-Garland                           
3781,2025-07-26,5,11.1,OZONE,Parts Per Billion ( ppb ),0,y,Fresno-Garland                           
3781,2025-07-26,6,12.8,OZONE,Parts Per Billion ( ppb ),0,y,Fresno-Garland                           
3781,2025-07-26,7,16.8,OZONE,Parts Per Billion ( ppb ),0,y,Fresno-Garland                           
3781,2025-07-26,8,20.7,OZONE,Parts Per Billion ( ppb ),0,y,Fresno-Garland                           
3781,2025-07-26,9,24.1,OZONE,Parts Per Billion ( ppb ),0,y,Fresno-Garland                           
3781,2025-07-26,10,28.6,OZONE,Parts Per Billion ( ppb ),0,y,Fresno-Garland                           
3781,2025-07-26,11,32.1,OZONE,Parts Per Billion ( ppb ),0,y,Fresno-Garland                           
3781,2025-07-26,12,35.9,OZONE,Parts Per Billion ( ppb ),0,y,Fresno-Garland                           
3781,2025-07-26,13,39.7,OZONE,Parts Per Billion ( ppb ),0,y,Fresno-Garland                           
3781,2025-07-26,14,40.4,OZONE,Parts Per Billion ( ppb ),0,y,Fresno-Garland                           
3781,2025-07-26,15,41.3,OZONE,Parts Per Billion ( ppb ),0,y,Fresno-Garland                           
3781,2025-07-26,16,43.0,OZONE,Parts Per Billion ( ppb ),0,y,Fresno-Garland                           
3781,2025-07-26,17,42.7,OZONE,Parts Per Billion ( ppb ),0,y,Fresno-Garland                           
3781,2025-07-26,18,41.9,OZONE,Parts Per Billion ( ppb ),0,y,Fresno-Garland                           
3781,2025-07-26,19,39.4,OZONE,Parts Per Billion ( ppb ),0,y,Fresno-Garland                           
3781,2025-07-26,20,37.1,OZONE,Parts Per Billion ( ppb ),0,y,Fresno-Garland                           
3781,2025-07-26,21,30.4,OZONE,Parts Per Billion ( ppb ),0,y,Fresno-Garland                           
3781,2025-07-26,22,23.7,OZONE,Parts Per Billion ( ppb ),0,y,Fresno-Garland                           
3781,2025-07-26,23,21.0,OZONE,Parts Per Billion ( ppb ),0,y,Fresno-Garland                           
3781,2025-07-27,0,18.1,OZONE,Parts Per Billion ( ppb ),0,y,Fresno-Garland                           
3781,2025-07-27,1,14.7,OZONE,Parts Per Billion ( ppb ),0,y,Fresno-Garland                           
3781,2025-07-27,2,12.4,OZONE,Parts Per Billion ( ppb ),0,y,Fresno-Garland                           
3781,2025-07-27,3,10.7,OZONE,Parts Per Billion ( ppb ),0,y,Fresno-Garland                           
3781,2025-07-27,5,9.1,OZONE,Parts Per Billion ( ppb ),0,y,Fresno-Garland                           
3781,2025-07-27,6,12.0,OZONE,Parts Per Billion ( ppb ),0,y,Fresno-Garland                           
3781,2025-07-27,7,16.1,OZONE,Parts Per Billion ( ppb ),0,y,Fresno-Garland                           
3781,2025-07-27,8,20.9,OZONE,Parts Per Billion ( ppb ),0,y,Fresno-Garland                           
3781,2025-07-27,9,25.4,OZONE,Parts Per Billion ( ppb ),0,y,Fresno-Garland                           
3781,2025-07-27,10,31.5,OZONE,Parts Per Billion ( ppb ),0,y,Fresno-Garland                           
3781,2025-07-27,11,36.5,OZONE,Parts Per Billion ( ppb ),0,y,Fresno-Garland                           
3781,2025-07-27,12,38.6,OZONE,Parts Per Billion ( ppb ),0,y,Fresno-Garland                           
3781,2025-07-27,13,39.7,OZONE,Parts Per Billion ( ppb ),0,y,Fresno-Garland                           
3781,2025-07-27,14,41.1,OZONE,Parts Per Billion ( ppb ),0,y,Fresno-Garland                           
3781,2025-07-27,15,42.2,OZONE,Parts Per Billion ( ppb ),0,y,Fresno-Garland                           
3781,2025-07-27,16,42.7,OZONE,Parts Per Billion ( ppb ),0,y,Fresno-Garland                           
3781,2025-07-27,17,41.6,OZONE,Parts Per Billion ( ppb ),0,y,Fresno-Garland                           
3781,2025-07-27,18,40.0,OZONE,Parts Per Billion ( ppb ),0,y,Fresno-Garland                           
3781,2025-07-27,19,37.6,OZONE,Parts Per Billion ( ppb ),0,y,Fresno-Garland                           
3781,2025-07-27,20,35.8,OZONE,Parts Per Billion ( ppb ),0,y,Fresno-Garland                           
3781,2025-07-27,21,33.9,OZONE,Parts Per Billion ( ppb ),0,y,Fresno-Garland                           
3781,2025-07-27,22,31.1,OZONE,Parts Per Billion ( ppb ),0,y,Fresno-Garland                           
3781,2025-07-27,23,24.7,OZONE,Parts Per Billion ( ppb ),0,y,Fresno-Garland                           
3781,2025-07-28,0,19.8,OZONE,Parts Per Billion ( ppb ),0,y,Fresno-Garland                           
3781,2025-07-28,1,15.5,OZONE,Parts Per Billion ( ppb ),0,y,Fresno-Garland                           
3781,2025-07-28,2,13.4,OZONE,Parts Per Billion ( ppb ),0,y,Fresno-Garland                           
3781,2025-07-28,3,11.9,OZONE,Parts Per Billion ( ppb ),0,y,Fresno-Garland                           
3781,2025-07-28,6,13.2,OZONE,Parts Per Billion ( ppb ),0,y,Fresno-Garland                           
3781,2025-07-28,7,21.0,OZONE,Parts Per Billion ( ppb ),0,y,Fresno-Garland                           
3781,2025-07-28,8,30.8,OZONE,Parts Per Billion ( ppb ),0,y,Fresno-Garland                           
3781,2025-07-28,9,33.6,OZONE,Parts Per Billion ( ppb ),0,y,Fresno-Garland                           
3781,2025-07-28,10,36.9,OZONE,Parts Per Billion ( ppb ),0,y,Fresno-Garland                           
3781,2025-07-28,11,36.1,OZONE,Parts Per Billion ( ppb ),0,y,Fresno-Garland                           
3781,2025-07-28,12,40.3,OZONE,Parts Per Billion ( ppb ),0,y,Fresno-Garland                           
3781,2025-07-28,13,40.5,OZONE,Parts Per Billion ( ppb ),0,y,Fresno-Garland                           
3781,2025-07-28,14,42.4,OZONE,Parts Per Billion ( ppb ),0,y,Fresno-Garland                           
3781,2025-07-28,15,44.4,OZONE,Parts Per Billion ( ppb ),0,y,Fresno-Garland                           
3781,2025-07-28,16,44.5,OZONE,Parts Per Billion ( ppb ),0,y,Fresno-Garland                           
3781,2025-07-28,17,43.3,OZONE,Parts Per Billion ( ppb ),0,y,Fresno-Garland                           
3781,2025-07-28,18,43.8,OZONE,Parts Per Billion ( ppb ),0,y,Fresno-Garland                           
3781,2025-07-28,19,42.5,OZONE,Parts Per Billion ( ppb ),0,y,Fresno-Garland                           
3781,2025-07-28,20,37.4,OZONE,Parts Per Billion ( ppb ),0,y,Fresno-Garland                           
3781,2025-07-28,21,35.2,OZONE,Parts Per Billion ( ppb ),0,y,Fresno-Garland                           
3781,2025-07-28,22,28.7,OZONE,Parts Per Billion ( ppb ),0,y,Fresno-Garland                           
3781,2025-07-28,23,24.6,OZONE,Parts Per Billion ( ppb ),0,y,Fresno-Garland                           
3781,2025-07-29,0,22.0,OZONE,Parts Per Billion ( ppb ),0,y,Fresno-Garland                           
3781,2025-07-29,1,17.2,OZONE,Parts Per Billion ( ppb ),0,y,Fresno-Garland                           
3781,2025-07-29,2,15.3,OZONE,Parts Per Billion ( ppb ),0,y,Fresno-Garland                           
3781,2025-07-29,3,12.6,OZONE,Parts Per Billion ( ppb ),0,y,Fresno-Garland                           
3781,2025-07-29,5,9.5,OZONE,Parts Per Billion ( ppb ),0,y,Fresno-Garland                           
3781,2025-07-29,6,14.1,OZONE,Parts Per Billion ( ppb ),0,y,Fresno-Garland                           
3781,2025-07-29,7,22.4,OZONE,Parts Per Billion ( ppb ),0,y,Fresno-Garland                           
3781,2025-07-29,8,32.5,OZONE,Parts Per Billion ( ppb ),0,y,Fresno-Garland                           
3781,2025-07-29,9,34.4,OZONE,Parts Per Billion ( ppb ),0,y,Fresno-Garland                           
3781,2025-07-29,10,37.8,OZONE,Parts Per Billion ( ppb ),0,y,Fresno-Garland                           
3781,2025-07-29,11,40.8,OZONE,Parts Per Billion ( ppb ),0,y,Fresno-Garland                           
3781,2025-07-29,12,45.1,OZONE,Parts Per Billion ( ppb ),0,y,Fresno-Garland                           
3781,2025-07-29,13,41.6,OZONE,Parts Per Billion ( ppb ),0,y,Fresno-Garland                           
3781,2025-07-29,14,39.7,OZONE,Parts Per Billion ( ppb ),0,y,Fresno-Garland                           
3781,2025-07-29,15,43.8,OZONE,Parts Per Billion ( ppb ),0,y,Fresno-Garland                           
3781,2025-07-29,16,51.1,OZONE,Parts Per Billion ( ppb ),0,y,Fresno-Garland                           
3781,2025-07-29,17,54.7,OZONE,Parts Per Billion ( ppb ),0,y,Fresno-Garland                           
3781,2025-07-29,18,47.3,OZONE,Parts Per Billion ( ppb ),0,y,Fresno-Garland                           
3781,2025-07-29,19,42.7,OZONE,Parts Per Billion ( ppb ),0,y,Fresno-Garland                           
3781,2025-07-29,20,38.0,OZONE,Parts Per Billion ( ppb ),0,y,Fresno-Garland                           
3781,2025-07-29,21,34.7,OZONE,Parts Per Billion ( ppb ),0,y,Fresno-Garland                           
3781,2025-07-29,22,30.6,OZONE,Parts Per Billion ( ppb ),0,y,Fresno-Garland                           
3781,2025-07-29,23,26.3,OZONE,Parts Per Billion ( ppb ),0,y,Fresno-Garland                           
3781,2025-07-30,0,25.3,OZONE,Parts Per Billion ( ppb ),0,y,Fresno-Garland                           
3781,2025-07-30,1,22.7,OZONE,Parts Per Billion ( ppb ),0,y,Fresno-Garland                           
3781,2025-07-30,2,19.4,OZONE,Parts Per Billion ( ppb ),0,y,Fresno-Garland                           
3781,2025-07-30,3,17.4,OZONE,Parts Per Billion ( ppb ),0,y,Fresno-Garland                           
3781,2025-07-30,5,13.1,OZONE,Parts Per Billion ( ppb ),0,y,Fresno-Garland                           
3781,2025-07-30,6,15.0,OZONE,Parts Per Billion ( ppb ),0,y,Fresno-Garland                           
3781,2025-07-30,7,22.1,OZONE,Parts Per Billion ( ppb ),0,y,Fresno-Garland                           
3781,2025-07-30,8,29.3,OZONE,Parts Per Billion ( ppb ),0,y,Fresno-Garland                           
3781,2025-07-30,9,35.7,OZONE,Parts Per Billion ( ppb ),0,y,Fresno-Garland                           
3781,2025-07-30,10,41.8,OZONE,Parts Per Billion ( ppb ),0,y,Fresno-Garland                           
3781,2025-07-30,11,44.5,OZONE,Parts Per Billion ( ppb ),0,y,Fresno-Garland                           
3781,2025-07-30,12,44.0,OZONE,Parts Per Billion ( ppb ),0,y,Fresno-Garland                           
3781,2025-07-30,13,44.6,OZONE,Parts Per Billion ( ppb ),0,y,Fresno-Garland                           
3781,2025-07-30,14,44.7,OZONE,Parts Per Billion ( ppb ),0,y,Fresno-Garland                           
3781,2025-07-30,15,44.0,OZONE,Parts Per Billion ( ppb ),0,y,Fresno-Garland                           
3781,2025-07-30,16,44.2,OZONE,Parts Per Billion ( ppb ),0,y,Fresno-Garland                           
3781,2025-07-30,17,44.4,OZONE,Parts Per Billion ( ppb ),0,y,Fresno-Garland                           
3781,2025-07-30,18,42.3,OZONE,Parts Per Billion ( ppb ),0,y,Fresno-Garland                           
3781,2025-07-30,19,37.4,OZONE,Parts Per Billion ( ppb ),0,y,Fresno-Garland                           
3781,2025-07-30,20,27.1,OZONE,Parts Per Billion ( ppb ),0,y,Fresno-Garland                           
3781,2025-07-30,21,24.5,OZONE,Parts Per Billion ( ppb ),0,y,Fresno-Garland                           
3781,2025-07-30,22,25.2,OZONE,Parts Per Billion ( ppb ),0,y,Fresno-Garland                           
3781,2025-07-30,23,24.0,OZONE,Parts Per Billion ( ppb ),0,y,Fresno-Garland                           
3781,2025-07-31,0,21.0,OZONE,Parts Per Billion ( ppb ),0,y,Fresno-Garland                           
3781,2025-07-31,1,17.2,OZONE,Parts Per Billion ( ppb ),0,y,Fresno-Garland                           
3781,2025-07-31,2,14.0,OZONE,Parts Per Billion ( ppb ),0,y,Fresno-Garland                           
3781,2025-07-31,3,12.3,OZONE,Parts Per Billion ( ppb ),0,y,Fresno-Garland                           
3781,2025-07-31,5,11.3,OZONE,Parts Per Billion ( ppb ),0,y,Fresno-Garland                           
3781,2025-07-31,6,18.3,OZONE,Parts Per Billion ( ppb ),0,y,Fresno-Garland                           
3781,2025-07-31,7,31.6,OZONE,Parts Per Billion ( ppb ),0,y,Fresno-Garland                           
3781,2025-07-31,10,56.5,OZONE,Parts Per Billion ( ppb ),0,y,Fresno-Garland                           
3781,2025-07-31,11,58.3,OZONE,Parts Per Billion ( ppb ),0,y,Fresno-Garland                           
3781,2025-07-31,12,58.1,OZONE,Parts Per Billion ( ppb ),0,y,Fresno-Garland                           
3781,2025-07-31,13,55.4,OZONE,Parts Per Billion ( ppb ),0,y,Fresno-Garland                           
3781,2025-07-31,16,55.3,OZONE,Parts Per Billion ( ppb ),0,y,Fresno-Garland                           
3781,2025-07-31,17,57.9,OZONE,Parts Per Billion ( ppb ),0,y,Fresno-Garland                           
3781,2025-07-31,18,54.7,OZONE,Parts Per Billion ( ppb ),0,y,Fresno-Garland                           
3781,2025-07-31,19,52.6,OZONE,Parts Per Billion ( ppb ),0,y,Fresno-Garland                           
3781,2025-07-31,20,47.1,OZONE,Parts Per Billion ( ppb ),0,y,Fresno-Garland                           
3781,2025-07-31,21,47.1,OZONE,Parts Per Billion ( ppb ),0,y,Fresno-Garland                           
3781,2025-07-31,22,43.0,OZONE,Parts Per Billion ( ppb ),0,y,Fresno-Garland                           
3781,2025-07-31,23,36.0,OZONE,Parts Per Billion ( ppb ),0,y,Fresno-Garland                           
3781,2025-08-01,0,32.7,OZONE,Parts Per Billion ( ppb ),0,y,Fresno-Garland                           
3781,2025-08-01,1,27.5,OZONE,Parts Per Billion ( ppb ),0,y,Fresno-Garland                           
3781,2025-08-01,2,22.0,OZONE,Parts Per Billion ( ppb ),0,y,Fresno-Garland                           
3781,2025-08-01,3,17.6,OZONE,Parts Per Billion ( ppb ),0,y,Fresno-Garland                           
3781,2025-08-01,5,12.7,OZONE,Parts Per Billion ( ppb ),0,y,Fresno-Garland                           
3781,2025-08-01,6,16.9,OZONE,Parts Per Billion ( ppb ),0,y,Fresno-Garland                           
3781,2025-08-01,13,63.6,OZONE,Parts Per Billion ( ppb ),0,y,Fresno-Garland                           
3781,2025-08-01,14,57.2,OZONE,Parts Per Billion ( ppb ),0,y,Fresno-Garland                           
3781,2025-08-01,15,57.0,OZONE,Parts Per Billion ( ppb ),0,y,Fresno-Garland                           
3781,2025-08-01,16,58.5,OZONE,Parts Per Billion ( ppb ),0,y,Fresno-Garland                           
3781,2025-08-01,17,57.3,OZONE,Parts Per Billion ( ppb ),0,y,Fresno-Garland                           
3781,2025-08-01,18,53.9,OZONE,Parts Per Billion ( ppb ),0,y,Fresno-Garland                           
3781,2025-08-01,19,48.7,OZONE,Parts Per Billion ( ppb ),0,y,Fresno-Garland                           
3781,2025-08-01,20,37.6,OZONE,Parts Per Billion ( ppb ),0,y,Fresno-Garland                           
3781,2025-08-01,21,35.6,OZONE,Parts Per Billion ( ppb ),0,y,Fresno-Garland                           
3781,2025-08-01,22,33.9,OZONE,Parts Per Billion ( ppb ),0,y,Fresno-Garland                           
3781,2025-08-01,23,29.6,OZONE,Parts Per Billion ( ppb ),0,y,Fresno-Garland                           
3781,2025-08-02,0,25.4,OZONE,Parts Per Billion ( ppb ),0,y,Fresno-Garland                           
3781,2025-08-02,1,22.3,OZONE,Parts Per Billion ( ppb ),0,y,Fresno-Garland                           
3781,2025-08-02,2,20.2,OZONE,Parts Per Billion ( ppb ),0,y,Fresno-Garland                           
3781,2025-08-02,3,19.1,OZONE,Parts Per Billion ( ppb ),0,y,Fresno-Garland                           
3781,2025-08-02,5,15.1,OZONE,Parts Per Billion ( ppb ),0,y,Fresno-Garland                           
3781,2025-08-02,6,17.0,OZONE,Parts Per Billion ( ppb ),0,y,Fresno-Garland                           
3781,2025-08-02,7,24.1,OZONE,Parts Per Billion ( ppb ),0,y,Fresno-Garland                           
3781,2025-08-02,8,33.9,OZONE,Parts Per Billion ( ppb ),0,y,Fresno-Garland                           
3781,2025-08-02,9,44.4,OZONE,Parts Per Billion ( ppb ),0,y,Fresno-Garland                           
3781,2025-08-02,10,51.1,OZONE,Parts Per Billion ( ppb ),0,y,Fresno-Garland                           
3781,2025-08-02,11,55.0,OZONE,Parts Per Billion ( ppb ),0,y,Fresno-Garland                           
3781,2025-08-02,12,56.8,OZONE,Parts Per Billion ( ppb ),0,y,Fresno-Garland                           
3781,2025-08-02,13,55.9,OZONE,Parts Per Billion ( ppb ),0,y,Fresno-Garland                           
3781,2025-08-02,14,56.3,OZONE,Parts Per Billion ( ppb ),0,y,Fresno-Garland                           
3781,2025-08-02,15,56.4,OZONE,Parts Per Billion ( ppb ),0,y,Fresno-Garland                           
3781,2025-08-02,16,55.6,OZONE,Parts Per Billion ( ppb ),0,y,Fresno-Garland                           
3781,2025-08-02,17,55.7,OZONE,Parts Per Billion ( ppb ),0,y,Fresno-Garland                           
3781,2025-08-02,18,55.7,OZONE,Parts Per Billion ( ppb ),0,y,Fresno-Garland                           
3781,2025-08-02,19,50.3,OZONE,Parts Per Billion ( ppb ),0,y,Fresno-Garland                           
3781,2025-08-02,20,44.9,OZONE,Parts Per Billion ( ppb ),0,y,Fresno-Garland                           
3781,2025-08-02,21,40.1,OZONE,Parts Per Billion ( ppb ),0,y,Fresno-Garland                           
3781,2025-08-02,22,30.6,OZONE,Parts Per Billion ( ppb ),0,y,Fresno-Garland                           
3781,2025-08-02,23,27.9,OZONE,Parts Per Billion ( ppb ),0,y,Fresno-Garland                           
3781,2025-08-03,0,25.5,OZONE,Parts Per Billion ( ppb ),0,y,Fresno-Garland                           
3781,2025-08-03,1,20.9,OZONE,Parts Per Billion ( ppb ),0,y,Fresno-Garland                           
3781,2025-08-03,2,18.6,OZONE,Parts Per Billion ( ppb ),0,y,Fresno-Garland                           
3781,2025-08-03,3,18.0,OZONE,Parts Per Billion ( ppb ),0,y,Fresno-Garland                           
3781,2025-08-03,5,15.8,OZONE,Parts Per Billion ( ppb ),0,y,Fresno-Garland                           
3781,2025-08-03,6,21.1,OZONE,Parts Per Billion ( ppb ),0,y,Fresno-Garland                           
3781,2025-08-03,7,32.5,OZONE,Parts Per Billion ( ppb ),0,y,Fresno-Garland                           
3781,2025-08-03,8,45.5,OZONE,Parts Per Billion ( ppb ),0,y,Fresno-Garland                           
3781,2025-08-03,9,45.8,OZONE,Parts Per Billion ( ppb ),0,y,Fresno-Garland                           
3781,2025-08-03,10,46.2,OZONE,Parts Per Billion ( ppb ),0,y,Fresno-Garland                           
3781,2025-08-03,11,51.2,OZONE,Parts Per Billion ( ppb ),0,y,Fresno-Garland                           
3781,2025-08-03,12,50.2,OZONE,Parts Per Billion ( ppb ),0,y,Fresno-Garland                           
3781,2025-08-03,13,50.1,OZONE,Parts Per Billion ( ppb ),0,y,Fresno-Garland                           
3781,2025-08-03,14,50.3,OZONE,Parts Per Billion ( ppb ),0,y,Fresno-Garland                           
3781,2025-08-03,15,47.7,OZONE,Parts Per Billion ( ppb ),0,y,Fresno-Garland                           
3781,2025-08-03,16,50.1,OZONE,Parts Per Billion ( ppb ),0,y,Fresno-Garland                           
3781,2025-08-03,17,56.0,OZONE,Parts Per Billion ( ppb ),0,y,Fresno-Garland                           
3781,2025-08-03,18,48.2,OZONE,Parts Per Billion ( ppb ),0,y,Fresno-Garland                           
3781,2025-08-03,19,41.6,OZONE,Parts Per Billion ( ppb ),0,y,Fresno-Garland                           
3781,2025-08-03,20,31.9,OZONE,Parts Per Billion ( ppb ),0,y,Fresno-Garland                           
3781,2025-08-03,21,28.0,OZONE,Parts Per Billion ( ppb ),0,y,Fresno-Garland                           
3781,2025-08-03,22,25.7,OZONE,Parts Per Billion ( ppb ),0,y,Fresno-Garland                           
3781,2025-08-03,23,23.3,OZONE,Parts Per Billion ( ppb ),0,y,Fresno-Garland                           
3781,2025-08-04,0,23.3,OZONE,Parts Per Billion ( ppb ),0,y,Fresno-Garland                           
3781,2025-08-04,1,20.5,OZONE,Parts Per Billion ( ppb ),0,y,Fresno-Garland                           
3781,2025-08-04,2,18.6,OZONE,Parts Per Billion ( ppb ),0,y,Fresno-Garland                           
3781,2025-08-04,3,17.5,OZONE,Parts Per Billion ( ppb ),0,y,Fresno-Garland                           
3781,2025-08-04,5,13.7,OZONE,Parts Per Billion ( ppb ),0,y,Fresno-Garland                           
3781,2025-08-04,6,16.8,OZONE,Parts Per Billion ( ppb ),0,y,Fresno-Garland                           
3781,2025-08-04,7,22.1,OZONE,Parts Per Billion ( ppb ),0,y,Fresno-Garland                           
3781,2025-08-04,8,27.1,OZONE,Parts Per Billion ( ppb ),0,y,Fresno-Garland                           
3781,2025-08-04,9,31.6,OZONE,Parts Per Billion ( ppb ),0,y,Fresno-Garland                           
3781,2025-08-04,10,35.1,OZONE,Parts Per Billion ( ppb ),0,y,Fresno-Garland                           
3781,2025-08-04,11,40.0,OZONE,Parts Per Billion ( ppb ),0,y,Fresno-Garland                           
3781,2025-08-04,12,44.5,OZONE,Parts Per Billion ( ppb ),0,y,Fresno-Garland                           
3781,2025-08-04,13,42.4,OZONE,Parts Per Billion ( ppb ),0,y,Fresno-Garland                           
3781,2025-08-04,14,40.2,OZONE,Parts Per Billion ( ppb ),0,y,Fresno-Garland                           
3781,2025-08-04,15,37.4,OZONE,Parts Per Billion ( ppb ),0,y,Fresno-Garland                           
3781,2025-08-04,16,48.0,OZONE,Parts Per Billion ( ppb ),0,y,Fresno-Garland                           
3781,2025-08-04,17,51.4,OZONE,Parts Per Billion ( ppb ),0,y,Fresno-Garland                           
3781,2025-08-04,18,51.2,OZONE,Parts Per Billion ( ppb ),0,y,Fresno-Garland                           
3781,2025-08-04,19,44.8,OZONE,Parts Per Billion ( ppb ),0,y,Fresno-Garland                           
3781,2025-08-04,20,33.7,OZONE,Parts Per Billion ( ppb ),0,y,Fresno-Garland                           
3781,2025-08-04,21,25.4,OZONE,Parts Per Billion ( ppb ),0,y,Fresno-Garland                           
3781,2025-08-04,22,21.7,OZONE,Parts Per Billion ( ppb ),0,y,Fresno-Garland                           
3781,2025-08-04,23,19.1,OZONE,Parts Per Billion ( ppb ),0,y,Fresno-Garland                           
3781,2025-08-05,0,18.5,OZONE,Parts Per Billion ( ppb ),0,y,Fresno-Garland                           
3781,2025-08-05,1,17.2,OZONE,Parts Per Billion ( ppb ),0,y,Fresno-Garland                           
3781,2025-08-05,2,14.6,OZONE,Parts Per Billion ( ppb ),0,y,Fresno-Garland                           
3781,2025-08-05,3,12.6,OZONE,Parts Per Billion ( ppb ),0,y,Fresno-Garland                           
3781,2025-08-05,5,11.4,OZONE,Parts Per Billion ( ppb ),0,y,Fresno-Garland                           
3781,2025-08-05,6,15.0,OZONE,Parts Per Billion ( ppb ),0,y,Fresno-Garland                           
3781,2025-08-05,7,20.4,OZONE,Parts Per Billion ( ppb ),0,y,Fresno-Garland                           
3781,2025-08-05,8,30.7,OZONE,Parts Per Billion ( ppb ),0,y,Fresno-Garland                           
3781,2025-08-05,9,37.1,OZONE,Parts Per Billion ( ppb ),0,y,Fresno-Garland                           
3781,2025-08-05,10,40.2,OZONE,Parts Per Billion ( ppb ),0,y,Fresno-Garland                           
3781,2025-08-05,11,43.6,OZONE,Parts Per Billion ( ppb ),0,y,Fresno-Garland                           
3781,2025-08-05,12,47.2,OZONE,Parts Per Billion ( ppb ),0,y,Fresno-Garland                           
3781,2025-08-05,13,48.8,OZONE,Parts Per Billion ( ppb ),0,y,Fresno-Garland                           
3781,2025-08-05,14,47.5,OZONE,Parts Per Billion ( ppb ),0,y,Fresno-Garland                           
3781,2025-08-05,15,46.1,OZONE,Parts Per Billion ( ppb ),0,y,Fresno-Garland                           
3781,2025-08-05,16,44.4,OZONE,Parts Per Billion ( ppb ),0,y,Fresno-Garland                           
3781,2025-08-05,17,45.7,OZONE,Parts Per Billion ( ppb ),0,y,Fresno-Garland                           
3781,2025-08-05,18,45.6,OZONE,Parts Per Billion ( ppb ),0,y,Fresno-Garland                           
3781,2025-08-05,19,34.0,OZONE,Parts Per Billion ( ppb ),0,y,Fresno-Garland                           
3781,2025-08-05,20,32.3,OZONE,Parts Per Billion ( ppb ),0,y,Fresno-Garland                           
3781,2025-08-05,21,36.0,OZONE,Parts Per Billion ( ppb ),0,y,Fresno-Garland                           
3781,2025-08-05,22,37.3,OZONE,Parts Per Billion ( ppb ),0,y,Fresno-Garland                           
3781,2025-08-05,23,31.1,OZONE,Parts Per Billion ( ppb ),0,y,Fresno-Garland                           
3781,2025-08-06,0,28.3,OZONE,Parts Per Billion ( ppb ),0,y,Fresno-Garland                           
3781,2025-08-06,1,22.9,OZONE,Parts Per Billion ( ppb ),0,y,Fresno-Garland                           
3781,2025-08-06,2,21.1,OZONE,Parts Per Billion ( ppb ),0,y,Fresno-Garland                           
3781,2025-08-06,3,18.9,OZONE,Parts Per Billion ( ppb ),0,y,Fresno-Garland                           
3781,2025-08-06,5,15.2,OZONE,Parts Per Billion ( ppb ),0,y,Fresno-Garland                           
3781,2025-08-06,6,20.1,OZONE,Parts Per Billion ( ppb ),0,y,Fresno-Garland                           
3781,2025-08-06,7,27.8,OZONE,Parts Per Billion ( ppb ),0,y,Fresno-Garland                           
3781,2025-08-06,8,39.8,OZONE,Parts Per Billion ( ppb ),0,y,Fresno-Garland                           
3781,2025-08-06,11,52.7,OZONE,Parts Per Billion ( ppb ),0,y,Fresno-Garland                           
3781,2025-08-06,12,59.4,OZONE,Parts Per Billion ( ppb ),0,y,Fresno-Garland                           
3781,2025-08-06,16,59.5,OZONE,Parts Per Billion ( ppb ),0,y,Fresno-Garland                           
3781,2025-08-06,17,60.6,OZONE,Parts Per Billion ( ppb ),0,y,Fresno-Garland                           
3781,2025-08-06,18,57.8,OZONE,Parts Per Billion ( ppb ),0,y,Fresno-Garland                           
3781,2025-08-06,19,50.9,OZONE,Parts Per Billion ( ppb ),0,y,Fresno-Garland                           
3781,2025-08-06,20,45.8,OZONE,Parts Per Billion ( ppb ),0,y,Fresno-Garland                           
3781,2025-08-06,21,40.5,OZONE,Parts Per Billion ( ppb ),0,y,Fresno-Garland                           
3781,2025-08-06,22,37.2,OZONE,Parts Per Billion ( ppb ),0,y,Fresno-Garland                           
3781,2025-08-06,23,36.3,OZONE,Parts Per Billion ( ppb ),0,y,Fresno-Garland                           
3781,2025-08-07,0,36.1,OZONE,Parts Per Billion ( ppb ),0,y,Fresno-Garland                           
3781,2025-08-07,1,33.0,OZONE,Parts Per Billion ( ppb ),0,y,Fresno-Garland                           
3781,2025-08-07,2,30.8,OZONE,Parts Per Billion ( ppb ),0,y,Fresno-Garland                           
3781,2025-08-07,3,26.7,OZONE,Parts Per Billion ( ppb ),0,y,Fresno-Garland                           
3781,2025-08-07,5,14.2,OZONE,Parts Per Billion ( ppb ),0,y,Fresno-Garland                           
3781,2025-08-07,10,60.5,OZONE,Parts Per Billion ( ppb ),0,y,Fresno-Garland                           
3781,2025-08-07,16,57.1,OZONE,Parts Per Billion ( ppb ),0,y,Fresno-Garland                           
3781,2025-08-07,17,57.2,OZONE,Parts Per Billion ( ppb ),0,y,Fresno-Garland                           
3781,2025-08-07,18,48.8,OZONE,Parts Per Billion ( ppb ),0,y,Fresno-Garland                           
3781,2025-08-07,19,47.0,OZONE,Parts Per Billion ( ppb ),0,y,Fresno-Garland                           
3781,2025-08-07,20,44.4,OZONE,Parts Per Billion ( ppb ),0,y,Fresno-Garland                           
3781,2025-08-07,21,41.8,OZONE,Parts Per Billion ( ppb ),0,y,Fresno-Garland                           
3781,2025-08-07,22,40.5,OZONE,Parts Per Billion ( ppb ),0,y,Fresno-Garland                           
3781,2025-08-07,23,36.3,OZONE,Parts Per Billion ( ppb ),0,y,Fresno-Garland                           
3781,2025-08-08,0,25.9,OZONE,Parts Per Billion ( ppb ),0,y,Fresno-Garland                           
3781,2025-08-08,1,25.3,OZONE,Parts Per Billion ( ppb ),0,y,Fresno-Garland                           
3781,2025-08-08,2,21.2,OZONE,Parts Per Billion ( ppb ),0,y,Fresno-Garland                           
3781,2025-08-08,3,18.2,OZONE,Parts Per Billion ( ppb ),0,y,Fresno-Garland                           
3781,2025-08-08,5,10.6,OZONE,Parts Per Billion ( ppb ),0,y,Fresno-Garland                           
3781,2025-08-08,6,15.7,OZONE,Parts Per Billion ( ppb ),0,y,Fresno-Garland                           
3781,2025-08-08,11,82.7,OZONE,Parts Per Billion ( ppb ),0,y,Fresno-Garland                           
3781,2025-08-08,12,82.5,OZONE,Parts Per Billion ( ppb ),0,y,Fresno-Garland                           
3781,2025-08-08,13,68.0,OZONE,Parts Per Billion ( ppb ),0,y,Fresno-Garland                           
3781,2025-08-08,14,64.5,OZONE,Parts Per Billion ( ppb ),0,y,Fresno-Garland                           
3781,2025-08-08,15,69.1,OZONE,Parts Per Billion ( ppb ),0,y,Fresno-Garland                           
3781,2025-08-08,16,68.7,OZONE,Parts Per Billion ( ppb ),0,y,Fresno-Garland                           
3781,2025-08-08,17,69.4,OZONE,Parts Per Billion ( ppb ),0,y,Fresno-Garland                           
3781,2025-08-08,18,64.0,OZONE,Parts Per Billion ( ppb ),0,y,Fresno-Garland                           
3781,2025-08-08,19,59.4,OZONE,Parts Per Billion ( ppb ),0,y,Fresno-Garland                           
3781,2025-08-08,20,51.6,OZONE,Parts Per Billion ( ppb ),0,y,Fresno-Garland                           
3781,2025-08-08,21,46.6,OZONE,Parts Per Billion ( ppb ),0,y,Fresno-Garland                           
3781,2025-08-08,22,43.3,OZONE,Parts Per Billion ( ppb ),0,y,Fresno-Garland                           
3781,2025-08-08,23,44.0,OZONE,Parts Per Billion ( ppb ),0,y,Fresno-Garland                           
3781,2025-08-09,0,31.8,OZONE,Parts Per Billion ( ppb ),0,y,Fresno-Garland                           
3781,2025-08-09,1,30.8,OZONE,Parts Per Billion ( ppb ),0,y,Fresno-Garland                           
3781,2025-08-09,2,23.0,OZONE,Parts Per Billion ( ppb ),0,y,Fresno-Garland                           
3781,2025-08-09,3,18.5,OZONE,Parts Per Billion ( ppb ),0,y,Fresno-Garland                           
3781,2025-08-09,5,12.7,OZONE,Parts Per Billion ( ppb ),0,y,Fresno-Garland                           
3781,2025-08-09,6,21.5,OZONE,Parts Per Billion ( ppb ),0,y,Fresno-Garland                           
3781,2025-08-09,7,29.1,OZONE,Parts Per Billion ( ppb ),0,y,Fresno-Garland                           
3781,2025-08-09,8,33.4,OZONE,Parts Per Billion ( ppb ),0,y,Fresno-Garland                           
3781,2025-08-09,9,43.7,OZONE,Parts Per Billion ( ppb ),0,y,Fresno-Garland                           
3781,2025-08-09,10,52.7,OZONE,Parts Per Billion ( ppb ),0,y,Fresno-Garland                           
3781,2025-08-09,11,60.5,OZONE,Parts Per Billion ( ppb ),0,y,Fresno-Garland                           
3781,2025-08-09,12,73.3,OZONE,Parts Per Billion ( ppb ),0,y,Fresno-Garland                           
3781,2025-08-09,13,85.3,OZONE,Parts Per Billion ( ppb ),0,y,Fresno-Garland                           
3781,2025-08-09,14,86.1,OZONE,Parts Per Billion ( ppb ),0,y,Fresno-Garland                           
3781,2025-08-09,15,89.4,OZONE,Parts Per Billion ( ppb ),0,y,Fresno-Garland                           
3781,2025-08-09,16,83.4,OZONE,Parts Per Billion ( ppb ),0,y,Fresno-Garland                           
3781,2025-08-09,17,81.2,OZONE,Parts Per Billion ( ppb ),0,y,Fresno-Garland                           
3781,2025-08-09,18,72.6,OZONE,Parts Per Billion ( ppb ),0,y,Fresno-Garland                           
3781,2025-08-09,19,60.6,OZONE,Parts Per Billion ( ppb ),0,y,Fresno-Garland                           
3781,2025-08-09,20,56.2,OZONE,Parts Per Billion ( ppb ),0,y,Fresno-Garland                           
3781,2025-08-09,21,54.4,OZONE,Parts Per Billion ( ppb ),0,y,Fresno-Garland                           
3781,2025-08-09,22,45.7,OZONE,Parts Per Billion ( ppb ),0,y,Fresno-Garland                           
3781,2025-08-09,23,44.0,OZONE,Parts Per Billion ( ppb ),0,y,Fresno-Garland                           
3781,2025-08-10,0,36.4,OZONE,Parts Per Billion ( ppb ),0,y,Fresno-Garland                           
3781,2025-08-10,1,30.3,OZONE,Parts Per Billion ( ppb ),0,y,Fresno-Garland                           
3781,2025-08-10,2,27.2,OZONE,Parts Per Billion ( ppb ),0,y,Fresno-Garland                           
3781,2025-08-10,3,24.8,OZONE,Parts Per Billion ( ppb ),0,y,Fresno-Garland                           
3781,2025-08-10,5,16.7,OZONE,Parts Per Billion ( ppb ),0,y,Fresno-Garland                           
3781,2025-08-10,6,20.1,OZONE,Parts Per Billion ( ppb ),0,y,Fresno-Garland                           
3781,2025-08-10,7,35.1,OZONE,Parts Per Billion ( ppb ),0,y,Fresno-Garland                           
3781,2025-08-10,8,47.4,OZONE,Parts Per Billion ( ppb ),0,y,Fresno-Garland                           
3781,2025-08-10,9,57.0,OZONE,Parts Per Billion ( ppb ),0,y,Fresno-Garland                           
3781,2025-08-10,10,70.1,OZONE,Parts Per Billion ( ppb ),0,y,Fresno-Garland                           
3781,2025-08-10,11,87.0,OZONE,Parts Per Billion ( ppb ),0,y,Fresno-Garland                           
3781,2025-08-10,12,100.1,OZONE,Parts Per Billion ( ppb ),0,y,Fresno-Garland                           
3781,2025-08-10,13,89.8,OZONE,Parts Per Billion ( ppb ),0,y,Fresno-Garland                           
3781,2025-08-10,14,79.3,OZONE,Parts Per Billion ( ppb ),0,y,Fresno-Garland                           
3781,2025-08-10,15,74.1,OZONE,Parts Per Billion ( ppb ),0,y,Fresno-Garland                           
3781,2025-08-10,16,71.3,OZONE,Parts Per Billion ( ppb ),0,y,Fresno-Garland                           
3781,2025-08-10,17,70.5,OZONE,Parts Per Billion ( ppb ),0,y,Fresno-Garland                           
3781,2025-08-10,18,63.9,OZONE,Parts Per Billion ( ppb ),0,y,Fresno-Garland                           
3781,2025-08-10,19,56.3,OZONE,Parts Per Billion ( ppb ),0,y,Fresno-Garland                           
3781,2025-08-10,20,57.3,OZONE,Parts Per Billion ( ppb ),0,y,Fresno-Garland                           
3781,2025-08-10,21,47.9,OZONE,Parts Per Billion ( ppb ),0,y,Fresno-Garland                           
3781,2025-08-10,22,41.9,OZONE,Parts Per Billion ( ppb ),0,y,Fresno-Garland                           
3781,2025-08-10,23,41.3,OZONE,Parts Per Billion ( ppb ),0,y,Fresno-Garland                           
3781,2025-08-11,0,35.2,OZONE,Parts Per Billion ( ppb ),0,y,Fresno-Garland                           
3781,2025-08-11,1,30.6,OZONE,Parts Per Billion ( ppb ),0,y,Fresno-Garland                           
3781,2025-08-11,2,30.0,OZONE,Parts Per Billion ( ppb ),0,y,Fresno-Garland                           
3781,2025-08-11,3,30.5,OZONE,Parts Per Billion ( ppb ),0,y,Fresno-Garland                           
3781,2025-08-11,5,19.3,OZONE,Parts Per Billion ( ppb ),0,y,Fresno-Garland                           
3781,2025-08-11,6,23.6,OZONE,Parts Per Billion ( ppb ),0,y,Fresno-Garland                           
3781,2025-08-11,7,30.7,OZONE,Parts Per Billion ( ppb ),0,y,Fresno-Garland                           
3781,2025-08-11,14,72.1,OZONE,Parts Per Billion ( ppb ),0,y,Fresno-Garland                           
3781,2025-08-11,15,71.5,OZONE,Parts Per Billion ( ppb ),0,y,Fresno-Garland                           
3781,2025-08-11,16,70.5,OZONE,Parts Per Billion ( ppb ),0,y,Fresno-Garland                           
3781,2025-08-11,17,70.8,OZONE,Parts Per Billion ( ppb ),0,y,Fresno-Garland                           
3781,2025-08-11,18,66.6,OZONE,Parts Per Billion ( ppb ),0,y,Fresno-Garland                           
3781,2025-08-11,19,62.0,OZONE,Parts Per Billion ( ppb ),0,y,Fresno-Garland                           
3781,2025-08-11,20,58.4,OZONE,Parts Per Billion ( ppb ),0,y,Fresno-Garland                           
3781,2025-08-11,21,55.5,OZONE,Parts Per Billion ( ppb ),0,y,Fresno-Garland                           
3781,2025-08-11,22,50.7,OZONE,Parts Per Billion ( ppb ),0,y,Fresno-Garland                           
3781,2025-08-11,23,42.5,OZONE,Parts Per Billion ( ppb ),0,y,Fresno-Garland                           
3781,2025-08-12,0,34.1,OZONE,Parts Per Billion ( ppb ),0,y,Fresno-Garland                           
3781,2025-08-12,1,29.2,OZONE,Parts Per Billion ( ppb ),0,y,Fresno-Garland                           
3781,2025-08-12,2,22.9,OZONE,Parts Per Billion ( ppb ),0,y,Fresno-Garland                           
3781,2025-08-12,3,20.0,OZONE,Parts Per Billion ( ppb ),0,y,Fresno-Garland                           
3781,2025-08-12,5,15.9,OZONE,Parts Per Billion ( ppb ),0,y,Fresno-Garland                           
3781,2025-08-12,6,18.2,OZONE,Parts Per Billion ( ppb ),0,y,Fresno-Garland                           
3781,2025-08-12,7,31.4,OZONE,Parts Per Billion ( ppb ),0,y,Fresno-Garland                           
3781,2025-08-12,15,58.3,OZONE,Parts Per Billion ( ppb ),0,y,Fresno-Garland                           
3781,2025-08-12,16,56.9,OZONE,Parts Per Billion ( ppb ),0,y,Fresno-Garland                           
3781,2025-08-12,17,51.1,OZONE,Parts Per Billion ( ppb ),0,y,Fresno-Garland                           
3781,2025-08-12,18,48.7,OZONE,Parts Per Billion ( ppb ),0,y,Fresno-Garland                           
3781,2025-08-12,19,47.4,OZONE,Parts Per Billion ( ppb ),0,y,Fresno-Garland                           
3781,2025-08-12,20,48.4,OZONE,Parts Per Billion ( ppb ),0,y,Fresno-Garland                           
3781,2025-08-12,21,49.1,OZONE,Parts Per Billion ( ppb ),0,y,Fresno-Garland                           
3781,2025-08-12,22,45.3,OZONE,Parts Per Billion ( ppb ),0,y,Fresno-Garland                           
3781,2025-08-12,23,39.4,OZONE,Parts Per Billion ( ppb ),0,y,Fresno-Garland                           
3781,2025-08-13,0,33.9,OZONE,Parts Per Billion ( ppb ),0,y,Fresno-Garland                           
3781,2025-08-13,1,30.2,OZONE,Parts Per Billion ( ppb ),0,y,Fresno-Garland                           
3781,2025-08-13,2,25.6,OZONE,Parts Per Billion ( ppb ),0,y,Fresno-Garland                           
3781,2025-08-13,3,22.5,OZONE,Parts Per Billion ( ppb ),0,y,Fresno-Garland                           
3781,2025-08-13,5,16.4,OZONE,Parts Per Billion ( ppb ),0,y,Fresno-Garland                           
3781,2025-08-13,15,56.1,OZONE,Parts Per Billion ( ppb ),0,y,Fresno-Garland                           
3781,2025-08-13,16,55.7,OZONE,Parts Per Billion ( ppb ),0,y,Fresno-Garland                           
3781,2025-08-13,17,52.1,OZONE,Parts Per Billion ( ppb ),0,y,Fresno-Garland                           
3781,2025-08-13,18,52.0,OZONE,Parts Per Billion ( ppb ),0,y,Fresno-Garland                           
3781,2025-08-13,19,42.6,OZONE,Parts Per Billion ( ppb ),0,y,Fresno-Garland                           
3781,2025-08-13,20,40.4,OZONE,Parts Per Billion ( ppb ),0,y,Fresno-Garland                           
3781,2025-08-13,21,41.6,OZONE,Parts Per Billion ( ppb ),0,y,Fresno-Garland                           
3781,2025-08-13,22,42.4,OZONE,Parts Per Billion ( ppb ),0,y,Fresno-Garland                           
3781,2025-08-13,23,35.9,OZONE,Parts Per Billion ( ppb ),0,y,Fresno-Garland                           
3781,2025-08-14,0,30.8,OZONE,Parts Per Billion ( ppb ),0,y,Fresno-Garland                           
3781,2025-08-14,1,23.9,OZONE,Parts Per Billion ( ppb ),0,y,Fresno-Garland                           
3781,2025-08-14,2,21.3,OZONE,Parts Per Billion ( ppb ),0,y,Fresno-Garland                           
3781,2025-08-14,3,19.4,OZONE,Parts Per Billion ( ppb ),0,y,Fresno-Garland                           
3781,2025-08-14,5,15.0,OZONE,Parts Per Billion ( ppb ),0,y,Fresno-Garland                           
3781,2025-08-14,6,15.6,OZONE,Parts Per Billion ( ppb ),0,y,Fresno-Garland                           
3781,2025-08-14,7,25.7,OZONE,Parts Per Billion ( ppb ),0,y,Fresno-Garland                           
3781,2025-08-14,8,33.1,OZONE,Parts Per Billion ( ppb ),0,y,Fresno-Garland                           
3781,2025-08-14,9,39.1,OZONE,Parts Per Billion ( ppb ),0,y,Fresno-Garland                           
3781,2025-08-14,10,45.0,OZONE,Parts Per Billion ( ppb ),0,y,Fresno-Garland                           
3781,2025-08-14,11,49.3,OZONE,Parts Per Billion ( ppb ),0,y,Fresno-Garland                           
3781,2025-08-14,12,48.4,OZONE,Parts Per Billion ( ppb ),0,y,Fresno-Garland                           
3781,2025-08-14,13,50.5,OZONE,Parts Per Billion ( ppb ),0,y,Fresno-Garland                           
3781,2025-08-14,14,51.8,OZONE,Parts Per Billion ( ppb ),0,y,Fresno-Garland                           
3781,2025-08-14,15,48.5,OZONE,Parts Per Billion ( ppb ),0,y,Fresno-Garland                           
3781,2025-08-14,16,49.3,OZONE,Parts Per Billion ( ppb ),0,y,Fresno-Garland                           
3781,2025-08-14,17,51.5,OZONE,Parts Per Billion ( ppb ),0,y,Fresno-Garland                           
3781,2025-08-14,18,47.5,OZONE,Parts Per Billion ( ppb ),0,y,Fresno-Garland                           
3781,2025-08-14,19,47.9,OZONE,Parts Per Billion ( ppb ),0,y,Fresno-Garland                           
3781,2025-08-14,20,44.5,OZONE,Parts Per Billion ( ppb ),0,y,Fresno-Garland                           
3781,2025-08-14,21,38.0,OZONE,Parts Per Billion ( ppb ),0,y,Fresno-Garland                           
3781,2025-08-14,22,30.9,OZONE,Parts Per Billion ( ppb ),0,y,Fresno-Garland                           
3781,2025-08-14,23,25.8,OZONE,Parts Per Billion ( ppb ),0,y,Fresno-Garland                           
3781,2025-08-15,0,23.5,OZONE,Parts Per Billion ( ppb ),0,y,Fresno-Garland                           
3781,2025-08-15,1,22.5,OZONE,Parts Per Billion ( ppb ),0,y,Fresno-Garland                           
3781,2025-08-15,2,20.3,OZONE,Parts Per Billion ( ppb ),0,y,Fresno-Garland                           
3781,2025-08-15,3,18.4,OZONE,Parts Per Billion ( ppb ),0,y,Fresno-Garland                           
3781,2025-08-15,5,12.5,OZONE,Parts Per Billion ( ppb ),0,y,Fresno-Garland                           
3781,2025-08-15,6,15.1,OZONE,Parts Per Billion ( ppb ),0,y,Fresno-Garland                           
3781,2025-08-15,7,23.7,OZONE,Parts Per Billion ( ppb ),0,y,Fresno-Garland                           
3781,2025-08-15,8,34.2,OZONE,Parts Per Billion ( ppb ),0,y,Fresno-Garland                           
3781,2025-08-15,9,42.2,OZONE,Parts Per Billion ( ppb ),0,y,Fresno-Garland                           
3781,2025-08-15,10,47.6,OZONE,Parts Per Billion ( ppb ),0,y,Fresno-Garland                           
3781,2025-08-15,11,51.1,OZONE,Parts Per Billion ( ppb ),0,y,Fresno-Garland                           
3781,2025-08-15,12,55.2,OZONE,Parts Per Billion ( ppb ),0,y,Fresno-Garland                           
3781,2025-08-15,13,56.5,OZONE,Parts Per Billion ( ppb ),0,y,Fresno-Garland                           
3781,2025-08-15,14,54.9,OZONE,Parts Per Billion ( ppb ),0,y,Fresno-Garland                           
3781,2025-08-15,15,53.8,OZONE,Parts Per Billion ( ppb ),0,y,Fresno-Garland                           
3781,2025-08-15,16,57.0,OZONE,Parts Per Billion ( ppb ),0,y,Fresno-Garland                           
3781,2025-08-15,17,57.2,OZONE,Parts Per Billion ( ppb ),0,y,Fresno-Garland                           
3781,2025-08-15,18,55.7,OZONE,Parts Per Billion ( ppb ),0,y,Fresno-Garland                           
3781,2025-08-15,19,53.4,OZONE,Parts Per Billion ( ppb ),0,y,Fresno-Garland                           
3781,2025-08-15,20,35.9,OZONE,Parts Per Billion ( ppb ),0,y,Fresno-Garland                           
3781,2025-08-15,21,25.2,OZONE,Parts Per Billion ( ppb ),0,y,Fresno-Garland                           
3781,2025-08-15,22,18.7,OZONE,Parts Per Billion ( ppb ),0,y,Fresno-Garland                           
3781,2025-08-15,23,15.1,OZONE,Parts Per Billion ( ppb ),0,y,Fresno-Garland                           
3781,2025-08-16,0,13.7,OZONE,Parts Per Billion ( ppb ),0,y,Fresno-Garland                           
3781,2025-08-16,1,11.7,OZONE,Parts Per Billion ( ppb ),0,y,Fresno-Garland                           
3781,2025-08-16,2,11.1,OZONE,Parts Per Billion ( ppb ),0,y,Fresno-Garland                           
3781,2025-08-16,3,10.0,OZONE,Parts Per Billion ( ppb ),0,y,Fresno-Garland                           
3781,2025-08-16,5,7.5,OZONE,Parts Per Billion ( ppb ),0,y,Fresno-Garland                           
3781,2025-08-16,6,9.8,OZONE,Parts Per Billion ( ppb ),0,y,Fresno-Garland                           
3781,2025-08-16,7,14.2,OZONE,Parts Per Billion ( ppb ),0,y,Fresno-Garland                           
3781,2025-08-16,8,19.1,OZONE,Parts Per Billion ( ppb ),0,y,Fresno-Garland                           
3781,2025-08-16,9,24.7,OZONE,Parts Per Billion ( ppb ),0,y,Fresno-Garland                           
3781,2025-08-16,10,26.0,OZONE,Parts Per Billion ( ppb ),0,y,Fresno-Garland                           
3781,2025-08-16,11,24.8,OZONE,Parts Per Billion ( ppb ),0,y,Fresno-Garland                           
3781,2025-08-16,12,24.1,OZONE,Parts Per Billion ( ppb ),0,y,Fresno-Garland                           
3781,2025-08-16,13,28.5,OZONE,Parts Per Billion ( ppb ),0,y,Fresno-Garland                           
3781,2025-08-16,14,28.2,OZONE,Parts Per Billion ( ppb ),0,y,Fresno-Garland                           
3781,2025-08-16,15,26.8,OZONE,Parts Per Billion ( ppb ),0,y,Fresno-Garland                           
3781,2025-08-16,16,27.4,OZONE,Parts Per Billion ( ppb ),0,y,Fresno-Garland                           
3781,2025-08-16,17,25.8,OZONE,Parts Per Billion ( ppb ),0,y,Fresno-Garland                           
3781,2025-08-16,18,25.0,OZONE,Parts Per Billion ( ppb ),0,y,Fresno-Garland                           
3781,2025-08-16,19,19.9,OZONE,Parts Per Billion ( ppb ),0,y,Fresno-Garland                           
3781,2025-08-16,20,16.1,OZONE,Parts Per Billion ( ppb ),0,y,Fresno-Garland                           
3781,2025-08-16,21,12.8,OZONE,Parts Per Billion ( ppb ),0,y,Fresno-Garland                           
3781,2025-08-16,22,10.5,OZONE,Parts Per Billion ( ppb ),0,y,Fresno-Garland                           
3781,2025-08-16,23,8.9,OZONE,Parts Per Billion ( ppb ),0,y,Fresno-Garland
  
