date_time,unixtime,m_PM25_b,m_PM1_b,m_PM10_b,tempC_sen5x,rh_sen5x,temp_C,rh,lat,lon,reference,dew_point,temp_minus_dew_point,pm_rh_interaction,pm_calibrated_clarityremake,pm_calibrated_twovar
2023-10-28 00:30:00,1698477901.0,10.666666666666666,10.0,11.166666666666666,9.0,64.0,10.0,61.833333333333336,36.78543333333334,-119.77320866666666,15.6,2.5472866515324712,6.452713348467529,682.6666666666666,9.037533609514798,7.8227261409597935
2023-10-28 01:30:00,1698481501.0,5.666666666666667,5.166666666666667,5.666666666666667,9.0,62.0,9.666666666666666,59.833333333333336,36.78538316666667,-119.7731235,6.9,2.100804630671849,6.899195369328151,351.33333333333337,4.8539754298081945,3.773257891553957
2023-10-28 02:30:00,1698485101.0,5.0,5.0,5.0,7.833333333333333,66.5,8.166666666666666,65.5,36.78538316666667,-119.7731895,9.0,1.9756178046054498,5.8577155287278835,332.5,4.407776697690444,3.18007288634582
2023-10-28 03:30:00,1698488701.0,6.0,5.666666666666667,6.166666666666667,6.666666666666667,71.83333333333333,7.166666666666667,70.33333333333333,36.7853755,-119.7731655,7.5,1.939424161249941,4.727242505416726,431.0,4.8355049072888825,3.934848536349162
2023-10-28 04:30:00,1698492301.0,7.0,6.5,7.333333333333333,6.0,76.0,6.833333333333333,73.33333333333333,36.7853865,-119.77310666666666,10.2,2.0865792638650684,3.9134207361349316,532.0,5.3311158584611675,4.702658848485774
2023-10-28 05:30:00,1698495901.0,7.166666666666667,7.0,7.166666666666667,6.0,77.83333333333333,6.333333333333333,75.16666666666667,36.78537866666667,-119.773126,9.8,2.4216003573759,3.5783996426241,557.8055555555555,5.503914008093034,4.817902920807018
2023-10-28 06:30:00,1698499501.0,7.0,6.666666666666667,7.333333333333333,5.166666666666667,77.5,6.0,75.33333333333333,36.785427,-119.7731425,6.3,1.5520044704332385,3.6146621962334287,542.5,5.3244046360860295,4.68589999717157
2023-10-28 07:30:00,1698503101.0,6.0,6.0,6.0,5.0,79.33333333333333,6.0,76.33333333333333,36.78539516666667,-119.77318683333334,6.0,1.7168919754171656,3.2831080245828344,476.0,4.493017314983337,3.8510542797781437
2023-10-28 08:30:00,1698506701.0,5.333333333333333,5.166666666666667,5.5,7.0,68.83333333333333,8.166666666666666,66.16666666666667,36.78540183333333,-119.77313366666664,5.3,1.6620903785651815,5.337909621434818,367.1111111111111,4.520380531966946,3.4254577877120433
2023-10-28 09:30:00,1698510301.0,5.166666666666667,4.5,5.166666666666667,11.666666666666666,53.5,11.333333333333334,55.0,36.785398,-119.77313233333332,7.7,2.5280029748827477,9.138663691783918,276.4166666666667,4.299981620084569,3.461043377218634
2023-10-28 10:30:00,1698513901.0,3.1666666666666665,3.1666666666666665,3.333333333333333,15.166666666666666,41.833333333333336,14.166666666666666,44.16666666666666,36.78542466666666,-119.7731145,3.5,2.272522842178699,12.894143824487967,132.47222222222223,2.1444471566152394,1.962664644754752
2023-10-28 11:30:00,1698517501.0,4.5,4.0,4.666666666666667,17.833333333333332,38.5,16.333333333333332,41.5,36.785398,-119.77314366666668,2.2,3.493800548602753,14.33953278473058,173.25,2.4720632022169298,3.085723439095145
2023-10-28 12:30:00,1698521101.0,4.666666666666667,4.666666666666667,4.666666666666667,20.166666666666668,36.0,18.166666666666668,39.66666666666666,36.78540016666667,-119.77314616666666,3.7,4.611112156900688,15.55555450976598,168.0,2.3080078946293234,3.2493819707685327
2023-10-28 13:30:00,1698524701.0,4.833333333333333,4.666666666666667,5.0,22.0,32.333333333333336,19.166666666666668,36.16666666666666,36.78541366666666,-119.7731195,2.1,4.684071598654293,17.315928401345708,156.27777777777777,1.5468831709148425,3.426075164575189
2023-10-28 14:30:00,1698528301.0,4.0,4.0,4.0,23.0,30.0,20.0,33.833333333333336,36.7854125,-119.77312233333332,4.4,4.480902267629907,18.519097732370092,120.0,0.28142792005693096,2.7735089247598212
2023-10-28 15:30:00,1698531901.0,6.0,5.666666666666667,6.0,23.666666666666668,27.83333333333333,20.33333333333333,31.83333333333333,36.785396,-119.77316683333332,5.9,3.9847502676914885,19.68191639897518,166.99999999999997,1.2885556135591223,4.42644150823247
2023-10-28 16:30:00,1698535501.0,6.0,5.333333333333333,6.166666666666667,23.83333333333333,25.33333333333333,20.83333333333333,28.0,36.78540366666667,-119.773159,4.8,2.791941930676623,21.041391402656707,151.99999999999997,0.39263762632784704,4.4543729270894765
2023-11-14 13:30:00,1699999200.0,4.0,4.0,4.0,26.0,20.0,24.0,21.0,36.785397,-119.773148,4.4,1.287941483331029,24.71205851666897,80.0,-3.3806021345771313,2.885234600187846
2023-11-14 14:30:00,1700001300.0,4.0,3.6666666666666665,4.0,26.0,20.33333333333333,24.0,20.33333333333333,36.785384666666666,-119.77315783333334,3.3,1.5186524884510906,24.48134751154891,81.33333333333331,-3.4100230783337295,2.881510411006912
2023-11-14 15:30:00,1700004900.0,3.1666666666666665,3.0,3.1666666666666665,25.666666666666668,19.83333333333333,24.0,19.83333333333333,36.78539666666666,-119.77312083333334,3.9,0.8966097481995243,24.770056918467144,62.805555555555536,-4.236739698553947,2.208461130696406
2023-11-14 16:30:00,1700008500.0,4.166666666666667,3.8333333333333335,4.5,23.0,26.166666666666668,21.166666666666668,27.5,36.78543916666666,-119.77315766666668,10.1,2.539733864734922,20.46026613526508,109.02777777777779,-0.7087744095509834,2.952064213156946
2023-11-14 17:30:00,1700012100.0,16.666666666666668,15.5,17.333333333333332,18.83333333333333,35.166666666666664,18.166666666666668,35.5,36.785365500000005,-119.77317683333332,24.2,3.098435792106543,15.734897541226786,586.1111111111111,12.429602508848394,13.03104456650033
2023-11-14 18:30:00,1700015700.0,8.0,7.166666666666667,8.166666666666666,16.0,42.5,15.666666666666666,42.333333333333336,36.785400333333335,-119.773154,16.1,3.2484279917492818,12.751572008250719,340.0,5.956366226483031,5.8913025380679445
2023-11-14 19:30:00,1700019300.0,9.666666666666666,9.0,10.166666666666666,14.333333333333334,47.66666666666666,14.166666666666666,47.5,36.7853685,-119.77315,17.0,3.3576577007412025,10.975675632592132,460.77777777777766,7.94321387567477,7.190848733927279
2023-11-14 20:30:00,1700022900.0,12.5,11.5,12.666666666666666,12.666666666666666,53.66666666666666,12.833333333333334,53.16666666666666,36.78539583333333,-119.773117,20.4,3.5015775560386895,9.165089110627976,670.8333333333333,10.48719992109419,9.431174246548947
2023-11-14 21:30:00,1700026500.0,18.83333333333333,17.5,19.5,12.0,54.833333333333336,12.833333333333334,53.0,36.785363,-119.77316516666669,22.5,3.1859655533996447,8.814034446600356,1032.6944444444441,15.904158559483538,14.575769871438169
2023-11-14 22:30:00,1700030100.0,15.833333333333334,14.5,16.166666666666668,12.0,51.66666666666666,12.166666666666666,49.833333333333336,36.78539083333333,-119.77320866666666,14.2,2.3464066341265717,9.653593365873428,818.0555555555554,13.284120805429804,12.168061637962182
2023-11-14 23:30:00,1700032800.0,10.666666666666666,10.666666666666666,11.0,11.0,49.0,12.0,47.66666666666666,36.785435,-119.77321333333332,11.8,0.6829893426231431,10.317010657376857,522.6666666666666,9.48916287685915,7.99031465410183
2023-11-16 12:30:00,1700166901.0,1.0,1.0,1.25,26.75,40.0,24.5,43.5,36.78537775,-119.77318,0.2,12.022016296317922,14.727983703682078,40.0,-1.1620869098789584,0.21869521863693153
2023-11-16 13:30:00,1700169901.0,1.0,1.0,1.0,27.5,38.333333333333336,24.0,44.16666666666666,36.78530766666666,-119.7733015,0.0,12.043784550040503,15.456215449959497,38.333333333333336,-1.4673339651762767,0.23731616454160226
2023-11-16 14:30:00,1700173501.0,1.0,1.0,1.0,27.33333333333333,36.66666666666666,24.5,40.5,36.7853535,-119.773215,1.1,11.222555703184655,16.110777630148675,36.66666666666666,-1.697691819443655,0.25593711044627315
2023-11-16 15:30:00,1700177101.0,1.0,1.0,1.0,26.5,37.5,24.33333333333333,40.833333333333336,36.78539533333333,-119.77315766666668,4.4,10.82326481848288,15.67673518151712,37.5,-1.4739840483620235,0.2466266374939377
2023-11-16 16:30:00,1700180701.0,1.0,1.0,1.0,24.166666666666668,44.333333333333336,22.33333333333333,47.5,36.785413166666665,-119.77311466666669,3.2,11.255995999711901,12.910670666954767,44.333333333333336,-0.44579376786575153,0.17028075928478753
2023-11-16 17:30:00,1700184301.0,3.8333333333333335,3.5,4.0,20.5,55.333333333333336,19.83333333333333,57.5,36.78530583333333,-119.77315266666666,6.7,11.236694269557978,9.263305730442022,212.11111111111111,2.696838127586794,2.3547434341924447
2023-11-16 18:30:00,1700187901.0,3.6666666666666665,3.333333333333333,3.6666666666666665,18.666666666666668,60.66666666666666,18.83333333333333,60.16666666666666,36.78537716666667,-119.773177,7.1,10.908162267398751,7.758504399267917,222.4444444444444,2.677397730625408,2.1594292944811166
2023-11-16 19:30:00,1700191501.0,13.5,12.333333333333334,14.0,17.5,67.33333333333333,17.5,67.66666666666667,36.78541366666666,-119.77315016666668,7.7,11.376142620259454,6.123857379740546,908.9999999999999,10.668580671136503,10.092845167028937
2023-11-16 20:30:00,1700195101.0,18.5,17.166666666666668,19.5,16.5,71.66666666666667,16.333333333333332,72.5,36.785345166666666,-119.77322,10.3,11.361917642788683,5.138082357211317,1325.8333333333335,14.726952162368118,14.116244092168234
2023-11-16 21:30:00,1700198701.0,24.33333333333333,22.166666666666668,25.33333333333333,15.333333333333334,77.33333333333333,14.833333333333334,78.33333333333333,36.78538833333334,-119.7731605,18.6,11.386366009773187,3.9469673235601466,1881.7777777777774,18.952858672930592,18.8033818246657
2023-11-16 22:30:00,1700201101.0,27.5,25.0,29.0,15.0,80.5,14.0,81.5,36.785372,-119.7731205,17.1,11.66985774662279,3.3301422533772094,2213.75,21.23267299085332,21.34681717095808
2023-11-17 09:30:00,1700244000.0,9.0,8.0,9.0,20.0,54.0,20.0,54.0,36.785374,-119.773148,9.2,10.40468053857491,9.59531946142509,486.0,6.889863198420926,6.577180688224005
2023-11-17 10:30:00,1700246100.0,8.5,8.333333333333334,8.5,21.666666666666668,49.16666666666666,21.0,50.5,36.785393166666665,-119.77308783333336,9.4,10.535413755293272,11.131252911373396,417.9166666666666,6.620020000619174,6.224000092898406
2023-11-17 11:30:00,1700249700.0,6.0,5.666666666666667,6.0,24.5,42.0,23.0,44.0,36.78536666666667,-119.773173,8.3,10.74187574100446,13.75812425899554,252.0,3.557763503430344,4.2681634680427685
2023-11-17 13:30:00,1700256900.0,4.333333333333333,4.333333333333333,4.333333333333333,25.83333333333333,36.66666666666666,23.33333333333333,40.333333333333336,36.7853705,-119.77319316666666,2.6,9.89550305537448,15.937830277958849,158.88888888888883,1.4466431593178228,2.970479366773901
2023-11-17 14:30:00,1700260500.0,4.166666666666667,3.8333333333333335,4.166666666666667,24.33333333333333,38.833333333333336,23.0,40.333333333333336,36.78539733333333,-119.77313233333332,1.7,9.419414379293357,14.913918954039971,161.80555555555557,1.592048050922397,2.8105450242814483
2023-11-17 15:30:00,1700264100.0,4.0,3.6666666666666665,4.0,23.166666666666668,42.0,22.5,42.333333333333336,36.785333666666666,-119.77314883333332,0.9,9.541802302883932,13.624864363782736,168.0,1.9203683312376079,2.6394381142461922
2023-12-04 11:30:00,1701718800.0,19.0,17.8,20.0,19.0,45.2,16.8,49.0,36.7853364,-119.773169,16.9,6.8541169608843555,12.145883039115645,858.8000000000001,15.382406585383313,14.81912605158355
2023-12-04 12:30:00,1701722100.0,19.5,18.0,20.0,20.166666666666668,41.5,17.666666666666668,46.16666666666666,36.78543083333333,-119.773135,15.1,6.664834383446777,13.50183228321989,809.25,15.306188062893057,15.267645889941065
2023-12-04 13:30:00,1701725700.0,17.0,15.666666666666666,17.166666666666668,21.166666666666668,38.833333333333336,18.5,44.16666666666666,36.78548116666666,-119.77296316666668,11.7,6.5941994696695305,14.572467196997138,660.1666666666667,12.817948322545721,13.261532711142815
2023-12-04 14:30:00,1701729300.0,13.166666666666666,12.5,13.5,20.666666666666668,39.66666666666666,18.0,44.0,36.785484333333336,-119.7731895,10.1,6.456117372643506,14.210549294023162,522.2777777777776,9.905454962221205,10.130498643413707
2023-12-04 15:30:00,1701732900.0,9.5,8.833333333333334,9.666666666666666,19.666666666666668,43.0,18.0,45.333333333333336,36.78539983333334,-119.773173,6.4,6.731111674716572,12.935554991950095,408.5,7.052686971545789,7.107260269643976
2023-12-04 16:30:00,1701736500.0,7.666666666666667,7.166666666666667,7.666666666666667,17.833333333333332,50.16666666666666,16.833333333333332,52.16666666666666,36.78533683333333,-119.7731845,5.3,7.309891126721055,10.523442206612277,384.61111111111103,6.06146969438597,5.534191961273697
2023-12-04 17:30:00,1701740100.0,11.666666666666666,11.0,11.666666666666666,15.333333333333334,59.333333333333336,15.333333333333334,60.0,36.78546583333333,-119.77314516666668,8.0,7.442176628989317,7.8911567043440165,692.2222222222222,9.701314531810905,8.689227466391161
2023-12-04 18:30:00,1701743700.0,16.5,15.5,17.0,13.833333333333334,67.0,14.0,65.83333333333333,36.78544566666667,-119.77310716666666,17.1,7.8056433911691885,6.027689942164145,1105.5,13.545917356333668,12.539657386904736
2023-12-04 19:30:00,1701747300.0,22.0,20.166666666666668,22.666666666666668,12.5,73.33333333333333,12.666666666666666,72.83333333333333,36.785431,-119.77313116666666,19.6,7.855087470117662,4.644912529882338,1613.3333333333333,17.52407556165165,16.947892515407574
2023-12-04 20:30:00,1701750900.0,23.83333333333333,22.166666666666668,25.0,11.166666666666666,80.0,10.833333333333334,80.16666666666667,36.785359666666665,-119.773102,19.7,7.842444250027113,3.324222416639553,1906.6666666666663,18.677443523968527,18.366406972769084
2023-12-04 21:30:00,1701753000.0,29.0,27.0,30.0,10.0,83.0,10.0,83.0,36.785381,-119.773163,25.8,7.24353334268885,2.75646665731115,2407.0,22.65833767708575,22.5404297674485
2023-12-06 13:30:00,1701898501.0,12.75,12.0,13.25,25.75,28.75,24.75,28.75,36.7854185,-119.77314375,8.3,6.240464392605834,19.509535607394167,366.5625,7.05336890930349,9.913148057048348
2023-12-06 14:30:00,1701901501.0,15.833333333333334,14.666666666666666,16.666666666666668,25.166666666666668,33.333333333333336,24.33333333333333,33.666666666666664,36.78538566666666,-119.77318833333334,11.8,7.8956556961453845,17.27101097052128,527.7777777777778,10.624546549162044,12.37289204291356
2023-12-06 15:30:00,1701905101.0,7.0,6.666666666666667,7.0,19.666666666666668,49.5,19.5,49.333333333333336,36.7854735,-119.7732175,7.1,8.79951148866233,10.867155178004339,346.5,5.3905214680726665,4.998731888370039
2023-12-06 16:30:00,1701908701.0,5.166666666666667,4.833333333333333,5.166666666666667,18.666666666666668,51.333333333333336,18.33333333333333,51.16666666666666,36.785346,-119.77314633333332,3.5,8.416362445363482,10.250304221303185,265.22222222222223,3.918645373990028,3.485250606894706
2023-12-06 17:30:00,1701912301.0,14.166666666666666,13.166666666666666,15.166666666666666,18.0,51.833333333333336,17.666666666666668,51.333333333333336,36.78539716666666,-119.773158,13.3,7.943366017429022,10.056633982570979,734.3055555555555,11.54045683069969,10.8089284152079
2023-12-06 18:30:00,1701915901.0,24.0,22.0,25.5,17.0,53.333333333333336,17.0,53.5,36.785319,-119.77309183333334,15.6,7.436153718575042,9.563846281424958,1280.0,19.73641281014293,18.800069220060198
2023-12-06 19:30:00,1701919501.0,27.33333333333333,25.0,28.83333333333333,16.5,57.66666666666666,16.333333333333332,57.833333333333336,36.78544233333333,-119.7730625,18.2,8.118012066014916,8.381987933985084,1576.2222222222217,22.46780535782908,21.466197017035682
2023-12-06 20:30:00,1701923101.0,19.0,17.333333333333332,20.0,15.166666666666666,66.66666666666667,15.333333333333334,66.0,36.78536483333333,-119.7731795,14.6,9.002969438807957,6.163697227858709,1266.6666666666667,15.314686883720325,14.579288268331391
2023-12-06 21:30:00,1701926701.0,8.833333333333334,8.0,9.0,14.0,74.66666666666667,14.0,74.16666666666667,36.7854085,-119.77316516666669,8.1,9.569204925646181,4.430795074353819,659.5555555555557,6.562012832988312,6.210553846189706
2023-12-06 22:30:00,1701930301.0,6.833333333333333,6.333333333333333,7.333333333333333,13.0,78.5,13.333333333333334,76.33333333333333,36.78544233333333,-119.77318583333332,4.7,9.346041224388426,3.6539587756115743,536.4166666666666,4.787674204827606,4.539000316812387
2023-12-06 23:30:00,1701933901.0,4.833333333333333,4.166666666666667,4.833333333333333,12.5,82.0,13.0,78.5,36.785393166666665,-119.77317283333332,1.4,9.508399701138385,2.9916002988616146,396.3333333333333,2.732569328439393,2.8711709766160007
2023-12-07 00:30:00,1701937501.0,2.5,2.5,2.6666666666666665,12.0,87.5,12.5,82.66666666666667,36.78543783333333,-119.77324533333332,-1.6,9.987176231679335,2.012823768320665,218.75,0.6417496011896233,0.9095422757012475
2023-12-07 01:30:00,1701941101.0,5.833333333333333,5.666666666666667,6.333333333333333,11.166666666666666,88.83333333333333,11.666666666666666,85.66666666666667,36.7853825,-119.77312966666666,6.0,9.39182095919245,1.7748457074742152,518.1944444444443,3.279979413748606,3.609187775305139
2023-12-07 02:30:00,1701944701.0,6.0,5.833333333333333,6.666666666666667,10.333333333333334,90.66666666666669,10.833333333333334,87.83333333333333,36.78543616666666,-119.77315516666664,4.1,8.872508004834776,1.460825328498558,544.0000000000001,3.2552596306168162,3.7244318476263825
2023-12-07 03:30:00,1701948301.0,5.833333333333333,5.5,6.166666666666667,10.0,90.0,10.666666666666666,84.83333333333333,36.785488,-119.77322033333331,2.3,8.433938261775507,1.5660617382244926,525.0,3.095243368553902,3.5961531131718694
2023-12-07 04:30:00,1701951901.0,3.8333333333333335,3.8333333333333335,4.0,10.0,87.66666666666667,11.0,82.66666666666667,36.7854475,-119.77316133333332,2.4,8.04650932265079,1.95349067734921,336.0555555555556,1.7931618391979178,1.9934970836418318
2023-12-07 05:30:00,1701955501.0,2.0,2.0,2.0,10.0,85.5,10.833333333333334,80.5,36.78539916666667,-119.77315133333332,4.5,7.678515468824662,2.3214845311753383,171.0,0.4259630461963191,0.5247060723377083
2023-12-07 06:30:00,1701959101.0,3.0,2.833333333333333,3.0,9.666666666666666,85.83333333333333,10.0,82.83333333333333,36.78535633333333,-119.7731895,6.0,7.408261918396024,2.2584047482706424,257.5,1.1672506167045285,1.3353445600550624
2023-12-07 07:30:00,1701962701.0,3.333333333333333,3.1666666666666665,3.333333333333333,9.0,87.83333333333333,9.166666666666666,85.0,36.78537116666666,-119.77312966666666,4.3,7.08960963040584,1.9103903695941602,292.7777777777777,1.2795380298226036,1.5844536506022202
2023-12-07 08:30:00,1701966301.0,3.0,2.833333333333333,3.1666666666666665,9.666666666666666,86.66666666666667,10.333333333333334,82.66666666666667,36.785362166666665,-119.77313333333332,4.6,7.549904997614144,2.116761669052522,260.0,1.0924286143924178,1.3260340871027272
2023-12-07 09:30:00,1701969901.0,2.0,2.0,3.0,12.166666666666666,76.33333333333333,12.666666666666666,73.83333333333333,36.78542466666666,-119.7731465,4.6,8.123172406172147,4.043494260494519,152.66666666666666,1.0752624188269948,0.6271212748133975
2023-12-07 10:30:00,1701973501.0,1.8333333333333333,1.1666666666666667,2.5,14.333333333333334,63.833333333333336,14.5,63.0,36.7854135,-119.77316916666666,2.0,7.570112349714289,6.763220983619045,117.02777777777777,1.0857262223919264,0.6310512562820466
2023-12-07 11:30:00,1701977101.0,1.0,1.0,2.0,16.333333333333332,49.66666666666666,16.333333333333332,49.66666666666666,36.7854535,-119.7731895,0.4,5.783163198869809,10.550170134463524,49.66666666666666,0.5616550492547319,0.11069373238984126
2023-12-07 12:30:00,1701980701.0,1.0,1.0,2.0,18.0,40.833333333333336,17.333333333333332,41.0,36.78540816666666,-119.77313983333332,0.7,4.481882510190631,13.51811748980937,40.833333333333336,-0.14971123963593058,0.20938474568459614
2023-12-07 13:30:00,1701984301.0,1.0,1.0,1.8333333333333333,18.666666666666668,36.66666666666666,18.0,36.5,36.78550383333333,-119.773168,2.0,3.543014117884979,15.123652548781688,36.66666666666666,-0.6942244096908397,0.25593711044627315
2023-12-07 14:30:00,1701987901.0,1.1666666666666667,1.0,2.0,18.666666666666668,35.0,18.0,34.5,36.78538583333333,-119.773178,2.9,2.8840533517663456,15.782613314900322,40.833333333333336,-0.8684972891701008,0.41028516916732527
2023-12-07 15:30:00,1701991501.0,1.1666666666666667,1.0,2.0,17.833333333333332,36.333333333333336,17.5,35.5,36.785433833333336,-119.77316166666668,0.4,2.6741838594141965,15.159149473919136,42.38888888888889,-0.582916384414208,0.3953884124435887
2023-12-07 17:30:00,1701998701.0,2.5,2.1666666666666665,2.6666666666666665,14.833333333333334,42.16666666666666,14.666666666666666,41.333333333333336,36.78540683333333,-119.77316933333331,2.7,2.082962692238529,12.750370641094804,105.41666666666664,1.4359962491673635,1.4160320043082921
2023-12-07 18:30:00,1702002301.0,2.333333333333333,2.333333333333333,3.1666666666666665,13.166666666666666,48.0,13.333333333333334,46.16666666666666,36.78539833333333,-119.77317033333334,2.6,2.386148980510515,10.780517686156152,111.99999999999999,1.938252355400877,1.215131580825563
2023-12-07 19:30:00,1702005901.0,2.5,2.1666666666666665,2.6666666666666665,12.0,50.833333333333336,12.333333333333334,49.0,36.785355333333335,-119.77314483333332,3.4,2.1179059386915,9.8820940613085,127.08333333333334,2.0794869359060684,1.3192030856040042
2023-12-07 20:30:00,1702009501.0,2.0,2.0,2.0,11.166666666666666,56.16666666666666,12.0,53.5,36.785387,-119.77314366666668,2.6,2.747697797946907,8.418968868719759,112.33333333333331,1.9069488880058927,0.8524347202599136
2023-12-07 21:30:00,1702013101.0,1.8333333333333333,1.1666666666666667,2.0,11.0,60.16666666666666,12.0,57.16666666666666,36.78537883333333,-119.7731475,-0.3,3.5653002739966966,7.434699726003304,110.30555555555553,1.362585096380272,0.6720173372723224
2023-12-07 22:30:00,1702016701.0,1.8333333333333333,1.0,2.0,10.833333333333334,67.5,11.0,65.66666666666667,36.785456333333336,-119.7731605,-0.2,5.050806855289091,5.782526478044243,123.75,1.03511755594333,0.590085175291771
2023-12-07 23:30:00,1702020301.0,2.0,1.0,2.0,10.0,77.83333333333333,10.5,75.33333333333333,36.78538833333334,-119.77315766666668,1.6,6.306616356544502,3.6933836434554976,155.66666666666666,0.5099632029597316,0.6103624234991938
2023-12-08 00:30:00,1702023901.0,2.0,2.0,2.1666666666666665,9.166666666666666,84.0,10.0,80.5,36.785396166666665,-119.77316783333332,3.2,6.602444361530007,2.564222305136659,168.0,0.5719040899408512,0.541464923651912
2023-12-08 01:30:00,1702027501.0,2.6666666666666665,2.0,2.833333333333333,9.0,86.66666666666667,9.0,83.0,36.7853955,-119.773145,1.9,6.89434205134939,2.1056579486506104,231.11111111111111,0.5555053342571838,1.0545798614699642
2023-12-08 02:30:00,1702031101.0,3.0,2.0,3.6666666666666665,8.166666666666666,87.5,8.833333333333334,84.16666666666667,36.78543083333333,-119.77316383333334,1.5,6.2136447442435365,1.9530219224231296,262.5,0.5996452470421154,1.3167236141503917
2023-12-08 03:30:00,1702034701.0,3.333333333333333,2.6666666666666665,4.0,7.666666666666667,90.33333333333331,8.0,86.66666666666667,36.78541,-119.7731795,3.3,6.182882046477267,1.4837846201894003,301.11111111111103,0.7918771818708663,1.556522231745214
2023-12-08 04:30:00,1702038301.0,5.5,5.0,5.5,7.0,93.83333333333331,8.0,88.83333333333333,36.785370666666665,-119.77316416666667,9.4,6.073900118020057,0.9260998819799431,516.0833333333333,2.3606771526371233,3.2818707119583648
2023-12-08 05:30:00,1702041901.0,7.833333333333333,7.0,8.0,7.0,93.66666666666669,7.0,90.83333333333331,36.785357833333336,-119.77317416666666,5.9,6.0481321068410265,0.9518678931589735,733.7222222222224,4.17745501244546,5.183912385978171
2023-12-08 06:30:00,1702045501.0,9.0,8.333333333333334,9.0,7.0,93.83333333333331,7.0,91.83333333333331,36.78536233333333,-119.77314,2.8,6.073900118020057,0.9260998819799431,844.4999999999998,5.2347274334506615,6.132140081102374
2023-12-08 07:30:00,1702049101.0,10.0,9.333333333333334,10.333333333333334,7.166666666666667,93.33333333333331,7.0,92.66666666666669,36.78543416666667,-119.77317033333333,2.3,6.161805817107535,1.0048608495591322,933.3333333333331,6.134981015144209,6.952089041772063
2023-12-08 08:30:00,1702052701.0,9.5,8.833333333333334,10.0,8.0,88.16666666666667,7.166666666666667,90.16666666666669,36.78543533333333,-119.77320866666666,6.3,6.159612057537225,1.8403879424627752,837.5833333333334,6.24487338242281,6.602632635627398
2023-12-08 09:30:00,1702056301.0,10.833333333333334,9.833333333333334,11.0,8.0,87.33333333333333,7.0,90.83333333333331,36.78540983333333,-119.77318816666669,6.5,6.021928561907677,1.9780714380923232,946.1111111111111,7.2868804362164035,7.697760011110786
2023-12-08 10:30:00,1702059901.0,11.5,10.5,12.0,7.0,88.16666666666667,7.0,89.33333333333333,36.785369,-119.7731335,6.9,5.174187026856246,1.825812973143754,1013.9166666666667,7.784937935234126,8.231357989423975
2023-12-08 11:30:00,1702063501.0,11.833333333333334,10.833333333333334,12.166666666666666,7.5,84.0,7.5,84.5,36.78540683333333,-119.773145,4.1,4.969375610371603,2.5306243896283966,994.0,8.474556418183901,8.549364579818414
2023-12-08 12:30:00,1702067101.0,10.666666666666666,9.833333333333334,11.333333333333334,8.5,77.33333333333333,8.166666666666666,79.5,36.785404,-119.77317933333336,2.6,4.757472836984677,3.742527163015323,824.8888888888888,8.124447644664139,7.673758573722427
2023-12-08 13:30:00,1702070701.0,11.0,10.5,11.5,9.5,71.16666666666667,9.0,75.0,36.78543916666667,-119.7731325,4.5,4.53237787146178,4.96762212853822,782.8333333333334,8.99897025108354,8.014110299202473
2023-12-08 14:30:00,1702074301.0,8.166666666666666,7.833333333333333,8.166666666666666,12.166666666666666,60.66666666666666,10.5,66.5,36.785410000000006,-119.77315016666668,5.4,4.783223641397187,7.383443025269479,495.44444444444434,6.98261077752705,5.824061340523414
2023-12-08 15:30:00,1702077901.0,7.0,6.166666666666667,7.166666666666667,13.0,56.0,11.5,61.66666666666666,36.78542016666666,-119.77314633333332,3.5,4.418719339879116,8.581280660120884,392.0,5.723149385393693,4.926110199341823
2023-12-08 16:30:00,1702081501.0,7.5,7.166666666666667,8.0,11.5,61.333333333333336,10.5,65.5,36.785443,-119.7731245,6.5,4.310609868767799,7.189390131232201,460.0,6.421182210452443,5.273704510896021
2023-12-08 17:30:00,1702085101.0,11.833333333333334,11.0,12.0,9.333333333333334,71.16666666666667,9.166666666666666,73.33333333333333,36.785384,-119.77313883333332,10.9,4.372199480405456,4.961133852927878,842.138888888889,9.549282032865333,8.69274586328438
2023-12-08 18:30:00,1702088701.0,19.166666666666668,17.833333333333332,19.83333333333333,7.833333333333333,77.83333333333333,7.833333333333333,77.83333333333333,36.785419833333336,-119.77317433333332,19.4,4.202455119682838,3.6308782136504947,1491.8055555555557,15.138425885270184,14.59025504358648
2023-12-08 19:30:00,1702092301.0,20.666666666666668,19.33333333333333,21.166666666666668,7.0,83.0,7.0,82.0,36.785359,-119.773192,17.9,4.30813846086052,2.69186153913948,1715.3333333333335,15.95379602084089,15.754074126629433
2023-12-08 20:30:00,1702095901.0,57.833333333333336,45.16666666666666,70.66666666666667,6.0,84.66666666666667,6.0,83.83333333333333,36.78537566666667,-119.773182,61.2,3.611715253430182,2.388284746569818,4896.555555555556,41.530898714258214,46.00259933877781
2023-12-08 21:30:00,1702099501.0,34.5,32.0,35.5,5.333333333333333,87.5,5.666666666666667,85.16666666666667,36.785415,-119.77312466666666,35.6,3.4239376213388906,1.9093957119944425,3018.75,26.664810449128005,26.96914793644648
2023-12-08 22:30:00,1702103101.0,46.16666666666666,42.66666666666666,47.5,4.833333333333333,88.5,4.833333333333333,87.83333333333333,36.785401,-119.77312583333332,45.1,3.092291314314989,1.741042019018344,4085.749999999999,35.94242562515507,36.458873266050375
2023-12-08 23:30:00,1702106701.0,51.5,47.833333333333336,52.833333333333336,4.0,90.16666666666669,4.0,89.16666666666667,36.78537816666667,-119.7731655,45.4,2.533143875521251,1.466856124478749,4643.583333333334,40.16863934089736,40.783519930269904
2023-12-09 00:30:00,1702110301.0,56.0,52.16666666666666,57.66666666666666,3.8333333333333335,89.33333333333333,3.8333333333333335,88.83333333333333,36.78537933333333,-119.77315266666666,47.2,2.2378947551411694,1.595438578192164,5002.666666666666,44.02405393860191,44.45746244926454
2023-12-09 01:30:00,1702113901.0,54.833333333333336,50.833333333333336,56.833333333333336,3.0,92.0,3.0,91.16666666666669,36.785412,-119.7731565,43.8,1.826557196110504,1.173442803889496,5044.666666666667,42.56636835881684,43.4775791461024
2023-12-09 02:30:00,1702117501.0,40.16666666666666,37.16666666666666,41.833333333333336,3.0,92.33333333333331,3.0,91.66666666666669,36.78540633333333,-119.77316033333334,30.3,1.8772225694569578,1.1227774305430422,3708.722222222221,30.615709324800598,31.529869029079894
2023-12-09 03:30:00,1702121101.0,34.833333333333336,32.333333333333336,36.16666666666666,2.833333333333333,91.5,2.6666666666666665,91.0,36.785439833333335,-119.773219,21.4,1.5852745296374602,1.2480588036958729,3187.25,26.47202458777134,27.195911891908036
2023-12-09 04:30:00,1702124701.0,34.666666666666664,32.0,36.0,2.0,91.5,2.0,91.66666666666669,36.78535083333333,-119.7731335,29.2,0.7603628433075343,1.2396371566924658,3172.0,26.25114593353511,27.060184779091646
2023-12-09 05:30:00,1702128301.0,30.666666666666668,28.5,32.166666666666664,2.0,91.33333333333331,2.0,91.5,36.78534566666666,-119.77314266666669,19.9,0.7350520657399258,1.2649479342600742,2800.8888888888882,23.144481399186127,23.804596166088963
2023-12-09 06:30:00,1702131901.0,27.33333333333333,25.166666666666668,28.33333333333333,2.0,91.16666666666669,2.0,91.5,36.785418166666666,-119.77318966666668,17.0,0.7097003259569836,1.2902996740430164,2491.888888888889,20.33808100404969,21.0919160043518
2023-12-09 07:30:00,1702135501.0,27.0,24.83333333333333,28.0,1.5,93.16666666666669,1.8333333333333333,91.5,36.785396,-119.77313983333332,16.2,0.5152699175803713,0.9847300824196287,2515.5000000000005,19.803629181125558,20.798116643633435
2023-12-09 08:30:00,1702139101.0,34.166666666666664,31.0,36.5,3.5,94.83333333333331,4.0,91.33333333333331,36.7853755,-119.77315283333331,18.7,2.749095585342157,0.750904414657843,3240.1388888888882,25.104025907515265,26.61576154883316
2023-12-09 09:30:00,1702142701.0,37.5,34.166666666666664,39.833333333333336,7.666666666666667,82.0,7.5,82.33333333333333,36.785432166666666,-119.77318566666668,19.7,4.786491454061056,2.880175212605611,3075.0,29.38217605986592,29.47368508862676
2023-12-09 10:30:00,1702146301.0,38.66666666666666,34.833333333333336,41.16666666666666,11.333333333333334,66.66666666666667,10.166666666666666,73.33333333333333,36.78540433333333,-119.773135,22.7,5.349114683449409,5.984218649883925,2577.7777777777774,31.40981304548596,30.595087580664387
2023-12-09 11:30:00,1702149901.0,37.16666666666666,33.333333333333336,39.5,14.0,58.0,11.666666666666666,66.83333333333333,36.78539716666666,-119.77316533333334,20.6,5.859485115246467,8.140514884753532,2155.666666666666,30.421543419310773,29.470372484021244
2023-12-09 12:30:00,1702153501.0,29.666666666666668,26.666666666666668,31.5,15.833333333333334,51.833333333333336,13.166666666666666,60.0,36.785406,-119.77317166666668,18.8,5.939736914579524,9.893596418753809,1537.7222222222224,24.270917763495405,23.431549907131373
2023-12-09 13:30:00,1702157101.0,23.33333333333333,21.33333333333333,24.83333333333333,17.333333333333332,46.0,14.666666666666666,53.833333333333336,36.785410166666665,-119.77316033333334,17.0,5.590961800592477,11.742371532740854,1073.333333333333,18.97761741180046,18.339092930775223
2023-12-09 14:30:00,1702160701.0,21.0,19.166666666666668,21.83333333333333,18.0,43.5,15.166666666666666,51.0,36.78540533333334,-119.77312833333332,12.4,5.390574066272466,12.609425933727534,913.5,16.81442602130008,16.466844770202893
2023-12-09 15:30:00,1702164301.0,16.0,14.833333333333334,16.833333333333332,17.666666666666668,42.833333333333336,15.333333333333334,48.16666666666666,36.785429666666666,-119.77316266666666,9.9,4.866722527213854,12.799944139452814,685.3333333333334,12.728496742997034,12.402479764073318
2023-12-09 16:30:00,1702167901.0,13.0,12.166666666666666,13.5,15.0,49.5,13.833333333333334,52.66666666666666,36.7854525,-119.77314116666666,8.6,4.507678728610186,10.492321271389814,643.5,10.791071368732922,9.88490794975977
2023-12-09 17:30:00,1702171501.0,18.0,17.0,18.83333333333333,12.333333333333334,59.16666666666666,11.833333333333334,61.16666666666666,36.78538833333334,-119.7731935,18.1,4.581277794770631,7.752055538562703,1064.9999999999998,15.241364909074559,13.848719848004121
2023-12-09 18:30:00,1702175101.0,40.16666666666666,37.16666666666666,42.16666666666666,10.5,64.66666666666667,10.666666666666666,64.83333333333333,36.78540216666666,-119.77316416666667,38.0,4.119053924022497,6.380946075977503,2597.444444444444,33.330618388097506,31.83897673109743
2023-12-09 19:30:00,1702178701.0,41.0,38.16666666666666,42.333333333333336,9.166666666666666,68.83333333333333,10.0,66.33333333333333,36.785373666666665,-119.77317683333332,38.1,3.7368809214365086,5.4297857452301574,2822.1666666666665,33.893125678933515,32.47105993041767
2023-12-09 20:30:00,1702182301.0,48.5,45.5,50.0,8.5,71.33333333333333,8.5,71.16666666666667,36.785373166666666,-119.77315533333332,52.1,3.6044807731676967,4.895519226832303,3459.6666666666665,40.09621903045122,38.550848588297825
2023-12-09 21:30:00,1702185901.0,77.16666666666667,68.83333333333333,83.66666666666667,7.333333333333333,76.0,7.333333333333333,75.66666666666667,36.785438,-119.77317433333332,75.0,3.378242417693752,3.955090915639581,5864.666666666667,61.500731155952366,61.84377334418235
2023-12-09 22:30:00,1702189501.0,63.5,58.833333333333336,65.5,6.333333333333333,80.5,6.333333333333333,80.33333333333333,36.78538133333333,-119.77318316666668,65.7,3.221715400396106,3.111617932937227,5111.75,51.14879049681112,50.66387353929646
2023-12-09 23:30:00,1702193101.0,68.33333333333333,63.333333333333336,70.5,5.666666666666667,84.0,5.666666666666667,83.5,36.78539466666667,-119.77315633333336,71.1,3.1727466500763284,2.4939200165903386,5740.0,54.64504255757441,54.5608558245717
2023-12-10 00:30:00,1702196701.0,70.83333333333333,65.83333333333333,73.16666666666667,5.0,86.5,5.0,86.0,36.78540216666666,-119.77316283333332,68.0,2.9331484068381473,2.0668515931618527,6127.083333333333,56.42636736300784,56.56883109796043
2023-12-10 01:30:00,1702200301.0,66.66666666666667,61.833333333333336,68.83333333333333,4.666666666666667,87.66666666666667,4.833333333333333,86.83333333333333,36.785449166666666,-119.77316516666669,55.1,2.7943258104013946,1.8723408562652724,5844.444444444445,52.79838240383539,53.16261861541763
2023-12-10 02:30:00,1702203901.0,65.5,60.833333333333336,67.83333333333333,4.0,87.33333333333333,4.0,87.66666666666667,36.785441,-119.77319466666668,57.3,2.0842022821442505,1.9157977178557495,5720.333333333333,51.9529896980403,52.21625301488389
2023-12-10 03:30:00,1702207501.0,54.0,49.833333333333336,56.0,3.333333333333333,89.33333333333333,3.6666666666666665,88.5,36.785321,-119.77314233333334,40.4,1.744327916263212,1.589005417070121,4824.0,42.15481166257787,42.82873709546797
2023-12-10 04:30:00,1702211101.0,49.0,45.16666666666666,51.0,3.0,90.16666666666669,3.0,89.83333333333333,36.78539333333333,-119.77316416666667,33.6,1.544956515492267,1.455043484507733,4418.166666666668,37.96965926478903,38.747613238024186
2023-12-10 05:30:00,1702214701.0,41.16666666666666,38.0,42.833333333333336,2.833333333333333,89.66666666666667,2.833333333333333,89.5,36.7854115,-119.773183,24.3,1.3026784059691607,1.5306549273641723,3691.277777777777,31.73942265519787,32.37402521942566
2023-12-10 06:30:00,1702218301.0,43.333333333333336,39.833333333333336,45.16666666666666,2.0,89.66666666666667,2.333333333333333,88.5,36.7853585,-119.7731285,33.9,0.47966770212433807,1.520332297875662,3885.555555555556,33.41443458255958,34.13847768603863
2023-12-10 07:30:00,1702221901.0,43.333333333333336,39.66666666666666,44.833333333333336,2.333333333333333,90.5,2.6666666666666665,88.16666666666667,36.785394833333335,-119.77317666666666,28.0,0.9374362101753404,1.3958971231579926,3921.666666666667,33.20802823969895,34.12916721308629
2023-12-10 08:30:00,1702225501.0,35.166666666666664,32.333333333333336,36.333333333333336,4.666666666666667,87.33333333333333,5.833333333333333,80.16666666666667,36.785373166666666,-119.7731375,26.0,2.7405586228778915,1.9261080437887754,3071.2222222222217,27.087045262083844,27.51391848230247
2023-12-10 09:30:00,1702229101.0,26.33333333333333,24.33333333333333,27.33333333333333,9.5,67.16666666666667,9.333333333333334,68.0,36.7854025,-119.77314016666666,19.7,3.7069242607105224,5.793075739289478,1768.722222222222,21.73548895253845,20.54569494848077
2023-12-10 10:30:00,1702232701.0,31.33333333333333,28.666666666666668,32.5,13.833333333333334,53.333333333333336,12.166666666666666,58.66666666666666,36.785343833333336,-119.77315133333332,19.6,4.496748643916042,9.336584689417293,1671.1111111111109,26.051281314594778,24.772062183980978
2023-12-10 11:30:00,1702236301.0,31.666666666666668,29.33333333333333,33.166666666666664,16.333333333333332,45.16666666666666,13.5,52.333333333333336,36.7854125,-119.77315133333332,22.3,4.417159106717013,11.91617422661632,1430.2777777777776,26.22319201988045,25.13475904454663
2023-12-10 12:30:00,1702239901.0,26.83333333333333,25.0,27.83333333333333,18.166666666666668,39.66666666666666,15.5,45.333333333333336,36.78541833333333,-119.77314516666668,16.1,4.217075753584232,13.949590913082435,1064.3888888888885,21.693366307523238,21.260121894356978
2023-12-10 13:30:00,1702243501.0,27.666666666666668,25.5,29.166666666666668,19.0,37.0,16.0,41.66666666666666,36.78542316666667,-119.77312083333334,15.6,3.9678353015836,15.0321646984164,1023.6666666666667,21.90798524042617,21.968550971886366
2023-12-10 14:30:00,1702247101.0,25.166666666666668,22.83333333333333,26.166666666666668,18.33333333333333,36.16666666666666,16.166666666666668,39.5,36.7854085,-119.773135,16.0,3.052671082680164,15.280662250653165,910.1944444444442,19.574643450578527,19.941954752592977
2023-12-10 15:30:00,1702250701.0,21.0,19.33333333333333,21.83333333333333,16.833333333333332,39.16666666666666,16.0,40.833333333333336,36.785414333333335,-119.77315533333332,16.1,2.842707751128796,13.990625582204537,822.4999999999998,16.69660990951904,16.51525922955504
2023-12-10 16:30:00,1702254301.0,15.166666666666666,13.833333333333334,16.0,15.166666666666666,42.5,14.833333333333334,42.66666666666666,36.78538916666667,-119.773163,11.3,2.4949757538750474,12.671690912791618,644.5833333333333,12.123295664155291,11.727568389172344
2023-12-10 17:30:00,1702257901.0,37.5,33.5,40.0,13.166666666666666,48.16666666666666,13.333333333333334,48.5,36.7854225,-119.773196,25.1,2.4349286727236303,10.731737993943035,1806.2499999999995,30.835141910604843,29.851690290491575
2023-12-10 18:30:00,1702261501.0,21.5,19.83333333333333,22.33333333333333,11.5,54.0,11.333333333333334,54.0,36.785427,-119.77316666666668,23.2,2.5040159757572993,8.9959840242427,1161.0,18.11110132598773,16.75671414945261
2023-12-10 19:30:00,1702265101.0,24.33333333333333,22.5,25.166666666666668,9.833333333333334,61.833333333333336,9.5,62.66666666666666,36.78540733333333,-119.7731845,30.8,2.8510594903458157,6.982273842987518,1504.6111111111109,20.369192816109084,18.97655662157914
2023-12-10 20:30:00,1702268701.0,31.5,29.166666666666668,32.333333333333336,8.666666666666666,67.0,8.666666666666666,67.0,36.785371833333336,-119.7731935,35.5,2.876210901219834,5.790455765446833,2110.5,26.088701966558794,24.75509754037906
2023-12-10 21:30:00,1702272301.0,42.333333333333336,39.0,44.333333333333336,8.0,70.0,8.0,69.66666666666667,36.78543733333333,-119.77315,41.1,2.8569386453942327,5.143061354605767,2963.3333333333335,34.73272601745364,33.54384217081545
2023-12-10 22:30:00,1702275901.0,46.333333333333336,42.833333333333336,48.16666666666666,7.0,74.33333333333333,7.333333333333333,73.83333333333333,36.785387,-119.77316033333334,45.1,2.742053966000619,4.2579460339993815,3444.111111111111,37.72036562191697,36.75287841905646
2023-12-10 23:30:00,1702279501.0,45.66666666666666,42.16666666666666,47.16666666666666,6.5,76.83333333333333,6.333333333333333,76.5,36.785392,-119.77318966666668,43.1,2.7247437604827276,3.7752562395172724,3508.7222222222213,36.89780749013006,36.18203854893392
2023-12-11 00:30:00,1702283101.0,45.16666666666666,42.0,46.833333333333336,6.0,76.0,6.0,75.66666666666667,36.785403,-119.77315649999998,40.3,2.0865792638650684,3.9134207361349316,3432.666666666666,36.74978504113517,35.784167683437104
2023-12-11 01:30:00,1702286701.0,45.0,41.833333333333336,46.833333333333336,6.0,78.33333333333333,5.5,79.33333333333333,36.78538783333334,-119.7731275,42.3,2.511756671609082,3.488243328390918,3525.0,36.350151466031235,35.62237124635419
2023-12-11 02:30:00,1702290301.0,38.333333333333336,35.5,39.5,5.0,79.16666666666667,5.0,79.5,36.7854035,-119.7731515,29.3,1.6874664270659043,3.312533572934096,3034.7222222222226,30.74123013990937,30.183976260746608
2023-12-11 03:30:00,1702293901.0,35.5,32.5,36.66666666666666,5.0,81.16666666666667,4.5,81.16666666666667,36.78540733333333,-119.77316166666668,28.1,2.0370098063030975,2.9629901936969025,2881.416666666667,28.002964692574196,27.854270207782516
2023-12-11 04:30:00,1702297501.0,35.666666666666664,32.833333333333336,37.16666666666666,4.0,82.66666666666667,3.8333333333333335,83.33333333333333,36.785372333333335,-119.7731795,26.3,1.315845038549404,2.684154961450596,2948.4444444444443,28.08541637224653,27.97323846928469
2023-12-11 05:30:00,1702301101.0,45.0,40.833333333333336,47.16666666666666,3.333333333333333,85.16666666666667,3.5,85.16666666666667,36.785361,-119.773201,27.2,1.0776037325194516,2.2557296008138814,3832.5,35.05825119707757,35.54602536814504
2023-12-11 06:30:00,1702304701.0,47.5,43.16666666666666,50.0,3.0,85.83333333333333,3.0,85.83333333333333,36.78544866666667,-119.77317166666668,27.3,0.8586404093833467,2.1413595906166534,4077.083333333333,37.02100255395264,37.5744836820289
2023-12-11 07:30:00,1702308301.0,59.833333333333336,53.66666666666666,64.5,3.0,87.83333333333333,3.333333333333333,85.66666666666667,36.7854505,-119.77318933333332,46.6,1.179126993371647,1.820873006628353,5255.361111111111,46.2791117216765,47.595944895355515
2023-12-11 08:30:00,1702311901.0,48.5,44.16666666666666,51.333333333333336,5.0,83.83333333333333,6.0,78.66666666666667,36.78540666666667,-119.77315516666664,25.4,2.491389408098358,2.508610591901642,4065.9166666666665,38.09574174736751,38.4111914940128
2023-12-11 09:30:00,1702315501.0,50.333333333333336,46.16666666666666,52.833333333333336,10.5,62.5,9.666666666666666,65.5,36.78537483333333,-119.7731235,37.5,3.6337151132456373,6.866284886754363,3145.8333333333335,41.70264725458755,40.14253784257278
2023-12-11 10:30:00,1702319101.0,43.333333333333336,39.833333333333336,45.66666666666666,14.166666666666666,50.66666666666666,12.666666666666666,55.66666666666666,36.785413166666665,-119.77320583333334,31.4,4.072459869600817,10.094206797065848,2195.555555555555,36.15604316738965,34.57420782020792
2023-12-11 11:30:00,1702322701.0,33.166666666666664,30.83333333333333,34.666666666666664,17.166666666666668,44.5,14.5,51.16666666666666,36.7854455,-119.77317166666668,25.1,4.961769408208208,12.204897258458459,1475.9166666666665,27.446268760388516,26.363751438255928
2023-12-11 12:30:00,1702326301.0,35.833333333333336,33.166666666666664,37.333333333333336,17.833333333333332,42.333333333333336,15.333333333333334,48.66666666666666,36.78544033333333,-119.7731655,25.1,4.848770761794968,12.984562571538365,1516.9444444444446,29.460133036208035,28.559592472994108
2023-12-11 14:30:00,1702333501.0,30.0,27.5,31.166666666666668,18.83333333333333,37.833333333333336,16.333333333333332,41.833333333333336,36.785416833333336,-119.77321116666668,21.4,4.137188237878435,14.696145095454893,1135.0,23.914543989845512,23.85942007836337
2023-12-11 15:30:00,1702337101.0,19.5,17.833333333333332,20.33333333333333,17.833333333333332,38.66666666666666,16.333333333333332,40.833333333333336,36.78545616666667,-119.773159,9.7,3.555143667712301,14.278189665621031,753.9999999999998,15.209020180525844,15.299301497979005
2023-12-11 16:30:00,1702340701.0,16.333333333333332,15.333333333333334,16.833333333333332,15.666666666666666,43.66666666666666,15.0,44.833333333333336,36.785373166666666,-119.77317283333332,14.9,3.33044786829867,12.336218798367996,713.2222222222221,13.355838659282615,12.664623516753746
2023-12-11 17:30:00,1702344301.0,18.83333333333333,17.666666666666668,19.666666666666668,13.5,50.833333333333336,13.333333333333334,51.333333333333336,36.785390166666666,-119.77317783333336,21.4,3.5036357084643597,9.99636429153564,957.3611111111109,15.889632202642577,14.620460141609378
2023-12-11 18:30:00,1702347901.0,22.33333333333333,20.83333333333333,22.666666666666668,11.833333333333334,56.16666666666666,12.0,55.5,36.78537883333333,-119.77317683333332,21.0,3.3708968978660927,8.462436435467241,1254.3888888888885,18.8712035664809,17.41114248385844
2023-12-11 19:30:00,1702351501.0,26.0,24.166666666666668,26.33333333333333,10.333333333333334,61.66666666666666,9.833333333333334,62.5,36.78535266666666,-119.773122,23.9,3.28555086366254,7.0477824696707945,1603.333333333333,21.80113519323568,20.335689844333423
2023-12-11 20:30:00,1702355101.0,27.666666666666668,25.5,28.33333333333333,8.666666666666666,67.5,8.5,68.33333333333333,36.785388833333336,-119.77320083333332,17.0,2.981284939584013,5.685381727082653,1867.5,22.818938815898182,21.62778766183089
2023-12-11 21:30:00,1702358701.0,28.5,26.5,29.33333333333333,7.5,72.5,7.5,72.16666666666667,36.78541333333333,-119.773178,22.3,2.8718881550549726,4.628111844945027,2066.25,23.29253283903863,22.250560388198785
2023-12-11 22:30:00,1702362301.0,39.16666666666666,36.16666666666666,41.0,6.833333333333333,76.0,6.833333333333333,76.0,36.785359666666665,-119.77315266666666,34.5,2.893894186651018,3.939439146682315,2976.666666666666,31.650683018716702,30.89799162204738
2023-12-11 23:30:00,1702365901.0,44.16666666666666,40.833333333333336,46.16666666666666,6.0,79.0,6.0,78.83333333333333,36.785386,-119.773126,38.9,2.6311758611468212,3.3688241388531788,3489.166666666666,35.47191500644409,34.936287303910404
2023-12-12 00:30:00,1702369501.0,45.333333333333336,41.833333333333336,47.0,5.0,81.0,5.0,81.16666666666667,36.785394,-119.77315116666666,36.0,2.008174254716985,2.991825745283015,3672.0,36.17718322090063,35.864031958539485
2023-12-12 01:30:00,1702373101.0,41.833333333333336,38.66666666666666,43.5,5.0,80.33333333333333,5.0,79.33333333333333,36.785434,-119.7731755,30.9,1.8923040870419203,3.1076959129580795,3360.6111111111113,33.43375445071346,33.02121096775734
2023-12-12 02:30:00,1702376701.0,39.0,35.666666666666664,40.333333333333336,4.166666666666667,80.5,4.166666666666667,81.33333333333333,36.78536016666667,-119.7731465,29.5,1.108535571442064,3.058131095224603,3139.5,30.920135527259724,30.711987955288397
2023-12-12 03:30:00,1702380301.0,36.333333333333336,33.5,37.5,3.5,84.0,3.5,84.0,36.785400333333335,-119.773135,25.7,1.0491156352550828,2.450884364744917,3052.0,28.508040043300895,28.501250163826484
2023-12-12 04:30:00,1702383901.0,32.333333333333336,29.83333333333333,33.666666666666664,3.0,84.83333333333333,3.0,84.33333333333333,36.7853995,-119.77316666666668,22.8,0.6959082026269057,2.3040917973730943,2742.9444444444443,25.179976718123683,25.234488983280997
2023-12-12 05:30:00,1702387501.0,30.166666666666668,28.166666666666668,31.166666666666668,3.0,84.5,2.6666666666666665,85.33333333333333,36.785371833333336,-119.77316933333331,15.2,0.6412862747308745,2.3587137252691255,2549.0833333333335,23.634444733592243,23.473760705848967
2023-12-12 06:30:00,1702391101.0,30.0,27.83333333333333,31.5,2.1666666666666665,86.5,2.0,85.83333333333333,36.78540783333333,-119.7731105,19.7,0.1465570089375309,2.0201096577291358,2595.0,23.181385197908455,23.315688457946983
2023-12-12 07:30:00,1702394701.0,30.5,28.5,32.333333333333336,2.1666666666666665,87.83333333333333,2.6666666666666665,85.16666666666667,36.7854125,-119.77315633333336,19.8,0.35805800296442425,1.8086086637022423,2678.9166666666665,23.53200460247395,23.70797303967239
2023-12-12 08:30:00,1702398301.0,42.16666666666666,38.5,44.66666666666666,4.833333333333333,84.33333333333333,6.166666666666667,77.66666666666667,36.785385,-119.7731855,25.2,2.411731703581175,2.421601629752158,3556.0555555555547,32.9810331118091,33.24797492321889
2023-12-12 09:30:00,1702401901.0,56.5,51.5,59.5,9.5,66.83333333333333,9.5,67.83333333333333,36.78542,-119.77318716666667,40.6,3.636188531977439,5.863811468022561,3776.083333333333,46.332605279775386,45.116026557426736
2023-12-12 10:30:00,1702405501.0,50.66666666666666,46.333333333333336,53.333333333333336,13.5,53.333333333333336,12.333333333333334,57.16666666666666,36.7853305,-119.77313983333332,35.2,4.187184438052831,9.312815561947168,2702.2222222222217,42.162716567272916,40.51640727068121
2023-12-12 11:30:00,1702409400.5714283,41.57142857142857,37.85714285714285,43.57142857142857,17.0,43.285714285714285,14.428571428571429,48.71428571428572,36.785349,-119.77314642857142,25.7,4.413999174228377,12.586000825771624,1799.4489795918366,34.11806854642013,33.22184253086971
2023-12-12 12:30:00,1702413300.0,34.833333333333336,32.333333333333336,36.16666666666666,19.0,38.5,16.0,44.5,36.78534583333333,-119.77317316666668,20.7,4.535516137731018,14.464483862268981,1341.0833333333335,28.25856889473284,27.788057971676565
2023-12-12 13:30:00,1702416900.0,32.166666666666664,29.5,33.333333333333336,19.5,37.0,16.666666666666668,42.5,36.78539966666667,-119.7731615,21.2,4.412082715811982,15.087917284188018,1190.1666666666665,25.593402639180756,25.633183017928662
2023-12-12 14:30:00,1702420500.0,32.333333333333336,29.5,33.166666666666664,19.0,37.0,16.833333333333332,42.16666666666666,36.78542333333333,-119.77312983333331,21.5,3.9678353015836,15.0321646984164,1196.3333333333335,25.710376698637482,25.76891013074505
2023-12-12 15:30:00,1702424100.0,33.833333333333336,31.166666666666668,35.333333333333336,18.0,39.16666666666666,16.166666666666668,42.5,36.785373,-119.7731895,22.3,3.886922087199249,14.113077912800751,1325.1388888888887,27.44761598534836,26.966246916416406
2023-12-12 16:30:00,1702427700.0,27.83333333333333,25.33333333333333,29.166666666666668,15.833333333333334,44.833333333333336,14.833333333333334,47.0,36.785470333333336,-119.77321783333332,21.4,3.8564712802586016,11.976862053074733,1247.8611111111109,22.77875217380346,22.01675963895079
2023-12-12 17:30:00,1702431300.0,27.5,25.166666666666668,28.83333333333333,13.0,54.0,12.5,56.333333333333336,36.78539466666667,-119.77318433333332,21.3,3.8996048630530984,9.1003951369469,1485.0,22.915495908836913,21.642890210842342
2023-12-12 18:30:00,1702434900.0,29.5,27.166666666666668,31.0,11.0,60.66666666666666,10.666666666666666,61.833333333333336,36.7853905,-119.77316383333331,18.9,3.68292068628531,7.3170793137146894,1789.6666666666663,24.59544929774985,23.197131781020236
2023-12-12 19:30:00,1702438500.0,34.166666666666664,31.5,35.666666666666664,9.5,66.66666666666667,9.833333333333334,66.66666666666667,36.78546583333333,-119.77324566666664,31.7,3.600703535844946,5.899296464155054,2277.777777777778,28.20968359814829,26.930455534622094
2023-12-12 20:30:00,1702442100.0,43.0,39.66666666666666,45.0,8.333333333333334,70.83333333333333,8.666666666666666,70.66666666666667,36.785442833333335,-119.7732265,35.7,3.3444500850699312,4.988883248263402,3045.833333333333,35.22136503202872,34.077440149128634
2023-12-12 21:30:00,1702445700.0,50.333333333333336,46.5,53.0,7.666666666666667,74.83333333333333,8.0,74.0,36.78543016666666,-119.77314633333332,38.6,3.4813184223770035,4.1853482442896635,3766.611111111111,40.91404764541454,40.004742842878215
2023-12-12 22:30:00,1702449300.0,49.333333333333336,45.16666666666666,51.833333333333336,6.833333333333333,74.5,6.833333333333333,73.83333333333333,36.78540116666667,-119.77316933333331,40.8,2.612577873569023,4.220755459764311,3675.3333333333335,39.940333294501855,39.19410435516086
2023-12-12 23:30:00,1702452900.0,50.66666666666666,46.66666666666666,53.16666666666666,5.833333333333333,77.16666666666667,5.666666666666667,77.16666666666667,36.78542916666667,-119.77321983333331,42.1,2.138835872587216,3.694497460746117,3909.7777777777774,40.91322153766859,40.25012774424442
2023-12-13 00:30:00,1702456500.0,51.66666666666666,47.5,54.16666666666666,4.666666666666667,80.83333333333333,4.666666666666667,80.5,36.78538833333334,-119.77315133333332,35.0,1.654014325731342,3.012652340935325,4176.388888888888,41.27665380070577,41.023524340152434
2023-12-13 01:30:00,1702460100.0,46.833333333333336,42.66666666666666,49.16666666666666,4.0,83.0,4.333333333333333,80.83333333333333,36.785404166666666,-119.77314,31.5,1.3719856479367638,2.628014352063236,3887.166666666667,36.88608316416777,37.06323083880132
2023-12-13 02:30:00,1702463700.0,42.16666666666666,38.66666666666666,44.333333333333336,4.0,83.0,4.0,82.33333333333333,36.78538683333333,-119.77318816666669,30.6,1.3719856479367638,2.628014352063236,3499.8333333333326,33.249791208423844,33.26287167994262
2023-12-13 03:30:00,1702467300.0,42.66666666666666,39.16666666666666,45.0,3.0,85.0,3.0,85.0,36.78538233333333,-119.7731755,28.1,0.7231478796964831,2.276852120303517,3626.666666666666,33.44759170461447,33.64770788330617
2023-12-13 04:30:00,1702470900.0,42.66666666666666,39.16666666666666,44.833333333333336,3.0,85.83333333333333,3.0,85.5,36.78538066666667,-119.773145,29.3,0.8586404093833467,2.1413595906166534,3662.2222222222213,33.34094041133774,33.63839741035383
2023-12-13 05:30:00,1702474500.0,41.16666666666666,37.333333333333336,43.333333333333336,2.833333333333333,87.16666666666667,3.0,86.0,36.78536266666666,-119.77316533333334,25.3,0.9089551428343211,1.924378190499012,3588.3611111111104,31.717101349315897,32.40195663828267
2023-12-13 06:30:00,1702478100.0,41.333333333333336,37.5,43.5,2.0,87.66666666666667,2.1666666666666665,87.0,36.78542066666667,-119.77316283333332,22.0,0.16759334022467878,1.8324066597753212,3623.555555555556,31.806392948075732,32.532097467327645
2023-12-13 07:30:00,1702481700.0,43.833333333333336,39.66666666666666,46.333333333333336,2.333333333333333,89.0,3.333333333333333,85.16666666666667,36.78538683333333,-119.77314366666668,25.3,0.7052635554539883,1.6280697778793447,3901.166666666667,33.573459898152464,34.55310740284963
2023-12-13 08:30:00,1702485300.0,46.833333333333336,42.833333333333336,49.66666666666666,5.666666666666667,79.0,7.0,72.5,36.785324,-119.77314383333334,29.9,2.306790966841246,3.359875699825421,3699.8333333333335,37.416143636150835,37.10792110897252
2023-12-13 09:30:00,1702488900.0,39.0,35.666666666666664,40.833333333333336,10.666666666666666,60.0,10.166666666666666,61.0,36.78542383333333,-119.7731425,24.4,3.211875234355441,7.454791432311225,2340.0,32.404445135422165,30.941025589915846
2023-12-13 10:30:00,1702492500.0,39.333333333333336,36.16666666666666,41.333333333333336,14.5,48.0,12.833333333333334,52.5,36.7853615,-119.773154,27.4,3.6094023731651164,10.890597626834884,1888.0,32.778898739176995,31.346550626062243
2023-12-13 11:30:00,1702496100.0,40.0,36.66666666666666,41.333333333333336,17.333333333333332,41.0,15.0,46.333333333333336,36.78541633333334,-119.77313233333332,28.1,3.9404027569599687,13.392930576373363,1640.0,32.773319511639386,31.96766705012738
2023-12-13 12:30:00,1702499700.0,40.333333333333336,37.0,41.66666666666666,19.666666666666668,36.833333333333336,16.5,42.66666666666666,36.785386333333335,-119.77316666666668,25.9,4.495508339114522,15.171158327552146,1485.6111111111113,32.475799352809005,32.28567364052182
2023-12-13 13:30:00,1702503300.0,39.333333333333336,36.5,40.66666666666666,20.666666666666668,34.333333333333336,17.5,40.0,36.78542,-119.77314766666666,24.1,4.374063868152203,16.292602798514466,1350.4444444444446,31.436327720761838,31.499242382480542
2023-12-13 14:30:00,1702506900.0,39.0,36.0,40.16666666666666,21.0,33.833333333333336,17.666666666666668,38.5,36.785373666666665,-119.77313983333332,28.9,4.457382571864484,16.542617428135515,1319.5,30.94184858708614,31.233374440619176
2023-12-13 15:30:00,1702510500.0,36.5,33.5,38.0,20.33333333333333,34.666666666666664,17.833333333333332,38.333333333333336,36.785390666666665,-119.77317833333332,27.3,4.218516506850816,16.114816826482514,1265.3333333333333,28.904446841135577,29.188157275421116
2023-12-13 16:30:00,1702514100.0,35.0,32.0,37.16666666666666,16.833333333333332,42.0,15.5,44.833333333333336,36.78541383333333,-119.7731615,31.9,3.8330459077086876,13.000287425624645,1470.0,28.62527846500496,27.884681098093136
2023-12-13 17:30:00,1702517700.0,38.833333333333336,35.0,41.333333333333336,13.666666666666666,51.5,13.333333333333334,52.333333333333336,36.7854335,-119.77315266666666,33.2,3.8429363790397293,9.823730287626937,1999.9166666666667,32.05415140837812,30.900265301213288
2023-12-13 18:30:00,1702521300.0,48.833333333333336,44.16666666666666,51.833333333333336,11.5,57.833333333333336,12.166666666666666,56.5,36.78544483333334,-119.77316016666668,50.8,3.47370327117495,8.02629672882505,2824.194444444445,40.34415756803823,38.97313247575842
2023-12-13 19:30:00,1702524900.0,53.833333333333336,48.833333333333336,57.0,10.5,61.0,11.166666666666666,58.833333333333336,36.78537766666667,-119.77316283333334,50.6,3.2889135890326853,7.211086410967315,3283.8333333333335,44.411560698506705,43.00956606303099
2023-12-13 20:30:00,1702528500.0,52.833333333333336,48.0,55.66666666666666,9.333333333333334,66.16666666666667,9.166666666666666,66.66666666666667,36.78537816666667,-119.77317033333333,50.7,3.334937437609996,5.998395895723338,3495.805555555556,43.30484053817089,42.13747845382822
2023-12-13 21:30:00,1702532100.0,53.16666666666666,48.333333333333336,55.66666666666666,7.666666666666667,72.66666666666667,7.5,73.16666666666667,36.78540366666667,-119.77319216666666,50.2,3.064936758666108,4.601729908000559,3863.444444444444,43.05484569566042,42.336310990432764
2023-12-13 22:30:00,1702535700.0,62.16666666666666,56.66666666666666,65.66666666666667,6.833333333333333,76.5,6.833333333333333,76.5,36.785404166666666,-119.77314766666666,52.0,2.9865746022766677,3.8467587310566653,4755.749999999999,50.05227754929605,49.62274690693661
2023-12-13 23:30:00,1702539300.0,60.66666666666666,55.5,64.33333333333333,6.0,78.33333333333333,6.0,78.33333333333333,36.78539083333333,-119.77316416666667,49.1,2.511756671609082,3.488243328390918,4752.222222222221,48.74010853882251,48.38071985109404
2023-12-14 00:30:00,1702542900.0,54.66666666666666,49.833333333333336,57.333333333333336,6.0,77.5,5.833333333333333,77.5,36.7854075,-119.77314216666667,44.9,2.3612108490994204,3.6387891509005796,4236.666666666666,43.865459361562145,43.503854262656645
2023-12-14 01:30:00,1702546500.0,49.0,44.833333333333336,51.833333333333336,5.166666666666667,78.0,5.0,78.83333333333333,36.785411333333336,-119.773144,42.1,1.6419071467904556,3.5247595198762114,3822.0,39.31718041723482,38.883546143128285
2023-12-14 02:30:00,1702550100.0,47.66666666666666,43.66666666666666,50.0,5.0,79.66666666666667,4.833333333333333,79.83333333333333,36.78536983333333,-119.773159,36.7,1.7755791855996799,3.22442081440032,3797.444444444444,38.0705870113046,37.77910829469256
2023-12-14 03:30:00,1702553700.0,48.16666666666666,44.0,50.16666666666666,4.0,81.5,4.0,81.66666666666667,36.785382,-119.77314,32.8,1.1177606598342824,2.8822393401657176,3925.5833333333326,38.21353825021846,38.16580659264656
2023-12-14 04:30:00,1702557300.0,44.0,40.16666666666666,46.5,4.0,82.0,4.0,81.16666666666667,36.78542766666667,-119.77314116666668,29.4,1.2029595810181735,2.7970404189818265,3608.0,34.763055520291346,34.767042488465634
2023-12-14 05:30:00,1702560900.0,41.66666666666666,38.0,43.833333333333336,3.333333333333333,83.66666666666667,3.1666666666666665,83.5,36.785356666666665,-119.773173,30.8,0.830493349066889,2.502839984266444,3486.1111111111104,32.66660606522659,32.84824196313161
2023-12-14 06:30:00,1702564500.0,40.333333333333336,37.0,42.5,3.0,84.33333333333333,3.0,83.66666666666667,36.785425833333335,-119.77316266666666,31.9,0.6139036687403436,2.3860963312596564,3401.4444444444443,31.62822496739534,31.754976682238702
2023-12-14 07:30:00,1702568100.0,38.66666666666666,35.166666666666664,40.66666666666666,3.1666666666666665,84.33333333333333,3.6666666666666665,81.66666666666667,36.78540116666667,-119.7731895,25.2,0.7773533108948305,2.389313355771836,3260.888888888888,30.11407828422347,30.39770555407488
2023-12-14 08:30:00,1702571700.0,41.333333333333336,37.16666666666666,44.16666666666666,5.833333333333333,75.5,7.166666666666667,70.66666666666667,36.785389,-119.77316033333334,24.2,1.8326170154505792,4.000716317882754,3120.666666666667,32.98151402457652,32.668030372431744
2023-12-14 09:30:00,1702575300.0,42.5,38.16666666666666,45.5,11.333333333333334,56.333333333333336,11.166666666666666,56.333333333333336,36.785411833333335,-119.77314516666668,28.3,2.9453800397854533,8.38795329354788,2394.166666666667,35.05591610376453,33.83226104005013
2023-12-14 10:30:00,1702578900.0,42.333333333333336,38.16666666666666,44.833333333333336,15.666666666666666,45.16666666666666,14.5,47.333333333333336,36.78542383333333,-119.77314633333332,32.6,3.8102519042965866,11.856414762370079,1912.0555555555552,34.744132607253775,33.82129426479504
2023-12-14 11:30:00,1702582500.0,56.5,50.16666666666666,61.16666666666666,19.166666666666668,38.16666666666666,17.0,42.5,36.78542016666666,-119.773206,45.0,4.559702497570986,14.606964169095683,2156.416666666666,45.45377600820868,45.43630682698708
2023-12-14 12:30:00,1702586100.0,53.5,47.833333333333336,57.5,20.33333333333333,36.16666666666666,17.666666666666668,40.333333333333336,36.785368,-119.773159,40.8,4.824930060247813,15.508403273085516,1934.916666666666,42.82485559144786,43.01556393137783
2023-12-14 13:30:00,1702589700.0,46.16666666666666,41.0,49.333333333333336,21.166666666666668,33.166666666666664,18.666666666666668,36.833333333333336,36.78540216666666,-119.773164,33.7,4.319053903651924,16.847612763014745,1531.1944444444441,36.08205588731535,37.077088670085445
2023-12-14 14:30:00,1702593300.0,37.333333333333336,33.0,41.0,21.666666666666668,31.33333333333333,19.166666666666668,34.166666666666664,36.78543533333333,-119.77317816666668,28.9,3.9443632713918975,17.72230339527477,1169.7777777777776,28.272882303911167,29.904034731312368
2023-12-14 15:30:00,1702596900.0,36.833333333333336,31.5,40.66666666666666,20.5,33.666666666666664,18.5,35.833333333333336,36.78537383333333,-119.773182,31.7,3.947613020462902,16.552386979537097,1240.0555555555557,27.812564778837157,29.470784068596686
2023-12-14 16:30:00,1702600500.0,37.5,32.166666666666664,42.66666666666666,17.833333333333332,40.833333333333336,16.666666666666668,43.16666666666666,36.78540366666667,-119.77315500000002,31.4,4.3320207908620985,13.501312542471233,1531.25,29.436326136466786,29.933622452472125
2023-12-14 17:30:00,1702604100.0,43.0,36.0,49.0,14.833333333333334,47.833333333333336,14.5,48.16666666666666,36.78542333333333,-119.77317166666668,37.1,3.8655909102699204,10.967742423063413,2056.8333333333335,33.9566704311484,34.33440920261309
2023-12-14 18:30:00,1702607700.0,45.333333333333336,38.0,51.833333333333336,12.833333333333334,54.833333333333336,12.333333333333334,55.66666666666666,36.7854055,-119.773155,42.7,3.96262493925945,8.870708394073883,2485.777777777778,35.902764818460874,36.15638080924282
2023-12-14 19:30:00,1702611300.0,50.5,43.333333333333336,56.833333333333336,10.833333333333334,61.333333333333336,10.833333333333334,61.66666666666666,36.7853165,-119.773108,46.6,3.681012835775365,7.1523204975579695,3097.3333333333335,40.320658106538595,40.29129961752243
2023-12-14 20:30:00,1702614900.0,64.0,55.833333333333336,70.83333333333333,10.0,63.0,10.833333333333334,60.5,36.78544,-119.77323666666666,56.9,3.2732696497525597,6.72673035024744,4032.0,51.473363498177875,51.266574809744654
2023-12-14 21:30:00,1702618500.0,58.16666666666666,51.5,63.5,9.333333333333334,67.0,9.166666666666666,66.83333333333333,36.78545316666666,-119.77312083333334,45.3,3.512528120217823,5.820805213115511,3897.166666666666,46.889959051326564,46.47143559100009
2023-12-14 22:30:00,1702622100.0,72.0,64.33333333333333,78.16666666666667,7.666666666666667,72.5,7.666666666666667,72.0,36.78538783333333,-119.77312066666668,71.4,3.0324541360330333,4.634212530633634,5220.0,57.82460107334157,57.67533683327433
2023-12-14 23:30:00,1702625700.0,64.0,56.5,69.16666666666667,6.666666666666667,76.33333333333333,6.5,76.83333333333333,36.78537766666667,-119.77314883333334,48.6,2.7942034992828266,3.8724631673838403,4885.333333333333,50.596941618869764,51.117607242507276
2023-12-15 00:30:00,1702629300.0,102.5,90.16666666666669,112.16666666666669,6.0,78.33333333333333,5.666666666666667,78.83333333333333,36.78542383333333,-119.77316016666668,79.1,2.511756671609082,3.488243328390918,8029.166666666666,80.8587458949785,82.44822516800579
2023-12-15 01:30:00,1702632900.0,72.0,64.0,77.33333333333333,5.0,81.5,5.0,81.83333333333333,36.785415666666665,-119.7731705,56.0,2.0945239549711974,2.9054760450288026,5868.0,56.56213740003476,57.57478372538911
2023-12-15 02:30:00,1702636500.0,72.0,64.33333333333333,77.5,5.0,82.16666666666667,5.0,82.33333333333333,36.785441166666665,-119.77311983333334,55.4,2.208930076927986,2.791069923072014,5916.0,56.643966320512774,57.56733534702724
2023-12-15 03:30:00,1702640100.0,68.5,61.5,73.5,4.166666666666667,83.16666666666667,4.166666666666667,83.33333333333333,36.78536666666667,-119.77317683333332,52.3,1.563157957538414,2.6035087091282527,5696.916666666667,53.879988674942155,54.70589341034044
2023-12-15 04:30:00,1702643700.0,65.83333333333333,59.0,70.16666666666667,4.0,85.5,3.8333333333333335,86.5,36.785390166666666,-119.77315516666664,44.8,1.7867876345608047,2.2132123654391953,5628.75,51.35984820003162,52.50819028101178
2023-12-15 05:30:00,1702647300.0,63.833333333333336,57.16666666666666,68.66666666666667,3.1666666666666665,86.5,3.0,87.33333333333333,36.785384666666666,-119.77316016666668,42.6,1.1301203934599484,2.036546273206718,5521.583333333334,49.61233714611504,50.86829235967241
2023-12-15 06:30:00,1702650900.0,66.83333333333333,59.16666666666666,72.5,3.0,87.16666666666667,3.0,87.33333333333333,36.78538833333334,-119.77319966666666,46.4,1.073023089261173,1.926976910738827,5825.638888888889,51.543231745599996,53.303932012005404
2023-12-15 07:30:00,1702654500.0,41.833333333333336,37.333333333333336,45.0,3.333333333333333,83.83333333333333,3.8333333333333335,80.33333333333333,36.78538366666667,-119.77314616666666,28.2,0.8581430289955598,2.475190304337773,3507.027777777778,32.347884853875144,32.98210698135753
2023-12-15 08:30:00,1702658100.0,30.33333333333333,27.166666666666668,32.666666666666664,5.833333333333333,72.66666666666667,6.833333333333333,68.83333333333333,36.78537433333333,-119.7732125,28.8,1.2980294753239126,4.535303858009421,2204.222222222222,24.30485400191687,23.74169653458851
2023-12-15 09:30:00,1702661700.0,34.666666666666664,31.166666666666668,37.0,11.0,56.0,11.333333333333334,54.833333333333336,36.78540233333333,-119.7731765,27.5,2.5500049485751526,8.449995051424848,1941.3333333333333,28.67213149138078,27.456810926861134
2023-12-15 10:30:00,1702665300.0,37.0,33.166666666666664,40.0,15.833333333333334,43.333333333333336,14.166666666666666,46.333333333333336,36.7853705,-119.77313483333334,30.2,3.37286483194561,12.460468501387723,1603.3333333333335,30.121298751022202,29.498509695165975
2023-12-15 11:30:00,1702668900.0,40.833333333333336,35.833333333333336,44.833333333333336,18.83333333333333,36.66666666666666,16.666666666666668,40.66666666666666,36.78538383333333,-119.773178,34.7,3.6909746206135337,15.142358712719794,1497.222222222222,32.1180832008269,32.694717073561435
2023-12-15 12:30:00,1702672500.0,36.66666666666666,31.666666666666668,41.333333333333336,21.166666666666668,31.5,18.5,35.666666666666664,36.78539666666666,-119.77316933333331,28.1,3.584349031709779,17.58231763495689,1154.9999999999998,27.418286864400883,29.359264185456368
2023-12-15 13:30:00,1702676100.0,25.666666666666668,21.666666666666668,29.5,22.166666666666668,27.5,19.0,31.0,36.78539216666667,-119.77312866666666,22.8,2.5275399747417673,19.6391266919249,705.8333333333334,17.136271420004896,20.445965009746413
2023-12-15 14:30:00,1702679700.0,22.166666666666668,18.666666666666668,25.0,22.666666666666668,26.666666666666668,19.83333333333333,28.83333333333333,36.78540866666666,-119.7731385,21.7,2.521983858492473,20.144682808174196,591.1111111111112,13.975993262392167,17.60500611355474
2023-12-15 15:30:00,1702683300.0,17.0,14.333333333333334,19.5,21.5,26.666666666666668,19.5,27.83333333333333,36.78537283333333,-119.77317916666668,16.4,1.5251331754934663,19.974866824506535,453.33333333333337,9.9478542990837,13.397465616246912
2023-12-15 16:30:00,1702686900.0,18.83333333333333,15.833333333333334,21.33333333333333,18.666666666666668,33.833333333333336,17.5,35.166666666666664,36.785418166666666,-119.77317066666666,14.0,2.4060479312775427,16.260618735389126,637.1944444444443,13.22473175466683,14.81039378983702
2023-12-15 17:30:00,1702690500.0,38.0,32.333333333333336,43.16666666666666,15.166666666666666,43.0,14.666666666666666,42.16666666666666,36.78537633333333,-119.773158,34.1,2.6597970289139696,12.506869637752697,1634.0,30.087147061783117,30.316596561245195
2023-12-15 18:30:00,1702694100.0,35.166666666666664,29.33333333333333,41.0,13.0,49.66666666666666,12.666666666666666,49.833333333333336,36.78538733333334,-119.773202,36.0,2.713801912567878,10.286198087432123,1746.6111111111106,27.830729032547325,27.93475185974803
2023-12-15 19:30:00,1702697700.0,47.333333333333336,40.5,53.0,11.166666666666666,56.333333333333336,11.666666666666666,54.833333333333336,36.7853755,-119.77318066666668,46.1,2.7895170981442097,8.377149568522457,2666.444444444445,37.97643775624276,37.76834731172519
2023-12-15 20:30:00,1702701300.0,56.5,50.16666666666666,61.333333333333336,10.166666666666666,63.0,11.0,61.0,36.7853825,-119.7731845,50.3,3.4311928397228413,6.735473826943824,3559.5,45.90704454629356,45.15885473300749
2023-12-15 21:30:00,1702704900.0,61.16666666666666,54.66666666666666,66.16666666666667,10.0,66.66666666666667,10.166666666666666,64.5,36.7853915,-119.77315016666668,50.6,4.077601709719431,5.922398290280569,4077.7777777777774,49.57855531608038,48.91824781087588
2023-12-15 22:30:00,1702708500.0,60.0,53.66666666666666,65.0,9.166666666666666,68.0,9.5,67.16666666666667,36.78539083333333,-119.77315516666664,47.4,3.5637313713489203,5.602935295317746,4080.0,48.5705883502998,47.95326126443749
2023-12-15 23:30:00,1702712100.0,58.5,52.0,63.5,8.0,72.0,8.0,72.16666666666667,36.78539266666667,-119.773164,46.5,3.2554728845181966,4.744527115481803,4212.0,46.833591692117025,46.68702697891884
2023-12-16 00:30:00,1702715700.0,54.0,48.0,58.833333333333336,7.0,74.16666666666667,6.833333333333333,75.16666666666667,36.785373,-119.773158,42.1,2.710383609860114,4.289616390139885,4005.0000000000005,43.02140106166013,42.99818770320047
2023-12-16 01:30:00,1702719300.0,59.5,52.5,65.16666666666667,6.0,77.33333333333333,6.0,76.5,36.78541416666667,-119.77314883333334,40.8,2.3309298084174275,3.6690701915825725,4601.333333333333,46.89227433813722,47.441802628922176
2023-12-16 02:30:00,1702722900.0,59.333333333333336,53.16666666666666,64.0,5.166666666666667,78.5,5.833333333333333,77.5,36.78537133333333,-119.77313633333334,48.3,1.7313008212033207,3.4353658454633464,4657.666666666667,47.06990274929471,47.29304085397253
2023-12-16 03:30:00,1702726500.0,47.66666666666666,42.333333333333336,51.5,5.0,77.5,5.333333333333333,76.33333333333333,36.785376166666666,-119.77318316666668,34.6,1.3901537049568398,3.6098462950431602,3694.166666666666,37.61789092591325,37.80331552436863
2023-12-16 04:30:00,1702730100.0,48.0,42.333333333333336,52.5,4.5,80.33333333333333,4.666666666666667,79.5,36.78539716666666,-119.77317183333334,31.1,1.404738314988081,3.095261685011919,3856.0,37.40853796669974,38.04311414196346
2023-12-16 05:30:00,1702733700.0,48.333333333333336,42.333333333333336,52.333333333333336,3.8333333333333335,82.33333333333333,3.6666666666666665,82.5,36.78542883333333,-119.77318816666669,27.5,1.096511727571425,2.7368216057619086,3979.4444444444443,37.28703470299948,38.29222323251062
2023-12-16 06:30:00,1702737300.0,45.833333333333336,40.833333333333336,50.333333333333336,3.0,84.33333333333333,3.0,83.83333333333333,36.78543616666666,-119.77313616666667,35.5,0.6139036687403436,2.3860963312596564,3865.277777777778,35.44258963507943,36.23397140517929
2023-12-16 07:30:00,1702740900.0,38.5,34.333333333333336,41.833333333333336,3.1666666666666665,82.5,3.6666666666666665,79.33333333333333,36.78539983333334,-119.7731235,26.8,0.472528336957581,2.6941383297090855,3176.25,29.84132923612919,30.282461481753643
2023-12-16 08:30:00,1702744500.0,17.833333333333332,15.833333333333334,18.5,6.5,63.5,7.833333333333333,58.0,36.78537483333333,-119.7731525,13.5,0.06468992044781852,6.435310079552181,1132.4166666666665,14.718328915146799,13.664578275835595
2023-12-16 09:30:00,1702748100.0,23.166666666666668,21.33333333333333,24.33333333333333,11.666666666666666,49.333333333333336,11.333333333333334,50.0,36.78538483333333,-119.77316666666668,19.1,1.39114038262501,10.275526284041657,1142.888888888889,19.482355393524088,18.166123926149503
2023-12-16 10:30:00,1702751700.0,35.666666666666664,32.833333333333336,37.66666666666666,15.0,41.5,13.333333333333334,44.833333333333336,36.785375,-119.7731425,30.9,2.0098083589169042,12.990191641083095,1480.1666666666665,29.458503946298876,28.433175833130058
2023-12-16 11:30:00,1702755300.0,40.333333333333336,36.833333333333336,42.333333333333336,18.5,34.666666666666664,16.333333333333332,38.5,36.785415,-119.7731515,30.7,2.6019169997054896,15.89808300029451,1398.2222222222222,32.280249673062826,32.30988087019789
2023-12-16 12:30:00,1702758900.0,35.166666666666664,32.333333333333336,37.16666666666666,21.166666666666668,29.83333333333333,18.33333333333333,33.333333333333336,36.78541933333333,-119.77315883333334,29.8,2.8144059635009158,18.35226070316575,1049.1388888888887,26.917968444158987,28.15634111601361
2023-12-16 13:30:00,1702762500.0,31.0,28.33333333333333,33.166666666666664,21.166666666666668,29.5,19.33333333333333,31.0,36.785363,-119.773137,24.3,2.6558631752842614,18.510803491382408,914.5,23.206945375108674,24.766887484785013
2023-12-16 14:30:00,1702766100.0,29.33333333333333,26.33333333333333,31.166666666666668,22.166666666666668,27.0,20.33333333333333,28.0,36.78540116666667,-119.7731425,22.6,2.269339401374021,19.897327265292645,791.9999999999999,20.835162267558324,23.437547775478198
2023-12-16 15:30:00,1702769700.0,25.33333333333333,22.83333333333333,27.166666666666668,21.83333333333333,27.666666666666668,20.666666666666668,28.5,36.78538266666667,-119.77315266666666,17.6,2.3266520170902627,19.506681316243068,700.8888888888888,17.71781363573645,20.172648689523175
2023-12-16 16:30:00,1702773300.0,25.666666666666668,22.5,28.0,19.166666666666668,32.666666666666664,18.166666666666668,33.166666666666664,36.78542066666667,-119.77317683333332,20.1,2.3512172967836342,16.815449369883034,838.4444444444445,18.999882252205527,20.38824007744193
2023-12-16 17:30:00,1702776900.0,29.0,25.5,31.33333333333333,15.5,39.833333333333336,15.333333333333334,39.66666666666666,36.78538016666667,-119.77314383333334,30.2,1.8849816471396834,13.615018352860316,1155.1666666666667,23.030026669414514,23.022712266379475
2023-12-16 18:30:00,1702780500.0,40.333333333333336,36.0,43.833333333333336,13.5,45.833333333333336,13.666666666666666,44.333333333333336,36.78535083333333,-119.7731525,44.4,2.0422237222886697,11.45777627771133,1848.6111111111113,33.09901922086099,32.1851205326366
2023-12-16 19:30:00,1702784100.0,50.333333333333336,45.5,53.5,11.666666666666666,51.333333333333336,12.0,50.333333333333336,36.78540933333333,-119.77317566666666,54.2,1.947029793910087,9.71963687275658,2583.777777777778,41.79074499436862,40.26729818013406
2023-12-16 20:30:00,1702787700.0,53.333333333333336,48.16666666666666,56.333333333333336,10.333333333333334,57.16666666666666,10.166666666666666,56.833333333333336,36.785401666666665,-119.7731705,62.1,2.2162557545383637,8.11707757879497,3048.8888888888887,44.12243905410725,42.64521290016259
2023-12-16 21:30:00,1702791300.0,67.16666666666667,61.333333333333336,70.5,9.333333333333334,61.0,9.333333333333334,61.0,36.78537933333333,-119.77313866666668,71.6,2.187502544925846,7.145830788407488,4097.166666666667,55.66052975125818,53.867735088341504
2023-12-16 22:30:00,1702794900.0,60.333333333333336,55.333333333333336,63.66666666666666,8.5,62.333333333333336,8.833333333333334,61.833333333333336,36.78539766666667,-119.77314233333334,64.9,1.7027701199208314,6.797229880079168,3760.7777777777783,50.08926369727452,48.28802670614613
2023-12-16 23:30:00,1702798500.0,55.5,51.0,58.0,7.833333333333333,64.0,7.666666666666667,63.833333333333336,36.78538016666666,-119.773173,56.4,1.439443469934733,6.3938898633986,3552.0,46.04984009172248,44.33331948856639
2023-12-17 00:30:00,1702802100.0,54.66666666666666,50.333333333333336,57.333333333333336,7.0,65.66666666666667,7.0,65.16666666666667,36.785352,-119.77316533333334,59.4,1.0051048279810468,5.994895172018953,3589.7777777777774,45.314769389197394,43.636062978579815
2023-12-17 01:30:00,1702805700.0,32.0,29.0,33.833333333333336,7.0,59.66666666666666,7.333333333333333,58.66666666666666,36.785388000000005,-119.77315883333334,27.2,-0.3207013296287205,7.32070132962872,1909.333333333333,26.704407176999606,25.244211040808757
2023-12-17 02:30:00,1702809300.0,30.5,27.666666666666668,32.5,6.5,63.16666666666666,6.5,63.333333333333336,36.78538433333333,-119.77314116666666,26.0,-0.007948021226279932,6.50794802122628,1926.583333333333,25.316083185077975,23.983563039061515
2023-12-17 03:30:00,1702812900.0,35.666666666666664,32.333333333333336,37.833333333333336,6.0,66.0,6.666666666666667,64.66666666666667,36.78538983333333,-119.77317783333332,30.6,0.1222886359382262,5.877711364061774,2354.0,29.372202666881257,28.1594479283314
2023-12-17 04:30:00,1702816500.0,35.333333333333336,31.83333333333333,37.66666666666666,6.666666666666667,66.33333333333333,6.666666666666667,66.0,36.78538183333333,-119.773159,32.3,0.8277931144880758,5.838873552178591,2343.777777777778,28.93844847097257,27.884269513517705
2023-12-17 05:30:00,1702820100.0,38.66666666666666,34.666666666666664,41.16666666666666,6.0,68.33333333333333,6.0,69.33333333333333,36.78538183333333,-119.7731755,30.1,0.6031012550537106,5.39689874494629,2642.2222222222213,31.435155978304984,30.57646663475972
2023-12-17 06:30:00,1702823700.0,44.66666666666666,40.333333333333336,48.0,6.0,68.66666666666667,6.166666666666667,69.33333333333333,36.785391,-119.77315883333334,37.4,0.6705969519940371,5.329403048005963,3067.111111111111,36.42565931967778,35.458918506968516
2023-12-17 07:30:00,1702827300.0,43.0,38.5,46.0,6.166666666666667,68.66666666666667,6.333333333333333,70.0,36.7854245,-119.773173,33.7,0.8302066386612709,5.336460028005396,2952.666666666667,34.88740549428633,34.101647378804714
2023-12-17 08:30:00,1702830900.0,39.5,35.666666666666664,41.5,7.666666666666667,65.0,7.666666666666667,64.5,36.785406,-119.773163,30.6,1.4975368041747705,6.169129862491896,2567.5,32.42931797718228,31.292344090650975
2023-12-17 09:30:00,1702834500.0,31.166666666666668,28.5,32.833333333333336,10.5,52.66666666666666,10.333333333333334,53.66666666666666,36.785404,-119.773149,30.2,1.224352819447851,9.275647180552149,1641.4444444444441,26.156528222012806,24.64378344952647
2023-12-17 10:30:00,1702838100.0,25.0,22.666666666666668,27.0,13.166666666666666,44.66666666666666,12.833333333333334,45.16666666666666,36.785433000000005,-119.77312083333334,19.7,1.3776323573343345,11.789034309332331,1116.6666666666665,20.59903148086771,19.711260815662776
2023-12-17 11:30:00,1702841700.0,24.83333333333333,21.666666666666668,28.0,16.333333333333332,36.0,15.333333333333334,37.16666666666666,36.78544566666667,-119.77315649999998,16.7,1.2144394378876229,15.118893895445709,893.9999999999998,19.0482623259334,19.67236262155068
2023-12-17 12:30:00,1702845300.0,25.666666666666668,21.83333333333333,29.0,18.5,32.333333333333336,17.166666666666668,33.5,36.785446666666665,-119.77307766666668,16.3,1.623697158559348,16.87630284144065,829.888888888889,18.67905241207323,20.391964266622868
2023-12-17 13:30:00,1702848900.0,18.666666666666668,15.666666666666666,21.0,20.83333333333333,29.0,19.166666666666668,29.5,36.785373,-119.77312333333332,13.7,2.1273137377421247,18.706019595591204,541.3333333333334,11.917743282681952,14.72866742014419
2023-12-17 14:30:00,1702852500.0,38.833333333333336,31.83333333333333,46.16666666666666,21.83333333333333,29.5,19.5,31.5,36.78542933333333,-119.77314766666666,18.2,3.232310954662917,18.60102237867041,1145.5833333333335,27.844498945309606,31.14606178715494
2023-12-17 15:30:00,1702856100.0,48.333333333333336,39.5,57.16666666666666,20.0,33.166666666666664,19.0,34.166666666666664,36.78542333333333,-119.77315649999998,31.5,3.2961024911747585,16.703897508825243,1603.0555555555554,36.22569396726461,38.84154113669841
2023-12-17 16:30:00,1702859700.0,45.0,36.833333333333336,52.333333333333336,17.0,38.5,16.5,38.833333333333336,36.78538833333334,-119.77316266666666,31.4,2.74940455776793,14.25059544223207,1732.5,34.52069361639714,36.06741185347582
2023-12-17 17:30:00,1702863300.0,51.333333333333336,43.0,58.833333333333336,15.166666666666666,43.16666666666666,14.5,43.0,36.78537383333333,-119.77314516666668,45.7,2.7143605224174263,12.45230614424924,2215.8888888888887,40.49202076178885,41.17290349196524
2023-12-17 18:30:00,1702866900.0,52.5,43.16666666666666,61.333333333333336,13.333333333333334,48.0,13.166666666666666,48.16666666666666,36.7853675,-119.7731605,40.7,2.5390849331004173,10.794248400232917,2520.0,41.22791643271248,42.06899253855637
2023-12-17 19:30:00,1702870500.0,62.16666666666666,51.5,71.66666666666667,11.666666666666666,54.16666666666666,11.833333333333334,53.833333333333336,36.785356,-119.773168,53.2,2.7025737046489784,8.964092962017688,3367.36111111111,49.00613671260583,49.872267582059195
2023-12-17 20:30:00,1702874100.0,65.5,55.16666666666666,74.83333333333333,11.5,55.16666666666666,12.0,53.5,36.785448,-119.77309283333334,56.9,2.805421307968494,8.694578692031506,3613.416666666666,52.06873935167661,52.57563727084403
2023-12-17 21:30:00,1702877700.0,66.66666666666667,56.66666666666666,75.83333333333333,12.0,56.66666666666666,11.833333333333334,56.66666666666666,36.78542383333333,-119.77314016666666,53.2,3.6526045071260858,8.347395492873915,3777.7777777777774,53.15237145861363,53.5089682092445
2023-12-17 22:30:00,1702881300.0,66.33333333333333,56.5,74.33333333333333,12.0,59.16666666666666,11.166666666666666,60.16666666666666,36.7853685,-119.7731515,55.7,4.267855931152923,7.732144068847077,3924.7222222222213,52.79525793426237,53.209582564754726
2023-12-17 23:30:00,1702884900.0,65.83333333333333,56.833333333333336,74.16666666666667,12.0,59.66666666666666,11.166666666666666,60.66666666666666,36.78538516666666,-119.77310566666668,57.4,4.38813929197962,7.61186070802038,3928.0555555555547,52.76578773854581,52.79681494253418
2023-12-18 00:30:00,1702888500.0,65.0,56.0,72.0,12.0,58.333333333333336,11.333333333333334,60.0,36.78542033333333,-119.77315266666666,48.4,4.065370997141813,7.934629002858187,3791.666666666667,52.12443493707653,52.13307613517601
2023-12-18 01:30:00,1702892100.0,66.66666666666667,58.16666666666666,73.66666666666667,11.333333333333334,60.66666666666666,10.666666666666666,63.0,36.7854455,-119.7731475,53.1,3.9973226420967394,7.336010691236595,4044.444444444444,53.72592519310848,53.4642779390733
2023-12-18 02:30:00,1702895700.0,69.83333333333333,61.333333333333336,77.0,11.0,62.833333333333336,10.333333333333334,64.33333333333333,36.78551466666666,-119.77318816666669,54.1,4.182900668445643,6.817099331554357,4387.861111111111,56.33376992659086,56.018885852908454
2023-12-18 03:30:00,1702899300.0,71.33333333333333,62.0,79.16666666666667,11.0,60.833333333333336,11.0,61.66666666666666,36.78534833333333,-119.77317666666666,56.3,3.7219369240387072,7.278063075961293,4339.444444444444,57.36110763113055,57.2627750033415
2023-12-18 04:30:00,1702902900.0,65.33333333333333,55.833333333333336,73.66666666666667,11.5,62.16666666666666,11.166666666666666,63.333333333333336,36.78537966666666,-119.77314266666669,49.5,4.503632089219385,6.996367910780615,4061.5555555555547,51.9138284873582,52.36170218522804
2023-12-18 05:30:00,1702906500.0,59.833333333333336,49.333333333333336,69.83333333333333,12.0,59.16666666666666,12.0,58.5,36.785359166666666,-119.77318433333332,42.9,4.267855931152923,7.732144068847077,3540.1388888888887,46.76745800492233,47.91622516491586
2023-12-18 06:30:00,1702910100.0,66.33333333333333,56.333333333333336,75.16666666666667,12.0,59.16666666666666,12.0,61.16666666666666,36.78540666666667,-119.773173,45.6,4.267855931152923,7.732144068847077,3924.7222222222213,52.70717316359057,53.209582564754726
2023-12-18 07:30:00,1702913700.0,66.5,57.0,74.83333333333333,12.166666666666666,60.833333333333336,12.0,62.16666666666666,36.78542566666667,-119.7731525,46.3,4.8225885687065935,7.344078097960073,4045.416666666667,52.991933482428585,53.32668873166645
2023-12-18 08:30:00,1702917300.0,73.33333333333333,63.333333333333336,82.0,13.0,64.16666666666667,12.0,65.83333333333333,36.785383333333336,-119.77314633333332,53.4,6.381403068473084,6.618596931526916,4705.555555555556,58.36622606311718,58.854258465328726
2023-12-18 09:30:00,1702920900.0,71.83333333333333,60.333333333333336,82.5,13.666666666666666,63.16666666666666,13.666666666666666,62.833333333333336,36.78543916666667,-119.77310933333332,58.2,6.784815093513364,6.881851573153302,4537.472222222221,56.31776383799014,57.64388701752411
2023-12-18 10:30:00,1702924500.0,57.16666666666666,47.833333333333336,65.66666666666667,16.833333333333332,52.833333333333336,15.833333333333334,55.0,36.785342,-119.77310566666668,36.0,7.143722018513636,9.689611314819697,3020.305555555555,44.99418064111555,45.81535095429149
2023-12-18 11:30:00,1702928100.0,63.333333333333336,54.16666666666666,71.83333333333333,16.166666666666668,57.5,15.333333333333334,60.66666666666666,36.7853515,-119.77315516666664,38.9,7.763307428208686,8.403359238457982,3641.666666666667,50.36125160094612,50.78511547996453
2023-12-18 12:30:00,1702931700.0,58.5,50.5,64.83333333333333,17.833333333333332,56.0,16.833333333333332,58.0,36.78542066666666,-119.77317283333332,42.6,8.930744682237409,8.902588651095924,3276.0,46.70217632719461,46.86578805960369
2023-12-18 13:30:00,1702935300.0,38.5,34.0,42.333333333333336,19.5,51.833333333333336,18.33333333333333,54.5,36.7853845,-119.77314733333333,28.1,9.329743852764363,10.170256147235637,1995.5833333333335,30.95984278900713,30.625086886399586
2023-12-18 14:30:00,1702938900.0,16.833333333333332,15.333333333333334,18.5,19.83333333333333,44.5,18.5,46.66666666666666,36.785379,-119.77313983333332,9.1,7.383054942496648,12.45027839083668,749.0833333333333,13.190477228251375,13.062494382250554
2023-12-18 15:30:00,1702942500.0,5.333333333333333,4.833333333333333,5.5,20.0,41.5,19.166666666666668,42.16666666666666,36.78542766666667,-119.773169,5.7,6.514818498108754,13.485181501891246,221.33333333333331,3.288375183311363,3.730841300548644
2023-12-18 16:30:00,1702946100.0,13.166666666666666,12.0,14.0,19.666666666666668,45.0,19.0,46.0,36.78543166666666,-119.7731665,7.0,7.395376404869284,12.271290261797384,592.5,10.1702259811408,10.07091161651876
2023-12-18 17:30:00,1702949700.0,30.5,26.33333333333333,34.0,18.666666666666668,45.66666666666666,18.33333333333333,46.66666666666666,36.785412666666666,-119.77317933333332,18.3,6.700498022371329,11.966168644295339,1392.833333333333,24.030201810306096,24.17908297106056
2023-12-18 18:30:00,1702953300.0,33.0,28.33333333333333,37.333333333333336,17.166666666666668,51.5,16.833333333333332,52.5,36.78537566666667,-119.77318816666669,23.2,7.078576920314034,10.088089746352633,1699.5,26.217025137579114,26.149816352639935
2023-12-18 19:30:00,1702956900.0,31.83333333333333,28.166666666666668,35.166666666666664,16.333333333333332,57.16666666666666,16.0,58.16666666666666,36.785366333333336,-119.773196,25.1,7.833839638414758,8.499493694918574,1819.805555555555,25.720505122843242,25.13641534684938
2023-12-18 20:30:00,1702960500.0,30.0,26.5,32.5,16.0,63.16666666666666,16.0,63.0,36.78539583333333,-119.77317166666668,22.4,8.994220166006276,7.005779833993724,1894.9999999999998,24.022644045198394,23.576381700612373
2023-12-18 21:30:00,1702964100.0,23.666666666666668,21.0,25.5,15.666666666666666,74.83333333333333,15.5,75.16666666666667,36.7854265,-119.77315516666664,16.1,11.212408721252636,4.45425794541403,1771.0555555555554,18.296595306031904,18.288404792257182
2023-12-18 22:30:00,1702967700.0,19.166666666666668,17.5,20.33333333333333,15.0,85.83333333333333,14.5,86.33333333333333,36.785389,-119.77317666666666,11.8,12.645737355928228,2.354262644071772,1645.138888888889,14.05935803940536,14.500874503244061
2023-12-18 23:30:00,1702971300.0,13.833333333333334,12.5,14.833333333333334,14.5,88.0,14.5,87.66666666666667,36.78535083333333,-119.77313,9.1,12.5346005043363,1.9653994956637,1217.3333333333335,9.497017485649344,10.133399663443782
2023-12-19 00:30:00,1702974900.0,7.166666666666667,6.333333333333333,7.5,15.0,85.33333333333333,15.0,84.5,36.785394,-119.77315283333331,5.3,12.556552992052683,2.4434470079473165,611.5555555555555,4.311846931936405,4.7341086642359995
2023-12-19 01:30:00,1702978500.0,4.833333333333333,4.666666666666667,5.166666666666667,15.0,83.5,14.833333333333334,84.33333333333333,36.7854125,-119.77314,4.0,12.22555685682994,2.7744431431700605,403.5833333333333,2.8215900184096228,2.854412125301797
2023-12-19 02:30:00,1702982100.0,10.833333333333334,9.833333333333334,11.333333333333334,15.0,85.0,14.5,86.33333333333333,36.7854175,-119.773192,4.9,12.496840743665597,2.5031592563344027,920.8333333333334,7.379910209300059,7.723829335377324
2023-12-19 03:30:00,1702985700.0,21.666666666666668,20.0,23.0,14.333333333333334,89.5,14.0,91.5,36.78538316666667,-119.77313216666666,15.0,12.628272961636647,1.7050603716966872,1939.1666666666667,15.83487054225693,16.495815114499507
2023-12-19 04:30:00,1702989300.0,17.166666666666668,15.666666666666666,18.0,14.0,90.33333333333331,14.0,91.83333333333331,36.785371,-119.77315783333334,6.3,12.440559487037017,1.5594405129629827,1550.722222222222,12.019493731601738,12.821872595504873
2023-12-19 05:30:00,1702992900.0,14.833333333333334,13.5,15.333333333333334,14.0,90.83333333333331,14.0,91.83333333333331,36.78538833333334,-119.77315266666666,4.2,12.52474297473479,1.4752570252652095,1347.3611111111109,10.076215900743325,10.916106732304131
2023-12-19 06:30:00,1702995600.0,12.666666666666666,11.666666666666666,13.0,14.0,91.0,14.0,91.0,36.785417,-119.77312233333332,5.5,12.552713461385625,1.4472865386143745,1152.6666666666665,8.397078316114365,9.149792171100703
2023-12-19 09:30:00,1703008500.0,4.5,4.0,4.5,16.0,89.0,17.0,82.5,36.7852975,-119.7731705,4.4,14.186253223110915,1.8137467768890847,400.5,1.8867185579838832,2.521508778183621
2023-12-19 10:30:00,1703010900.0,2.5,2.5,2.6666666666666665,17.666666666666668,80.16666666666667,17.833333333333332,77.5,36.785369333333335,-119.77315916666667,2.9,14.203659717762436,3.4630069489042317,200.41666666666669,1.0902492850183165,0.9914744376817985
2023-12-19 11:30:00,1703014500.0,2.0,2.0,2.0,19.666666666666668,71.16666666666667,19.166666666666668,72.83333333333333,36.78539783333333,-119.77315633333336,4.8,14.295406578819174,5.371260087847494,142.33333333333334,1.0781393692399739,0.6848462071178768
2023-12-19 12:30:00,1703018100.0,2.0,2.0,2.0,20.0,67.83333333333333,19.0,71.33333333333333,36.785439333333336,-119.77316016666668,3.8,13.873513185230381,6.126486814769619,135.66666666666666,1.1830705195263,0.7220880989272184
2023-12-19 13:30:00,1703021700.0,1.1666666666666667,1.1666666666666667,1.1666666666666667,20.33333333333333,64.5,19.5,67.5,36.785397,-119.77315649999998,2.0,13.415050229490419,6.91828310384291,75.25,0.5266424086757482,0.08069442665465287
2023-12-19 14:30:00,1703025300.0,0.1666666666666666,0.1666666666666666,0.1666666666666666,20.83333333333333,62.16666666666666,19.33333333333333,67.5,36.78544183333333,-119.77317283333332,-1.3,13.32221328390409,7.511120049429239,10.361111111111105,-0.3374776050063062,-0.7075989259770965
2023-12-19 15:30:00,1703028900.0,0.1666666666666666,0.0,0.5,18.666666666666668,70.83333333333333,18.0,74.16666666666667,36.785415666666665,-119.77317066666669,0.2,13.263732853464756,5.402933813201912,11.80555555555555,-0.5390986375087898,-0.8044278446813845
2023-12-19 16:30:00,1703032500.0,1.0,0.6666666666666666,1.0,17.5,74.66666666666667,17.166666666666668,76.0,36.785312,-119.77315649999998,4.1,12.948824692454856,4.551175307545144,74.66666666666667,-0.04181717688965492,-0.16862045618022026
2023-12-19 17:30:00,1703036100.0,1.1666666666666667,1.1666666666666667,1.3333333333333333,16.166666666666668,80.33333333333333,16.166666666666668,80.0,36.785372,-119.77314116666668,2.6,12.774863796870347,3.3918028697963205,93.72222222222223,-0.02342534733377377,-0.09620455943971928
2023-12-19 18:30:00,1703039700.0,1.1666666666666667,1.0,1.1666666666666667,15.166666666666666,86.16666666666667,15.333333333333334,84.66666666666667,36.78535983333333,-119.773182,0.7,12.86865486792659,2.2980117987400757,100.52777777777779,-0.5230062811017895,-0.16137787010606708
2023-12-19 19:30:00,1703043300.0,1.3333333333333333,1.3333333333333333,1.3333333333333333,14.666666666666666,89.16666666666667,14.833333333333334,88.0,36.785442,-119.77323916666668,2.6,12.900096589697325,1.7665700769693409,118.88888888888889,-0.5364861835750183,-0.059168459918093275
2023-12-19 20:30:00,1703046900.0,1.6666666666666667,1.6666666666666667,1.6666666666666667,14.0,89.83333333333333,14.5,87.66666666666667,36.78540366666667,-119.77321383333332,2.0,12.355964630524776,1.6440353694752243,149.72222222222223,-0.30297139340528645,0.20483738735280155
2023-12-19 21:30:00,1703050500.0,2.333333333333333,2.1666666666666665,2.333333333333333,14.0,88.5,14.166666666666666,86.16666666666667,36.7853195,-119.773196,2.7,12.128334016337995,1.8716659836620053,206.49999999999997,0.2932325342900661,0.7626425953420635
2023-12-19 22:30:00,1703054100.0,1.6666666666666667,1.5,1.6666666666666667,14.0,82.5,15.0,80.66666666666667,36.785391,-119.77312983333331,3.9,11.06504877835589,2.934951221644109,137.5,0.2146190895449358,0.28676954933335286
2023-12-19 23:30:00,1703057700.0,2.333333333333333,2.333333333333333,2.333333333333333,14.0,82.5,14.0,82.16666666666667,36.785384666666666,-119.77316166666668,3.7,11.06504877835589,2.934951221644109,192.49999999999997,0.872766212760407,0.8296780005988782
2023-12-20 00:30:00,1703061300.0,2.1666666666666665,2.0,2.1666666666666665,14.0,84.5,14.0,82.5,36.78538566666666,-119.7731845,1.2,11.426837814185479,2.573162185814521,183.08333333333331,0.4860899516451944,0.671605752696892
2023-12-20 01:30:00,1703064900.0,2.1666666666666665,2.0,2.1666666666666665,14.0,89.16666666666667,14.0,87.0,36.785458166666665,-119.773159,1.9,12.242524078144092,1.7574759218559084,193.19444444444443,0.09295305827045652,0.6194671041638138
2023-12-20 02:30:00,1703068500.0,3.0,2.6666666666666665,3.0,14.0,89.0,14.0,87.33333333333333,36.7854035,-119.7731985,4.4,12.214047243229361,1.785952756770639,267.0,0.727961314463677,1.2999647628361881
2023-12-20 03:30:00,1703072100.0,2.6666666666666665,2.333333333333333,2.6666666666666665,13.833333333333334,89.33333333333333,13.5,89.16666666666667,36.78538916666667,-119.77312083333334,3.3,12.106520704641985,1.7268126286913486,238.2222222222222,0.4172877821586525,1.024786348022491
2023-12-20 04:30:00,1703075700.0,2.1666666666666665,2.1666666666666665,2.1666666666666665,13.0,90.33333333333331,13.0,89.83333333333333,36.78533683333333,-119.773135,1.0,11.452629458829094,1.5473705411709062,195.72222222222217,0.08903979630719405,0.6064324420305445
2023-12-20 05:30:00,1703079300.0,2.0,2.0,2.0,13.0,90.83333333333331,13.166666666666666,88.66666666666667,36.7853705,-119.77316416666667,-0.1,11.53616323566275,1.46383676433725,181.66666666666663,-0.09844804519421757,0.46511904544276206
2023-12-20 06:30:00,1703082900.0,2.1666666666666665,2.0,2.1666666666666665,13.0,88.5,13.166666666666666,87.66666666666667,36.78537816666667,-119.77311183333336,0.6,11.142811822420718,1.8571881775792818,191.75,0.1662081946952334,0.6269154825256822
2023-12-20 07:30:00,1703086500.0,2.333333333333333,2.0,2.333333333333333,13.333333333333334,88.5,13.5,87.5,36.78535216666666,-119.77313983333332,0.9,11.471325420779058,1.862007912554276,206.49999999999997,0.21496572871774688,0.7626425953420635
2023-12-20 08:30:00,1703088600.0,3.0,3.0,3.0,14.0,88.0,14.0,87.0,36.785435,-119.773186,3.2,12.042193176150409,1.957806823849591,264.0,0.9920037229945073,1.3111373303789904
2023-12-20 09:30:00,1703093701.0,1.75,1.5,1.75,17.25,71.75,17.5,70.0,36.78538425,-119.7732045,2.3,12.100153458419843,5.149846541580157,125.5625,0.802522838784526,0.4747382068266699
2023-12-20 10:30:00,1703096701.0,1.0,1.0,1.0,19.33333333333333,61.5,18.83333333333333,63.16666666666666,36.78536866666666,-119.773159,-1.2,11.742549259004782,7.590784074328546,61.5,0.48124465736456656,-0.021514983533321264
2023-12-20 11:30:00,1703100301.0,1.0,1.0,1.0,20.666666666666668,55.333333333333336,20.33333333333333,56.833333333333336,36.7853915,-119.77316033333334,-0.6,11.391850326582354,9.274816340084314,55.333333333333336,0.3789838211667593,0.04738251631396051
2023-12-20 12:30:00,1703103901.0,1.0,1.0,1.0,21.5,52.16666666666666,20.0,55.833333333333336,36.785421166666666,-119.77315649999998,0.5,11.274099164055162,10.225900835944838,52.16666666666666,0.23873140692288075,0.08276231353283514
2023-12-20 13:30:00,1703107501.0,4.0,4.0,4.0,19.166666666666668,68.0,18.166666666666668,71.66666666666667,36.785401666666665,-119.77312966666666,2.9,13.11608260084178,6.0505840658248875,272.0,2.949222789532442,2.348951358133328
2023-12-20 14:30:00,1703111101.0,4.833333333333333,4.666666666666667,4.833333333333333,17.166666666666668,77.33333333333333,16.666666666666668,78.83333333333333,36.785414333333335,-119.77315283333331,4.3,13.163938888354595,4.002727778312073,373.7777777777777,3.2009126520971236,2.923309625149079
2023-12-20 15:30:00,1703113801.0,6.0,5.333333333333333,6.0,15.333333333333334,87.66666666666667,15.333333333333334,87.0,36.78536733333333,-119.77320366666667,4.6,13.29698495857446,2.036348374758873,526.0,3.2006341936558336,3.7579495502547897
