date_time,o3,m_PM25_CF1,m_PM25_b,lat,temp_C
2025-06-02 23:30:00,1,1,1,1,1
2025-06-03 00:30:00,1,1,1,1,1
2025-06-03 01:30:00,1,1,1,1,1
2025-06-03 02:30:00,1,1,1,1,1
2025-06-03 03:30:00,1,1,1,1,1
2025-06-03 04:30:00,1,1,1,1,1
2025-06-03 05:30:00,1,1,1,1,1
2025-06-03 06:30:00,1,1,1,1,1
2025-06-03 07:30:00,1,1,1,1,1
2025-06-03 08:30:00,1,1,1,1,1
2025-06-03 09:30:00,1,1,1,1,1
2025-06-03 10:30:00,1,1,1,1,1
2025-06-03 11:30:00,1,1,1,1,1
2025-06-03 12:30:00,1,1,1,1,1
2025-06-03 13:30:00,1,1,1,1,1
2025-06-03 14:30:00,1,1,1,1,1
2025-06-03 15:30:00,1,1,1,1,1
2025-06-03 16:30:00,1,1,1,1,1
2025-06-03 17:30:00,1,1,1,1,1
2025-06-03 18:30:00,1,1,1,1,1
2025-06-03 19:30:00,1,1,1,1,1
2025-06-03 20:30:00,1,1,1,1,1
2025-06-03 21:30:00,1,1,1,1,1
2025-06-03 22:30:00,1,1,1,1,1
2025-06-03 23:30:00,1,1,1,1,1
2025-06-04 00:30:00,1,1,1,1,1
2025-06-04 01:30:00,1,1,1,1,1
2025-06-04 02:30:00,1,1,1,1,1
2025-06-04 03:30:00,1,1,1,1,1
2025-06-04 04:30:00,1,1,1,1,1
2025-06-04 05:30:00,1,1,1,1,1
2025-06-04 06:30:00,1,1,1,1,1
2025-06-04 07:30:00,1,1,1,1,1
2025-06-04 08:30:00,1,1,1,1,1
2025-06-04 09:30:00,1,1,1,1,1
2025-06-04 10:30:00,1,1,1,1,1
2025-06-04 11:30:00,1,1,1,1,1
2025-06-04 12:30:00,1,1,1,1,1
2025-06-04 13:30:00,1,1,1,1,1
2025-06-04 14:30:00,1,1,1,1,1
2025-06-04 15:30:00,1,1,1,1,1
2025-06-04 16:30:00,1,1,1,1,1
2025-06-04 17:30:00,1,1,1,1,1
2025-06-04 18:30:00,1,1,1,1,1
2025-06-04 19:30:00,1,1,1,1,1
2025-06-04 20:30:00,1,1,1,1,1
2025-06-04 21:30:00,1,1,1,1,1
2025-06-04 22:30:00,1,1,1,1,1
2025-06-04 23:30:00,1,1,1,1,1
2025-06-05 00:30:00,1,1,1,1,1
2025-06-05 01:30:00,1,1,1,1,1
2025-06-05 02:30:00,1,1,1,1,1
2025-06-05 03:30:00,1,1,1,1,1
2025-06-05 04:30:00,1,1,1,1,1
2025-06-05 05:30:00,1,1,1,1,1
2025-06-05 06:30:00,1,1,1,1,1
2025-06-05 07:30:00,1,1,1,1,1
2025-06-05 08:30:00,1,1,1,1,1
2025-06-05 09:30:00,1,1,1,1,1
2025-06-05 10:30:00,1,1,1,1,1
2025-06-05 11:30:00,1,1,1,1,1
2025-06-05 12:30:00,1,1,1,1,1
2025-06-05 13:30:00,1,1,1,1,1
2025-06-05 14:30:00,1,1,1,1,1
2025-06-05 15:30:00,1,1,1,1,1
2025-06-05 16:30:00,1,1,1,1,1
2025-06-05 17:30:00,1,1,1,1,1
2025-06-05 18:30:00,1,1,1,1,1
2025-06-05 19:30:00,1,1,1,1,1
2025-06-05 20:30:00,1,1,1,1,1
2025-06-05 21:30:00,1,1,1,1,1
2025-06-05 22:30:00,1,1,1,1,1
2025-06-05 23:30:00,1,1,1,1,1
2025-06-06 00:30:00,1,1,1,1,1
2025-06-06 01:30:00,1,1,1,1,1
2025-06-06 02:30:00,1,1,1,1,1
2025-06-06 03:30:00,1,1,1,1,1
2025-06-06 04:30:00,1,1,1,1,1
2025-06-06 05:30:00,1,1,1,1,1
2025-06-06 06:30:00,1,1,1,1,1
2025-06-06 07:30:00,1,1,1,1,1
2025-06-06 08:30:00,1,1,1,1,1
2025-06-06 09:30:00,1,1,1,1,1
2025-06-06 10:30:00,1,1,1,1,1
2025-06-06 11:30:00,1,1,1,1,1
2025-06-06 12:30:00,1,1,1,1,1
2025-06-06 13:30:00,1,1,1,1,1
2025-06-06 14:30:00,1,1,1,1,1
2025-06-06 15:30:00,1,1,1,1,1
2025-06-06 16:30:00,1,1,1,1,1
2025-06-06 17:30:00,1,1,1,1,1
2025-06-06 18:30:00,1,1,1,1,1
2025-06-06 19:30:00,1,1,1,1,1
2025-06-06 20:30:00,1,1,1,1,1
2025-06-06 21:30:00,1,1,1,1,1
2025-06-06 22:30:00,1,1,1,1,1
2025-06-06 23:30:00,1,1,1,1,1
2025-06-07 00:30:00,1,1,1,1,1
2025-06-07 01:30:00,1,1,1,1,1
2025-06-07 02:30:00,1,1,1,1,1
2025-06-07 03:30:00,1,1,1,1,1
2025-06-07 04:30:00,1,1,1,1,1
2025-06-07 05:30:00,1,1,1,1,1
2025-06-07 06:30:00,1,1,1,1,1
2025-06-07 07:30:00,1,1,1,1,1
2025-06-07 08:30:00,1,1,1,1,1
2025-06-07 09:30:00,1,1,1,1,1
2025-06-07 10:30:00,1,1,1,1,1
2025-06-07 11:30:00,1,1,1,1,1
2025-06-07 12:30:00,1,1,1,1,1
2025-06-07 13:30:00,1,1,1,1,1
2025-06-07 14:30:00,1,1,1,1,1
2025-06-07 15:30:00,1,1,1,1,1
2025-06-07 16:30:00,1,1,1,1,1
2025-06-07 17:30:00,1,1,1,1,1
2025-06-07 18:30:00,1,1,1,1,1
2025-06-07 19:30:00,1,1,1,1,1
2025-06-07 20:30:00,1,1,1,1,1
2025-06-07 21:30:00,1,1,1,1,1
2025-06-07 22:30:00,1,1,1,1,1
2025-06-07 23:30:00,1,1,1,1,1
2025-06-08 00:30:00,1,1,1,1,1
2025-06-08 01:30:00,1,1,1,1,1
2025-06-08 02:30:00,1,1,1,1,1
2025-06-08 03:30:00,1,1,1,1,1
2025-06-08 04:30:00,1,1,1,1,1
2025-06-08 05:30:00,1,1,1,1,1
2025-06-08 06:30:00,1,1,1,1,1
2025-06-08 07:30:00,1,1,1,1,1
2025-06-08 08:30:00,1,1,1,1,1
2025-06-08 09:30:00,1,1,1,1,1
2025-06-08 10:30:00,1,1,1,1,1
2025-06-08 11:30:00,1,1,1,1,1
2025-06-08 12:30:00,1,1,1,1,1
2025-06-08 13:30:00,1,1,1,1,1
2025-06-08 14:30:00,1,1,1,1,1
2025-06-08 15:30:00,1,1,1,1,1
2025-06-08 16:30:00,1,1,1,1,1
2025-06-08 17:30:00,1,1,1,1,1
2025-06-08 18:30:00,1,1,1,1,1
2025-06-08 19:30:00,1,1,1,1,1
2025-06-08 20:30:00,1,1,1,1,1
2025-06-08 21:30:00,1,1,1,1,1
2025-06-08 22:30:00,1,1,1,1,1
2025-06-08 23:30:00,1,1,1,1,1
2025-06-09 00:30:00,1,1,1,1,1
2025-06-09 01:30:00,1,1,1,1,1
2025-06-09 02:30:00,1,1,1,1,1
2025-06-09 03:30:00,1,1,1,1,1
2025-06-09 04:30:00,1,1,1,1,1
2025-06-09 05:30:00,1,1,1,1,1
2025-06-09 06:30:00,1,1,1,1,1
2025-06-09 07:30:00,1,1,1,1,1
2025-06-09 08:30:00,1,1,1,1,1
2025-06-09 09:30:00,1,1,1,1,1
2025-06-09 10:30:00,1,1,1,1,1
2025-06-09 11:30:00,1,1,1,1,1
2025-06-09 12:30:00,1,1,1,1,1
2025-06-09 13:30:00,1,1,1,1,1
2025-06-09 14:30:00,1,1,1,1,1
2025-06-09 15:30:00,1,1,1,1,1
2025-06-09 16:30:00,1,1,1,1,1
2025-06-09 17:30:00,1,1,1,1,1
2025-06-09 18:30:00,1,1,1,1,1
2025-06-09 19:30:00,1,1,1,1,1
2025-06-09 20:30:00,1,1,1,1,1
2025-06-09 21:30:00,1,1,1,1,1
2025-06-09 22:30:00,1,1,1,1,1
2025-06-09 23:30:00,1,1,1,1,1
2025-06-10 00:30:00,1,1,1,1,1
2025-06-10 01:30:00,1,1,1,1,1
2025-06-10 02:30:00,1,1,1,1,1
2025-06-10 03:30:00,1,1,1,1,1
2025-06-10 04:30:00,1,1,1,1,1
2025-06-10 05:30:00,1,1,1,1,1
2025-06-10 06:30:00,1,1,1,1,1
2025-06-10 07:30:00,1,1,1,1,1
2025-06-10 08:30:00,1,1,1,1,1
2025-06-10 09:30:00,1,1,1,1,1
2025-06-10 10:30:00,1,1,1,1,1
2025-06-10 11:30:00,1,1,1,1,1
2025-06-10 12:30:00,1,1,1,1,1
2025-06-10 13:30:00,1,1,1,1,1
2025-06-10 14:30:00,1,1,1,1,1
2025-06-10 15:30:00,1,1,1,1,1
2025-06-10 16:30:00,1,1,1,1,1
2025-06-10 17:30:00,1,1,1,1,1
2025-06-10 18:30:00,1,1,1,1,1
2025-06-10 19:30:00,1,1,1,1,1
2025-06-10 20:30:00,1,1,1,1,1
2025-06-10 21:30:00,1,1,1,1,1
2025-06-10 22:30:00,1,1,1,1,1
2025-06-10 23:30:00,1,1,1,1,1
2025-06-11 00:30:00,1,1,1,1,1
2025-06-11 01:30:00,1,1,1,1,1
2025-06-11 02:30:00,1,1,1,1,1
2025-06-11 03:30:00,1,1,1,1,1
2025-06-11 04:30:00,1,1,1,1,1
2025-06-11 05:30:00,1,1,1,1,1
2025-06-11 06:30:00,1,1,1,1,1
2025-06-11 07:30:00,1,1,1,1,1
2025-06-11 08:30:00,1,1,1,1,1
2025-06-11 09:30:00,1,1,1,1,1
2025-06-11 10:30:00,1,1,1,1,1
2025-06-11 11:30:00,1,1,1,1,1
2025-06-11 12:30:00,1,1,1,1,1
2025-06-11 13:30:00,1,1,1,1,1
2025-06-11 14:30:00,1,1,1,1,1
2025-06-11 15:30:00,1,1,1,1,1
2025-06-11 16:30:00,1,1,1,1,1
2025-06-11 17:30:00,1,1,1,1,1
2025-06-11 18:30:00,1,1,1,1,1
2025-06-11 19:30:00,1,1,1,1,1
2025-06-11 20:30:00,1,1,1,1,1
2025-06-11 21:30:00,1,1,1,1,1
2025-06-11 22:30:00,1,1,1,1,1
2025-06-11 23:30:00,1,1,1,1,1
2025-06-12 00:30:00,1,1,1,1,1
2025-06-12 01:30:00,1,1,1,1,1
2025-06-12 02:30:00,1,1,1,1,1
2025-06-12 03:30:00,1,1,1,1,1
2025-06-12 04:30:00,1,1,1,1,1
2025-06-12 05:30:00,1,1,1,1,1
2025-06-12 06:30:00,1,1,1,1,1
2025-06-12 07:30:00,1,1,1,1,1
2025-06-12 08:30:00,1,1,1,1,1
2025-06-12 09:30:00,1,1,1,1,1
2025-06-12 10:30:00,1,1,1,1,1
2025-06-12 11:30:00,1,1,1,1,1
2025-06-12 12:30:00,1,1,1,1,1
2025-06-12 13:30:00,1,1,1,1,1
2025-06-12 14:30:00,1,1,1,1,1
2025-06-12 15:30:00,1,1,1,1,1
2025-06-12 16:30:00,1,1,1,1,1
2025-06-12 17:30:00,1,1,1,1,1
2025-06-12 18:30:00,1,1,1,1,1
2025-06-12 19:30:00,1,1,1,1,1
2025-06-12 20:30:00,1,1,1,1,1
2025-06-12 21:30:00,1,1,1,1,1
2025-06-12 22:30:00,1,1,1,1,1
2025-06-12 23:30:00,1,1,1,1,1
2025-06-13 00:30:00,1,1,1,1,1
2025-06-13 01:30:00,1,1,1,1,1
2025-06-13 02:30:00,1,1,1,1,1
2025-06-13 03:30:00,1,1,1,1,1
2025-06-13 04:30:00,1,1,1,1,1
2025-06-13 05:30:00,1,1,1,1,1
2025-06-13 06:30:00,1,1,1,1,1
2025-06-13 07:30:00,1,1,1,1,1
2025-06-13 08:30:00,1,1,1,1,1
2025-06-13 09:30:00,1,1,1,1,1
2025-06-13 10:30:00,1,1,1,1,1
2025-06-13 11:30:00,1,1,1,1,1
2025-06-13 12:30:00,1,1,1,1,1
2025-06-13 13:30:00,1,1,1,1,1
2025-06-13 14:30:00,1,1,1,1,1
2025-06-13 15:30:00,1,1,1,1,1
2025-06-13 16:30:00,1,1,1,1,1
2025-06-13 17:30:00,1,1,1,1,1
2025-06-13 18:30:00,1,1,1,1,1
2025-06-13 19:30:00,1,1,1,1,1
2025-06-13 20:30:00,1,1,1,1,1
2025-06-13 21:30:00,1,1,1,1,1
2025-06-13 22:30:00,1,1,1,1,1
2025-06-13 23:30:00,1,1,1,1,1
2025-06-14 00:30:00,1,1,1,1,1
2025-06-14 01:30:00,1,1,1,1,1
2025-06-14 02:30:00,1,1,1,1,1
2025-06-14 03:30:00,1,1,1,1,1
2025-06-14 04:30:00,1,1,1,1,1
2025-06-14 05:30:00,1,1,1,1,1
2025-06-14 06:30:00,1,1,1,1,1
2025-06-14 07:30:00,1,1,1,1,1
2025-06-14 08:30:00,1,1,1,1,1
2025-06-14 09:30:00,1,1,1,1,1
2025-06-14 10:30:00,1,1,1,1,1
2025-06-14 11:30:00,1,1,1,1,1
2025-06-14 12:30:00,1,1,1,1,1
2025-06-14 13:30:00,1,1,1,1,1
2025-06-14 14:30:00,1,1,1,1,1
2025-06-14 15:30:00,1,1,1,1,1
2025-06-14 16:30:00,1,1,1,1,1
2025-06-14 17:30:00,1,1,1,1,1
2025-06-14 18:30:00,1,1,1,1,1
2025-06-14 19:30:00,1,1,1,1,1
2025-06-14 20:30:00,1,1,1,1,1
2025-06-14 21:30:00,1,1,1,1,1
2025-06-14 22:30:00,1,1,1,1,1
2025-06-14 23:30:00,1,1,1,1,1
2025-06-15 00:30:00,1,1,1,1,1
2025-06-15 01:30:00,1,1,1,1,1
2025-06-15 02:30:00,1,1,1,1,1
2025-06-15 03:30:00,1,1,1,1,1
2025-06-15 04:30:00,1,1,1,1,1
2025-06-15 05:30:00,1,1,1,1,1
2025-06-15 06:30:00,1,1,1,1,1
2025-06-15 07:30:00,1,1,1,1,1
2025-06-15 08:30:00,1,1,1,1,1
2025-06-15 09:30:00,1,1,1,1,1
2025-06-15 10:30:00,1,1,1,1,1
2025-06-15 11:30:00,1,1,1,1,1
2025-06-15 12:30:00,1,1,1,1,1
2025-06-15 13:30:00,1,1,1,1,1
2025-06-15 14:30:00,1,1,1,1,1
2025-06-15 15:30:00,1,1,1,1,1
2025-06-15 16:30:00,1,1,1,1,1
2025-06-15 17:30:00,1,1,1,1,1
2025-06-15 18:30:00,1,1,1,1,1
2025-06-15 19:30:00,1,1,1,1,1
2025-06-15 20:30:00,1,1,1,1,1
2025-06-15 21:30:00,1,1,1,1,1
2025-06-15 22:30:00,1,1,1,1,1
2025-06-15 23:30:00,1,1,1,1,1
2025-06-16 00:30:00,1,1,1,1,1
2025-06-16 01:30:00,1,1,1,1,1
2025-06-16 02:30:00,1,1,1,1,1
2025-06-16 03:30:00,1,1,1,1,1
2025-06-16 04:30:00,1,1,1,1,1
2025-06-16 05:30:00,1,1,1,1,1
2025-06-16 06:30:00,1,1,1,1,1
2025-06-16 07:30:00,1,1,1,1,1
2025-06-16 08:30:00,1,1,1,1,1
2025-06-16 09:30:00,1,1,1,1,1
2025-06-16 10:30:00,1,1,1,1,1
2025-06-16 11:30:00,1,1,1,1,1
2025-06-16 12:30:00,1,1,1,1,1
2025-06-16 13:30:00,1,1,1,1,1
2025-06-16 14:30:00,1,1,1,1,1
2025-06-16 15:30:00,1,1,1,1,1
2025-06-16 16:30:00,1,1,1,1,1
2025-06-16 17:30:00,1,1,1,1,1
2025-06-16 18:30:00,1,1,1,1,1
2025-06-16 19:30:00,1,1,1,1,1
2025-06-16 20:30:00,1,1,1,1,1
2025-06-16 21:30:00,1,1,1,1,1
2025-06-16 22:30:00,1,1,1,1,1
2025-06-16 23:30:00,1,1,1,1,1
2025-06-17 00:30:00,1,1,1,1,1
2025-06-17 01:30:00,1,1,1,1,1
2025-06-17 02:30:00,1,1,1,1,1
2025-06-17 03:30:00,1,1,1,1,1
2025-06-17 04:30:00,1,1,1,1,1
2025-06-17 05:30:00,1,1,1,1,1
2025-06-17 06:30:00,1,1,1,1,1
2025-06-17 07:30:00,1,1,1,1,1
2025-06-17 08:30:00,1,1,1,1,1
2025-06-17 09:30:00,1,1,1,1,1
2025-06-17 10:30:00,1,1,1,1,1
2025-06-17 11:30:00,1,1,1,1,1
2025-06-17 12:30:00,1,1,1,1,1
2025-06-17 13:30:00,1,1,1,1,1
2025-06-17 14:30:00,1,1,1,1,1
2025-06-17 15:30:00,1,1,1,1,1
2025-06-17 16:30:00,1,1,1,1,1
2025-06-17 17:30:00,1,1,1,1,1
2025-06-17 18:30:00,1,1,1,1,1
2025-06-17 19:30:00,1,1,1,1,1
2025-06-17 20:30:00,1,1,1,1,1
2025-06-17 21:30:00,1,1,1,1,1
2025-06-17 22:30:00,1,1,1,1,1
2025-06-17 23:30:00,1,1,1,1,1
2025-06-18 00:30:00,1,1,1,1,1
2025-06-18 01:30:00,1,1,1,1,1
2025-06-18 02:30:00,1,1,1,1,1
2025-06-18 03:30:00,1,1,1,1,1
2025-06-18 04:30:00,1,1,1,1,1
2025-06-18 05:30:00,1,1,1,1,1
2025-06-18 06:30:00,1,1,1,1,1
2025-06-18 07:30:00,1,1,1,1,1
2025-06-18 08:30:00,1,1,1,1,1
2025-06-18 09:30:00,1,1,1,1,1
2025-06-18 10:30:00,1,1,1,1,1
2025-06-18 11:30:00,1,1,1,1,1
2025-06-18 12:30:00,1,1,1,1,1
2025-06-18 13:30:00,1,1,1,1,1
2025-06-18 14:30:00,1,1,1,1,1
2025-06-18 15:30:00,1,1,1,1,1
2025-06-18 16:30:00,1,1,1,1,1
2025-06-18 17:30:00,1,1,1,1,1
2025-06-18 18:30:00,1,1,1,1,1
2025-06-18 19:30:00,1,1,1,1,1
2025-06-18 20:30:00,1,1,1,1,1
2025-06-18 21:30:00,1,1,1,1,1
2025-06-18 22:30:00,1,1,1,1,1
2025-06-18 23:30:00,1,1,1,1,1
2025-06-19 00:30:00,1,1,1,1,1
2025-06-19 01:30:00,1,1,1,1,1
2025-06-19 02:30:00,1,1,1,1,1
2025-06-19 03:30:00,1,1,1,1,1
2025-06-19 04:30:00,1,1,1,1,1
2025-06-19 05:30:00,1,1,1,1,1
2025-06-19 06:30:00,1,1,1,1,1
2025-06-19 07:30:00,1,1,1,1,1
2025-06-19 08:30:00,1,1,1,1,1
2025-06-19 09:30:00,1,1,1,1,1
2025-06-19 10:30:00,1,1,1,1,1
2025-06-19 11:30:00,1,1,1,1,1
2025-06-19 12:30:00,1,1,1,1,1
2025-06-19 13:30:00,1,1,1,1,1
2025-06-19 14:30:00,1,1,1,1,1
2025-06-19 15:30:00,1,1,1,1,1
2025-06-19 16:30:00,1,1,1,1,1
2025-06-19 17:30:00,1,1,1,1,1
2025-06-19 18:30:00,1,1,1,1,1
2025-06-19 19:30:00,1,1,1,1,1
2025-06-19 20:30:00,1,1,1,1,1
2025-06-19 21:30:00,1,1,1,1,1
2025-06-19 22:30:00,1,1,1,1,1
2025-06-19 23:30:00,1,1,1,1,1
2025-06-20 00:30:00,1,1,1,1,1
2025-06-20 01:30:00,1,1,1,1,1
2025-06-20 02:30:00,1,1,1,1,1
2025-06-20 03:30:00,1,1,1,1,1
2025-06-20 04:30:00,1,1,1,1,1
2025-06-20 05:30:00,1,1,1,1,1
2025-06-20 06:30:00,1,1,1,1,1
2025-06-20 07:30:00,1,1,1,1,1
2025-06-20 08:30:00,1,1,1,1,1
2025-06-20 09:30:00,1,1,1,1,1
2025-06-20 10:30:00,1,1,1,1,1
2025-06-20 11:30:00,1,1,1,1,1
2025-06-20 12:30:00,1,1,1,1,1
2025-06-20 13:30:00,1,1,1,1,1
2025-06-20 14:30:00,1,1,1,1,1
2025-06-20 15:30:00,1,1,1,1,1
2025-06-20 16:30:00,1,1,1,1,1
2025-06-20 17:30:00,1,1,1,1,1
2025-06-20 18:30:00,1,1,1,1,1
2025-06-20 19:30:00,1,1,1,1,1
2025-06-20 20:30:00,1,1,1,1,1
2025-06-20 21:30:00,1,1,1,1,1
2025-06-20 22:30:00,1,1,1,1,1
2025-06-20 23:30:00,1,1,1,1,1
2025-06-21 00:30:00,1,1,1,1,1
2025-06-21 01:30:00,1,1,1,1,1
2025-06-21 02:30:00,1,1,1,1,1
2025-06-21 03:30:00,1,1,1,1,1
2025-06-21 04:30:00,1,1,1,1,1
2025-06-21 05:30:00,1,1,1,1,1
2025-06-21 06:30:00,1,1,1,1,1
2025-06-21 07:30:00,1,1,1,1,1
2025-06-21 08:30:00,1,1,1,1,1
2025-06-21 09:30:00,1,1,1,1,1
2025-06-21 10:30:00,1,1,1,1,1
2025-06-21 11:30:00,1,1,1,1,1
2025-06-21 12:30:00,1,1,1,1,1
2025-06-21 13:30:00,1,1,1,1,1
2025-06-21 14:30:00,1,1,1,1,1
2025-06-21 15:30:00,1,1,1,1,1
2025-06-21 16:30:00,1,1,1,1,1
2025-06-21 17:30:00,1,1,1,1,1
2025-06-21 18:30:00,1,1,1,1,1
2025-06-21 19:30:00,1,1,1,1,1
2025-06-21 20:30:00,1,1,1,1,1
2025-06-21 21:30:00,1,1,1,1,1
2025-06-21 22:30:00,1,1,1,1,1
2025-06-21 23:30:00,1,1,1,1,1
2025-06-22 00:30:00,1,1,1,1,1
2025-06-22 01:30:00,1,1,1,1,1
2025-06-22 02:30:00,1,1,1,1,1
2025-06-22 03:30:00,1,1,1,1,1
2025-06-22 04:30:00,1,1,1,1,1
2025-06-22 05:30:00,1,1,1,1,1
2025-06-22 06:30:00,1,1,1,1,1
2025-06-22 07:30:00,1,1,1,1,1
2025-06-22 08:30:00,1,1,1,1,1
2025-06-22 09:30:00,1,1,1,1,1
2025-06-22 10:30:00,1,1,1,1,1
2025-06-22 11:30:00,1,1,1,1,1
2025-06-22 12:30:00,1,1,1,1,1
2025-06-22 13:30:00,1,1,1,1,1
2025-06-22 14:30:00,1,1,1,1,1
2025-06-22 15:30:00,1,1,1,1,1
2025-06-22 16:30:00,1,1,1,1,1
2025-06-22 17:30:00,1,1,1,1,1
2025-06-22 18:30:00,1,1,1,1,1
2025-06-22 19:30:00,1,1,1,1,1
2025-06-22 20:30:00,1,1,1,1,1
2025-06-22 21:30:00,1,1,1,1,1
2025-06-22 22:30:00,1,1,1,1,1
2025-06-22 23:30:00,1,1,1,1,1
2025-06-23 00:30:00,1,1,1,1,1
2025-06-23 01:30:00,1,1,1,1,1
2025-06-23 02:30:00,1,1,1,1,1
2025-06-23 03:30:00,1,1,1,1,1
2025-06-23 04:30:00,1,1,1,1,1
2025-06-23 05:30:00,1,1,1,1,1
2025-06-23 06:30:00,1,1,1,1,1
2025-06-23 07:30:00,1,1,1,1,1
2025-06-23 08:30:00,1,1,1,1,1
2025-06-23 09:30:00,1,1,1,1,1
2025-06-23 10:30:00,1,1,1,1,1
2025-06-23 11:30:00,1,1,1,1,1
2025-06-23 12:30:00,1,1,1,1,1
2025-06-23 13:30:00,1,1,1,1,1
2025-06-23 14:30:00,1,1,1,1,1
2025-06-23 15:30:00,1,1,1,1,1
2025-06-23 16:30:00,1,1,1,1,1
2025-06-23 17:30:00,1,1,1,1,1
2025-06-23 18:30:00,1,1,1,1,1
2025-06-23 19:30:00,1,1,1,1,1
2025-06-23 20:30:00,1,1,1,1,1
2025-06-23 21:30:00,1,1,1,1,1
2025-06-23 22:30:00,1,1,1,1,1
2025-06-23 23:30:00,1,1,1,1,1
2025-06-24 00:30:00,1,1,1,1,1
2025-06-24 01:30:00,1,1,1,1,1
2025-06-24 02:30:00,1,1,1,1,1
2025-06-24 03:30:00,1,1,1,1,1
2025-06-24 04:30:00,1,1,1,1,1
2025-06-24 05:30:00,1,1,1,1,1
2025-06-24 06:30:00,1,1,1,1,1
2025-06-24 07:30:00,1,1,1,1,1
2025-06-24 08:30:00,1,1,1,1,1
2025-06-24 09:30:00,1,1,1,1,1
2025-06-24 10:30:00,1,1,1,1,1
2025-06-24 11:30:00,1,1,1,1,1
2025-06-24 12:30:00,1,1,1,1,1
2025-06-24 13:30:00,1,1,1,1,1
2025-06-24 14:30:00,1,1,1,1,1
2025-06-24 15:30:00,1,1,1,1,1
2025-06-24 16:30:00,1,1,1,1,1
2025-06-24 17:30:00,1,1,1,1,1
2025-06-24 18:30:00,1,1,1,1,1
2025-06-24 19:30:00,1,1,1,1,1
2025-06-24 20:30:00,1,1,1,1,1
2025-06-24 21:30:00,1,1,1,1,1
2025-06-24 22:30:00,1,1,1,1,1
2025-06-24 23:30:00,1,1,1,1,1
2025-06-25 00:30:00,1,1,1,1,1
2025-06-25 01:30:00,1,1,1,1,1
2025-06-25 02:30:00,1,1,1,1,1
2025-06-25 03:30:00,1,1,1,1,1
2025-06-25 04:30:00,1,1,1,1,1
2025-06-25 05:30:00,1,1,1,1,1
2025-06-25 06:30:00,1,1,1,1,1
2025-06-25 07:30:00,1,1,1,1,1
2025-06-25 08:30:00,1,1,1,1,1
2025-06-25 09:30:00,1,1,1,1,1
2025-06-25 10:30:00,1,1,1,1,1
2025-06-25 11:30:00,1,1,1,1,1
2025-06-25 12:30:00,1,1,1,1,1
2025-06-25 13:30:00,1,1,1,1,1
2025-06-25 14:30:00,1,1,1,1,1
2025-06-25 15:30:00,1,1,1,1,1
2025-06-25 16:30:00,1,1,1,1,1
2025-06-25 17:30:00,1,1,1,1,1
2025-06-25 18:30:00,1,1,1,1,1
2025-06-25 19:30:00,1,1,1,1,1
2025-06-25 20:30:00,1,1,1,1,1
2025-06-25 21:30:00,1,1,1,1,1
2025-06-25 22:30:00,1,1,1,1,1
2025-06-25 23:30:00,1,1,1,1,1
2025-06-26 00:30:00,1,1,1,1,1
2025-06-26 01:30:00,1,1,1,1,1
2025-06-26 02:30:00,1,1,1,1,1
2025-06-26 03:30:00,1,1,1,1,1
2025-06-26 04:30:00,1,1,1,1,1
2025-06-26 05:30:00,1,1,1,1,1
2025-06-26 06:30:00,1,1,1,1,1
2025-06-26 07:30:00,1,1,1,1,1
2025-06-26 08:30:00,1,1,1,1,1
2025-06-26 09:30:00,1,1,1,1,1
2025-06-26 10:30:00,1,1,1,1,1
2025-06-26 11:30:00,1,1,1,1,1
2025-06-26 12:30:00,1,1,1,1,1
2025-06-26 13:30:00,1,1,1,1,1
2025-06-26 14:30:00,1,1,1,1,1
2025-06-26 15:30:00,1,1,1,1,1
2025-06-26 16:30:00,1,1,1,1,1
2025-06-26 17:30:00,1,1,1,1,1
2025-06-26 18:30:00,1,1,1,1,1
2025-06-26 19:30:00,1,1,1,1,1
2025-06-26 20:30:00,1,1,1,1,1
2025-06-26 21:30:00,1,1,1,1,1
2025-06-26 22:30:00,1,1,1,1,1
2025-06-26 23:30:00,1,1,1,1,1
2025-06-27 00:30:00,1,1,1,1,1
2025-06-27 01:30:00,1,1,1,1,1
2025-06-27 02:30:00,1,1,1,1,1
2025-06-27 03:30:00,1,1,1,1,1
2025-06-27 04:30:00,1,1,1,1,1
2025-06-27 05:30:00,1,1,1,1,1
2025-06-27 06:30:00,1,1,1,1,1
2025-06-27 07:30:00,1,1,1,1,1
2025-06-27 08:30:00,1,1,1,1,1
2025-06-27 09:30:00,1,1,1,1,1
2025-06-27 10:30:00,1,1,1,1,1
2025-06-27 11:30:00,1,1,1,1,1
2025-06-27 12:30:00,1,1,1,1,1
2025-06-27 13:30:00,1,1,1,1,1
2025-06-27 14:30:00,1,1,1,1,1
2025-06-27 15:30:00,1,1,1,1,1
2025-06-27 16:30:00,1,1,1,1,1
2025-06-27 17:30:00,1,1,1,1,1
2025-06-27 18:30:00,1,1,1,1,1
2025-06-27 19:30:00,1,1,1,1,1
2025-06-27 20:30:00,1,1,1,1,1
2025-06-27 21:30:00,1,1,1,1,1
2025-06-27 22:30:00,1,1,1,1,1
2025-06-27 23:30:00,1,1,1,1,1
2025-06-28 00:30:00,1,1,1,1,1
2025-06-28 01:30:00,1,1,1,1,1
2025-06-28 02:30:00,1,1,1,1,1
2025-06-28 03:30:00,1,1,1,1,1
2025-06-28 04:30:00,1,1,1,1,1
2025-06-28 05:30:00,1,1,1,1,1
2025-06-28 06:30:00,1,1,1,1,1
2025-06-28 07:30:00,1,1,1,1,1
2025-06-28 08:30:00,1,1,1,1,1
2025-06-28 09:30:00,1,1,1,1,1
2025-06-28 10:30:00,1,1,1,1,1
2025-06-28 11:30:00,1,1,1,1,1
2025-06-28 12:30:00,1,1,1,1,1
2025-06-28 13:30:00,1,1,1,1,1
2025-06-28 14:30:00,1,1,1,1,1
2025-06-28 15:30:00,1,1,1,1,1
2025-06-28 16:30:00,1,1,1,1,1
2025-06-28 17:30:00,1,1,1,1,1
2025-06-28 18:30:00,1,1,1,1,1
2025-06-28 19:30:00,1,1,1,1,1
2025-06-28 20:30:00,1,1,1,1,1
2025-06-28 21:30:00,1,1,1,1,1
2025-06-28 22:30:00,1,1,1,1,1
2025-06-28 23:30:00,1,1,1,1,1
2025-06-29 00:30:00,1,1,1,1,1
2025-06-29 01:30:00,1,1,1,1,1
2025-06-29 02:30:00,1,1,1,1,1
2025-06-29 03:30:00,1,1,1,1,1
2025-06-29 04:30:00,1,1,1,1,1
2025-06-29 05:30:00,1,1,1,1,1
2025-06-29 06:30:00,1,1,1,1,1
2025-06-29 07:30:00,1,1,1,1,1
2025-06-29 08:30:00,1,1,1,1,1
2025-06-29 09:30:00,1,1,1,1,1
2025-06-29 10:30:00,1,1,1,1,1
2025-06-29 11:30:00,1,1,1,1,1
2025-06-29 12:30:00,1,1,1,1,1
2025-06-29 13:30:00,1,1,1,1,1
2025-06-29 14:30:00,1,1,1,1,1
2025-06-29 15:30:00,1,1,1,1,1
2025-06-29 16:30:00,1,1,1,1,1
2025-06-29 17:30:00,1,1,1,1,1
2025-06-29 18:30:00,1,1,1,1,1
2025-06-29 19:30:00,1,1,1,1,1
2025-06-29 20:30:00,1,1,1,1,1
2025-06-29 21:30:00,1,1,1,1,1
2025-06-29 22:30:00,1,1,1,1,1
2025-06-29 23:30:00,1,1,1,1,1
2025-06-30 00:30:00,1,1,1,1,1
2025-06-30 01:30:00,1,1,1,1,1
2025-06-30 02:30:00,1,1,1,1,1
2025-06-30 03:30:00,1,1,1,1,1
2025-06-30 04:30:00,1,1,1,1,1
2025-06-30 05:30:00,1,1,1,1,1
2025-06-30 06:30:00,1,1,1,1,1
2025-06-30 07:30:00,1,1,1,1,1
2025-06-30 08:30:00,1,1,1,1,1
2025-06-30 09:30:00,1,1,1,1,1
2025-06-30 10:30:00,1,1,1,1,1
2025-06-30 11:30:00,1,1,1,1,1
2025-06-30 12:30:00,1,1,1,1,1
2025-06-30 13:30:00,1,1,1,1,1
2025-06-30 14:30:00,1,1,1,1,1
2025-06-30 15:30:00,1,1,1,1,1
2025-06-30 16:30:00,1,1,1,1,1
2025-06-30 17:30:00,1,1,1,1,1
2025-06-30 18:30:00,1,1,1,1,1
2025-06-30 19:30:00,1,1,1,1,1
2025-06-30 20:30:00,1,1,1,1,1
2025-06-30 21:30:00,1,1,1,1,1
2025-06-30 22:30:00,1,1,1,1,1
2025-06-30 23:30:00,1,1,1,1,1
2025-07-01 00:30:00,1,1,1,1,1
2025-07-01 01:30:00,1,1,1,1,1
2025-07-01 02:30:00,1,1,1,1,1
2025-07-01 03:30:00,1,1,1,1,1
2025-07-01 04:30:00,1,1,1,1,1
2025-07-01 05:30:00,1,1,1,1,1
2025-07-01 06:30:00,1,1,1,1,1
2025-07-01 07:30:00,1,1,1,1,1
2025-07-01 08:30:00,1,1,1,1,1
2025-07-01 09:30:00,1,1,1,1,1
2025-07-01 10:30:00,1,1,1,1,1
2025-07-01 11:30:00,1,1,1,1,1
2025-07-01 12:30:00,1,1,1,1,1
2025-07-01 13:30:00,1,1,1,1,1
2025-07-01 14:30:00,1,1,1,1,1
2025-07-01 15:30:00,1,1,1,1,1
2025-07-01 16:30:00,1,1,1,1,1
2025-07-01 17:30:00,1,1,1,1,1
2025-07-01 18:30:00,1,1,1,1,1
2025-07-01 19:30:00,1,1,1,1,1
2025-07-01 20:30:00,1,1,1,1,1
2025-07-01 21:30:00,1,1,1,1,1
2025-07-01 22:30:00,1,1,1,1,1
2025-07-01 23:30:00,1,1,1,1,1
2025-07-02 00:30:00,1,1,1,1,1
2025-07-02 01:30:00,1,1,1,1,1
2025-07-02 02:30:00,1,1,1,1,1
2025-07-02 03:30:00,1,1,1,1,1
2025-07-02 04:30:00,1,1,1,1,1
2025-07-02 05:30:00,1,1,1,1,1
2025-07-02 06:30:00,1,1,1,1,1
2025-07-02 07:30:00,1,1,1,1,1
2025-07-02 08:30:00,1,1,1,1,1
2025-07-02 09:30:00,1,1,1,1,1
2025-07-02 10:30:00,1,1,1,1,1
2025-07-02 11:30:00,1,1,1,1,1
2025-07-02 12:30:00,1,1,1,1,1
2025-07-02 13:30:00,1,1,1,1,1
2025-07-02 14:30:00,1,1,1,1,1
2025-07-02 15:30:00,1,1,1,1,1
2025-07-02 16:30:00,1,1,1,1,1
2025-07-02 17:30:00,1,1,1,1,1
2025-07-02 18:30:00,1,1,1,1,1
2025-07-02 19:30:00,1,1,1,1,1
2025-07-02 20:30:00,1,1,1,1,1
2025-07-02 21:30:00,1,1,1,1,1
2025-07-02 22:30:00,1,1,1,1,1
2025-07-02 23:30:00,1,1,1,1,1
2025-07-03 00:30:00,1,1,1,1,1
2025-07-03 01:30:00,1,1,1,1,1
2025-07-03 02:30:00,1,1,1,1,1
2025-07-03 03:30:00,1,1,1,1,1
2025-07-03 04:30:00,1,1,1,1,1
2025-07-03 05:30:00,1,1,1,1,1
2025-07-03 06:30:00,1,1,1,1,1
2025-07-03 07:30:00,1,1,1,1,1
2025-07-03 08:30:00,1,1,1,1,1
2025-07-03 09:30:00,1,1,1,1,1
2025-07-03 10:30:00,1,1,1,1,1
2025-07-03 11:30:00,1,1,1,1,1
2025-07-03 12:30:00,1,1,1,1,1
2025-07-03 13:30:00,1,1,1,1,1
2025-07-03 14:30:00,1,1,1,1,1
2025-07-03 15:30:00,1,1,1,1,1
2025-07-03 16:30:00,1,1,1,1,1
2025-07-03 17:30:00,1,1,1,1,1
2025-07-03 18:30:00,1,1,1,1,1
2025-07-03 19:30:00,1,1,1,1,1
2025-07-03 20:30:00,1,1,1,1,1
2025-07-03 21:30:00,1,1,1,1,1
2025-07-03 22:30:00,1,1,1,1,1
2025-07-03 23:30:00,1,1,1,1,1
2025-07-04 00:30:00,1,1,1,1,1
2025-07-04 01:30:00,1,1,1,1,1
2025-07-04 02:30:00,1,1,1,1,1
2025-07-04 03:30:00,1,1,1,1,1
2025-07-04 04:30:00,1,1,1,1,1
2025-07-04 05:30:00,1,1,1,1,1
2025-07-04 06:30:00,1,1,1,1,1
2025-07-04 07:30:00,1,1,1,1,1
2025-07-04 08:30:00,1,1,1,1,1
2025-07-04 09:30:00,1,1,1,1,1
2025-07-04 10:30:00,1,1,1,1,1
2025-07-04 11:30:00,1,1,1,1,1
2025-07-04 12:30:00,1,1,1,1,1
2025-07-04 13:30:00,1,1,1,1,1
2025-07-04 14:30:00,1,1,1,1,1
2025-07-04 15:30:00,1,1,1,1,1
2025-07-04 16:30:00,1,1,1,1,1
2025-07-04 17:30:00,1,1,1,1,1
2025-07-04 18:30:00,1,1,1,1,1
2025-07-04 19:30:00,1,1,1,1,1
2025-07-04 20:30:00,1,1,1,1,1
2025-07-04 21:30:00,1,1,1,1,1
2025-07-04 22:30:00,1,1,1,1,1
2025-07-04 23:30:00,1,1,1,1,1
2025-07-05 00:30:00,1,1,1,1,1
2025-07-05 01:30:00,1,1,1,1,1
2025-07-05 02:30:00,1,1,1,1,1
2025-07-05 03:30:00,1,1,1,1,1
2025-07-05 04:30:00,1,1,1,1,1
2025-07-05 05:30:00,1,1,1,1,1
2025-07-05 06:30:00,1,1,1,1,1
2025-07-05 07:30:00,1,1,1,1,1
2025-07-05 08:30:00,1,1,1,1,1
2025-07-05 09:30:00,1,1,1,1,1
2025-07-05 10:30:00,1,1,1,1,1
2025-07-05 11:30:00,1,1,1,1,1
2025-07-05 12:30:00,1,1,1,1,1
2025-07-05 13:30:00,1,1,1,1,1
2025-07-05 14:30:00,1,1,1,1,1
2025-07-05 15:30:00,1,1,1,1,1
2025-07-05 16:30:00,1,1,1,1,1
2025-07-05 17:30:00,1,1,1,1,1
2025-07-05 18:30:00,1,1,1,1,1
2025-07-05 19:30:00,1,1,1,1,1
2025-07-05 20:30:00,1,1,1,1,1
2025-07-05 21:30:00,1,1,1,1,1
2025-07-05 22:30:00,1,1,1,1,1
2025-07-05 23:30:00,1,1,1,1,1
2025-07-06 00:30:00,1,1,1,1,1
2025-07-06 01:30:00,1,1,1,1,1
2025-07-06 02:30:00,1,1,1,1,1
2025-07-06 03:30:00,1,1,1,1,1
2025-07-06 04:30:00,1,1,1,1,1
2025-07-06 05:30:00,1,1,1,1,1
2025-07-06 06:30:00,1,1,1,1,1
2025-07-06 07:30:00,1,1,1,1,1
2025-07-06 08:30:00,1,1,1,1,1
2025-07-06 09:30:00,1,1,1,1,1
2025-07-06 10:30:00,1,1,1,1,1
2025-07-06 11:30:00,1,1,1,1,1
2025-07-06 12:30:00,1,1,1,1,1
2025-07-06 13:30:00,1,1,1,1,1
2025-07-06 14:30:00,1,1,1,1,1
2025-07-06 15:30:00,1,1,1,1,1
2025-07-06 16:30:00,1,1,1,1,1
2025-07-06 17:30:00,1,1,1,1,1
2025-07-06 18:30:00,1,1,1,1,1
2025-07-06 19:30:00,1,1,1,1,1
2025-07-06 20:30:00,1,1,1,1,1
2025-07-06 21:30:00,1,1,1,1,1
2025-07-06 22:30:00,1,1,1,1,1
2025-07-06 23:30:00,1,1,1,1,1
2025-07-07 00:30:00,1,1,1,1,1
2025-07-07 01:30:00,1,1,1,1,1
2025-07-07 02:30:00,1,1,1,1,1
2025-07-07 03:30:00,1,1,1,1,1
2025-07-07 04:30:00,1,1,1,1,1
2025-07-07 05:30:00,1,1,1,1,1
2025-07-07 06:30:00,1,1,1,1,1
2025-07-07 07:30:00,1,1,1,1,1
2025-07-07 08:30:00,1,1,1,1,1
2025-07-07 09:30:00,1,1,1,1,1
2025-07-07 10:30:00,1,1,1,1,1
2025-07-07 11:30:00,1,1,1,1,1
2025-07-07 12:30:00,1,1,1,1,1
2025-07-07 13:30:00,1,1,1,1,1
2025-07-07 14:30:00,1,1,1,1,1
2025-07-07 15:30:00,1,1,1,1,1
2025-07-07 16:30:00,1,1,1,1,1
2025-07-07 17:30:00,1,1,1,1,1
2025-07-07 18:30:00,1,1,1,1,1
2025-07-07 19:30:00,1,1,1,1,1
2025-07-07 20:30:00,1,1,1,1,1
2025-07-07 21:30:00,1,1,1,1,1
2025-07-07 22:30:00,1,1,1,1,1
2025-07-07 23:30:00,1,1,1,1,1
2025-07-08 00:30:00,1,1,1,1,1
2025-07-08 01:30:00,1,1,1,1,1
2025-07-08 02:30:00,1,1,1,1,1
2025-07-08 03:30:00,1,1,1,1,1
2025-07-08 04:30:00,1,1,1,1,1
2025-07-08 05:30:00,1,1,1,1,1
2025-07-08 06:30:00,1,1,1,1,1
2025-07-08 07:30:00,1,1,1,1,1
2025-07-08 08:30:00,1,1,1,1,1
2025-07-08 09:30:00,1,1,1,1,1
2025-07-08 10:30:00,1,1,1,1,1
2025-07-08 11:30:00,1,1,1,1,1
2025-07-08 12:30:00,1,1,1,1,1
2025-07-08 13:30:00,1,1,1,1,1
2025-07-08 14:30:00,1,1,1,1,1
2025-07-08 15:30:00,1,1,1,1,1
2025-07-08 16:30:00,1,1,1,1,1
2025-07-08 17:30:00,1,1,1,1,1
2025-07-08 18:30:00,1,1,1,1,1
2025-07-08 19:30:00,1,1,1,1,1
2025-07-08 20:30:00,1,1,1,1,1
2025-07-08 21:30:00,1,1,1,1,1
2025-07-08 22:30:00,1,1,1,1,1
2025-07-08 23:30:00,1,1,1,1,1
2025-07-09 00:30:00,1,1,1,1,1
2025-07-09 01:30:00,1,1,1,1,1
2025-07-09 02:30:00,1,1,1,1,1
2025-07-09 03:30:00,1,1,1,1,1
2025-07-09 04:30:00,1,1,1,1,1
2025-07-09 05:30:00,1,1,1,1,1
2025-07-09 06:30:00,1,1,1,1,1
2025-07-09 07:30:00,1,1,1,1,1
2025-07-09 08:30:00,1,1,1,1,1
2025-07-09 09:30:00,1,1,1,1,1
2025-07-09 10:30:00,1,1,1,1,1
2025-07-09 11:30:00,1,1,1,1,1
2025-07-09 12:30:00,1,1,1,1,1
2025-07-09 13:30:00,1,1,1,1,1
2025-07-09 14:30:00,1,1,1,1,1
2025-07-09 15:30:00,1,1,1,1,1
2025-07-09 16:30:00,1,1,1,1,1
2025-07-09 17:30:00,1,1,1,1,1
2025-07-09 18:30:00,1,1,1,1,1
2025-07-09 19:30:00,1,1,1,1,1
2025-07-09 20:30:00,1,1,1,1,1
2025-07-09 21:30:00,1,1,1,1,1
2025-07-09 22:30:00,1,1,1,1,1
2025-07-09 23:30:00,1,1,1,1,1
2025-07-10 00:30:00,1,1,1,1,1
2025-07-10 01:30:00,1,1,1,1,1
2025-07-10 02:30:00,1,1,1,1,1
2025-07-10 03:30:00,1,1,1,1,1
2025-07-10 04:30:00,1,1,1,1,1
2025-07-10 05:30:00,1,1,1,1,1
2025-07-10 06:30:00,1,1,1,1,1
2025-07-10 07:30:00,1,1,1,1,1
2025-07-10 08:30:00,1,1,1,1,1
2025-07-10 09:30:00,1,1,1,1,1
2025-07-10 10:30:00,1,1,1,1,1
2025-07-10 11:30:00,1,1,1,1,1
2025-07-10 12:30:00,1,1,1,1,1
2025-07-10 13:30:00,1,1,1,1,1
2025-07-10 14:30:00,1,1,1,1,1
2025-07-10 15:30:00,1,1,1,1,1
2025-07-10 16:30:00,1,1,1,1,1
2025-07-10 17:30:00,1,1,1,1,1
2025-08-18 23:30:00,1,1,1,1,1
2025-08-19 00:30:00,1,1,1,1,1
2025-08-19 01:30:00,1,1,1,1,1
2025-08-19 02:30:00,1,1,1,1,1
2025-08-19 03:30:00,1,1,1,1,1
2025-08-19 04:30:00,1,1,1,1,1
2025-08-19 05:30:00,1,1,1,1,1
2025-08-19 06:30:00,1,1,1,1,1
2025-08-19 07:30:00,1,1,1,1,1
2025-08-19 08:30:00,1,1,1,1,1
2025-08-19 09:30:00,1,1,1,1,1
2025-08-19 10:30:00,1,1,1,1,1
2025-08-19 11:30:00,1,1,1,1,1
2025-08-19 12:30:00,1,1,1,1,1
2025-08-19 13:30:00,1,1,1,1,1
2025-08-19 14:30:00,1,1,1,1,1
2025-08-19 15:30:00,1,1,1,1,1
2025-08-19 16:30:00,1,1,1,1,1
2025-08-19 17:30:00,1,1,1,1,1
2025-08-19 18:30:00,1,1,1,1,1
2025-08-19 19:30:00,1,1,1,1,1
2025-08-19 20:30:00,1,1,1,1,1
2025-08-19 21:30:00,1,1,1,1,1
2025-08-19 22:30:00,1,1,1,1,1
2025-08-19 23:30:00,1,1,1,1,1
2025-08-20 00:30:00,1,1,1,1,1
2025-08-20 01:30:00,1,1,1,1,1
2025-08-20 02:30:00,1,1,1,1,1
2025-08-20 03:30:00,1,1,1,1,1
2025-08-20 04:30:00,1,1,1,1,1
2025-08-20 05:30:00,1,1,1,1,1
2025-08-20 06:30:00,1,1,1,1,1
2025-08-20 07:30:00,1,1,1,1,1
2025-08-20 08:30:00,1,1,1,1,1
2025-08-20 09:30:00,1,1,1,1,1
2025-08-20 10:30:00,1,1,1,1,1
2025-08-20 11:30:00,1,1,1,1,1
2025-08-20 12:30:00,1,1,1,1,1
2025-08-20 13:30:00,1,1,1,1,1
2025-08-20 14:30:00,1,1,1,1,1
2025-08-20 15:30:00,1,1,1,1,1
2025-08-20 16:30:00,1,1,1,1,1
2025-08-20 17:30:00,1,1,1,1,1
2025-08-20 18:30:00,1,1,1,1,1
2025-08-20 19:30:00,1,1,1,1,1
2025-08-20 20:30:00,1,1,1,1,1
2025-08-20 21:30:00,1,1,1,1,1
2025-08-20 22:30:00,1,1,1,1,1
2025-08-20 23:30:00,1,1,1,1,1
2025-08-21 00:30:00,1,1,1,1,1
2025-08-21 01:30:00,1,1,1,1,1
2025-08-21 02:30:00,1,1,1,1,1
2025-08-21 03:30:00,1,1,1,1,1
2025-08-21 04:30:00,1,1,1,1,1
2025-08-21 05:30:00,1,1,1,1,1
2025-08-21 06:30:00,1,1,1,1,1
2025-08-21 07:30:00,1,1,1,1,1
2025-08-21 08:30:00,1,1,1,1,1
2025-08-21 09:30:00,1,1,1,1,1
2025-08-21 10:30:00,1,1,1,1,1
2025-08-21 11:30:00,1,1,1,1,1
2025-08-21 12:30:00,1,1,1,1,1
2025-08-21 13:30:00,1,1,1,1,1
2025-08-21 14:30:00,1,1,1,1,1
2025-08-21 15:30:00,1,1,1,1,1
2025-08-21 16:30:00,1,1,1,1,1
2025-08-21 17:30:00,1,1,1,1,1
2025-08-21 18:30:00,1,1,1,1,1
2025-08-21 19:30:00,1,1,1,1,1
2025-08-21 20:30:00,1,1,1,1,1
2025-08-21 21:30:00,1,1,1,1,1
2025-08-21 22:30:00,1,1,1,1,1
2025-08-21 23:30:00,1,1,1,1,1
2025-08-22 00:30:00,1,1,1,1,1
2025-08-22 01:30:00,1,1,1,1,1
2025-08-22 02:30:00,1,1,1,1,1
2025-08-22 03:30:00,1,1,1,1,1
2025-08-22 04:30:00,1,1,1,1,1
2025-08-22 05:30:00,1,1,1,1,1
2025-08-22 06:30:00,1,1,1,1,1
2025-08-22 07:30:00,1,1,1,1,1
2025-08-22 08:30:00,1,1,1,1,1
2025-08-22 09:30:00,1,1,1,1,1
2025-08-22 10:30:00,1,1,1,1,1
2025-08-22 11:30:00,1,1,1,1,1
2025-08-22 12:30:00,1,1,1,1,1
2025-08-22 13:30:00,1,1,1,1,1
2025-08-22 14:30:00,1,1,1,1,1
2025-08-22 15:30:00,1,1,1,1,1
2025-08-22 16:30:00,1,1,1,1,1
2025-08-22 17:30:00,1,1,1,1,1
2025-08-22 18:30:00,1,1,1,1,1
2025-08-22 19:30:00,1,1,1,1,1
2025-08-22 20:30:00,1,1,1,1,1
2025-08-22 21:30:00,1,1,1,1,1
2025-08-22 22:30:00,1,1,1,1,1
2025-08-22 23:30:00,1,1,1,1,1
2025-08-23 00:30:00,1,1,1,1,1
2025-08-23 01:30:00,1,1,1,1,1
2025-08-23 02:30:00,1,1,1,1,1
2025-08-23 03:30:00,1,1,1,1,1
2025-08-23 04:30:00,1,1,1,1,1
2025-08-23 05:30:00,1,1,1,1,1
2025-08-23 06:30:00,1,1,1,1,1
2025-08-23 07:30:00,1,1,1,1,1
2025-08-23 08:30:00,1,1,1,1,1
2025-08-23 09:30:00,1,1,1,1,1
2025-08-23 10:30:00,1,1,1,1,1
2025-08-23 11:30:00,1,1,1,1,1
2025-08-23 12:30:00,1,1,1,1,1
2025-08-23 13:30:00,1,1,1,1,1
2025-08-23 14:30:00,1,1,1,1,1
2025-08-23 15:30:00,1,1,1,1,1
2025-08-23 16:30:00,1,1,1,1,1
2025-08-23 17:30:00,1,1,1,1,1
2025-08-23 18:30:00,1,1,1,1,1
2025-08-23 19:30:00,1,1,1,1,1
2025-08-23 20:30:00,1,1,1,1,1
2025-08-23 21:30:00,1,1,1,1,1
2025-08-23 22:30:00,1,1,1,1,1
2025-08-23 23:30:00,1,1,1,1,1
2025-08-24 00:30:00,1,1,1,1,1
2025-08-24 01:30:00,1,1,1,1,1
2025-08-24 02:30:00,1,1,1,1,1
2025-08-24 03:30:00,1,1,1,1,1
2025-08-24 04:30:00,1,1,1,1,1
2025-08-24 05:30:00,1,1,1,1,1
2025-08-24 06:30:00,1,1,1,1,1
2025-08-24 07:30:00,1,1,1,1,1
2025-08-24 08:30:00,1,1,1,1,1
2025-08-24 09:30:00,1,1,1,1,1
2025-08-24 10:30:00,1,1,1,1,1
2025-08-24 11:30:00,1,1,1,1,1
2025-08-24 12:30:00,1,1,1,1,1
2025-08-24 13:30:00,1,1,1,1,1
2025-08-24 14:30:00,1,1,1,1,1
2025-08-24 15:30:00,1,1,1,1,1
2025-08-24 16:30:00,1,1,1,1,1
2025-08-24 17:30:00,1,1,1,1,1
2025-08-24 18:30:00,1,1,1,1,1
2025-08-24 19:30:00,1,1,1,1,1
2025-08-24 20:30:00,1,1,1,1,1
2025-08-24 21:30:00,1,1,1,1,1
2025-08-24 22:30:00,1,1,1,1,1
2025-08-24 23:30:00,1,1,1,1,1
2025-08-25 00:30:00,1,1,1,1,1
2025-08-25 01:30:00,1,1,1,1,1
2025-08-25 02:30:00,1,1,1,1,1
2025-08-25 03:30:00,1,1,1,1,1
2025-08-25 04:30:00,1,1,1,1,1
2025-08-25 05:30:00,1,1,1,1,1
2025-08-25 06:30:00,1,1,1,1,1
2025-08-25 07:30:00,1,1,1,1,1
2025-08-25 08:30:00,1,1,1,1,1
2025-08-25 09:30:00,1,1,1,1,1
2025-08-25 10:30:00,1,1,1,1,1
2025-08-25 11:30:00,1,1,1,1,1
2025-08-25 12:30:00,1,1,1,1,1
2025-08-25 13:30:00,1,1,1,1,1
2025-08-25 14:30:00,1,1,1,1,1
2025-08-25 15:30:00,1,1,1,1,1
2025-08-25 16:30:00,1,1,1,1,1
2025-08-25 17:30:00,1,1,1,1,1
2025-08-25 18:30:00,1,1,1,1,1
2025-08-25 19:30:00,1,1,1,1,1
2025-08-25 20:30:00,1,1,1,1,1
2025-08-25 21:30:00,1,1,1,1,1
2025-08-25 22:30:00,1,1,1,1,1
2025-08-25 23:30:00,1,1,1,1,1
2025-08-26 00:30:00,1,1,1,1,1
2025-08-26 01:30:00,1,1,1,1,1
2025-08-26 02:30:00,1,1,1,1,1
2025-08-26 03:30:00,1,1,1,1,1
2025-08-26 04:30:00,1,1,1,1,1
2025-08-26 05:30:00,1,1,1,1,1
2025-08-26 06:30:00,1,1,1,1,1
2025-08-26 07:30:00,1,1,1,1,1
2025-08-26 08:30:00,1,1,1,1,1
2025-08-26 09:30:00,1,1,1,1,1
2025-08-26 10:30:00,1,1,1,1,1
2025-08-26 11:30:00,1,1,1,1,1
2025-08-26 12:30:00,1,1,1,1,1
2025-08-26 13:30:00,1,1,1,1,1
2025-08-26 14:30:00,1,1,1,1,1
2025-08-26 15:30:00,1,1,1,1,1
2025-08-26 16:30:00,1,1,1,1,1
2025-08-26 17:30:00,1,1,1,1,1
2025-08-26 18:30:00,1,1,1,1,1
2025-08-26 19:30:00,1,1,1,1,1
2025-08-26 20:30:00,1,1,1,1,1
2025-08-26 21:30:00,1,1,1,1,1
2025-08-26 22:30:00,1,1,1,1,1
2025-08-26 23:30:00,1,1,1,1,1
2025-08-27 00:30:00,1,1,1,1,1
2025-08-27 01:30:00,1,1,1,1,1
2025-08-27 02:30:00,1,1,1,1,1
2025-08-27 03:30:00,1,1,1,1,1
2025-08-27 04:30:00,1,1,1,1,1
2025-08-27 05:30:00,1,1,1,1,1
2025-08-27 06:30:00,1,1,1,1,1
2025-08-27 07:30:00,1,1,1,1,1
2025-08-27 08:30:00,1,1,1,1,1
2025-08-27 09:30:00,1,1,1,1,1
2025-08-27 10:30:00,1,1,1,1,1
2025-08-27 11:30:00,1,1,1,1,1
2025-08-27 12:30:00,1,1,1,1,1
2025-08-27 13:30:00,1,1,1,1,1
2025-08-27 14:30:00,1,1,1,1,1
2025-08-27 15:30:00,1,1,1,1,1
2025-08-27 16:30:00,1,1,1,1,1
2025-08-27 17:30:00,1,1,1,1,1
2025-08-27 18:30:00,1,1,1,1,1
2025-08-27 19:30:00,1,1,1,1,1
2025-08-27 20:30:00,1,1,1,1,1
2025-08-27 21:30:00,1,1,1,1,1
2025-08-27 22:30:00,1,1,1,1,1
2025-08-27 23:30:00,1,1,1,1,1
2025-08-28 00:30:00,1,1,1,1,1
2025-08-28 01:30:00,1,1,1,1,1
2025-08-28 02:30:00,1,1,1,1,1
2025-08-28 03:30:00,1,1,1,1,1
2025-08-28 04:30:00,1,1,1,1,1
2025-08-28 05:30:00,1,1,1,1,1
2025-08-28 06:30:00,1,1,1,1,1
2025-08-28 07:30:00,1,1,1,1,1
2025-08-28 08:30:00,1,1,1,1,1
2025-08-28 09:30:00,1,1,1,1,1
2025-08-28 10:30:00,1,1,1,1,1
2025-08-28 11:30:00,1,1,1,1,1
2025-08-28 12:30:00,1,1,1,1,1
2025-08-28 13:30:00,1,1,1,1,1
2025-08-28 14:30:00,1,1,1,1,1
2025-08-28 15:30:00,1,1,1,1,1
2025-08-28 16:30:00,1,1,1,1,1
2025-08-28 17:30:00,1,1,1,1,1
2025-08-28 18:30:00,1,1,1,1,1
2025-08-28 19:30:00,1,1,1,1,1
2025-08-28 20:30:00,1,1,1,1,1
2025-08-28 21:30:00,1,1,1,1,1
2025-08-28 22:30:00,1,1,1,1,1
2025-08-28 23:30:00,1,1,1,1,1
2025-08-29 00:30:00,1,1,1,1,1
2025-08-29 01:30:00,1,1,1,1,1
2025-08-29 02:30:00,1,1,1,1,1
2025-08-29 03:30:00,1,1,1,1,1
2025-08-29 04:30:00,1,1,1,1,1
2025-08-29 05:30:00,1,1,1,1,1
2025-08-29 06:30:00,1,1,1,1,1
2025-08-29 07:30:00,1,1,1,1,1
2025-08-29 08:30:00,1,1,1,1,1
2025-08-29 09:30:00,1,1,1,1,1
2025-08-29 10:30:00,1,1,1,1,1
2025-08-29 11:30:00,1,1,1,1,1
2025-08-29 12:30:00,1,1,1,1,1
2025-08-29 13:30:00,1,1,1,1,1
2025-08-29 14:30:00,1,1,1,1,1
2025-08-29 15:30:00,1,1,1,1,1
2025-08-29 16:30:00,1,1,1,1,1
2025-08-29 17:30:00,1,1,1,1,1
2025-08-29 18:30:00,1,1,1,1,1
2025-08-29 19:30:00,1,1,1,1,1
2025-08-29 20:30:00,1,1,1,1,1
2025-08-29 21:30:00,1,1,1,1,1
2025-08-29 22:30:00,1,1,1,1,1
2025-08-29 23:30:00,1,1,1,1,1
2025-08-30 00:30:00,1,1,1,1,1
2025-08-30 01:30:00,1,1,1,1,1
2025-08-30 02:30:00,1,1,1,1,1
2025-08-30 03:30:00,1,1,1,1,1
2025-08-30 04:30:00,1,1,1,1,1
2025-08-30 05:30:00,1,1,1,1,1
2025-08-30 06:30:00,1,1,1,1,1
2025-08-30 07:30:00,1,1,1,1,1
2025-08-30 08:30:00,1,1,1,1,1
2025-08-30 09:30:00,1,1,1,1,1
2025-08-30 10:30:00,1,1,1,1,1
2025-08-30 11:30:00,1,1,1,1,1
2025-08-30 12:30:00,1,1,1,1,1
2025-08-30 13:30:00,1,1,1,1,1
2025-08-30 14:30:00,1,1,1,1,1
2025-08-30 15:30:00,1,1,1,1,1
2025-08-30 16:30:00,1,1,1,1,1
2025-08-30 17:30:00,1,1,1,1,1
2025-08-30 18:30:00,1,1,1,1,1
2025-08-30 19:30:00,1,1,1,1,1
2025-08-30 20:30:00,1,1,1,1,1
2025-08-30 21:30:00,1,1,1,1,1
2025-08-30 22:30:00,1,1,1,1,1
2025-08-30 23:30:00,1,1,1,1,1
2025-08-31 00:30:00,1,1,1,1,1
2025-08-31 01:30:00,1,1,1,1,1
2025-08-31 02:30:00,1,1,1,1,1
2025-08-31 03:30:00,1,1,1,1,1
2025-08-31 04:30:00,1,1,1,1,1
2025-08-31 05:30:00,1,1,1,1,1
2025-08-31 06:30:00,1,1,1,1,1
2025-08-31 07:30:00,1,1,1,1,1
2025-08-31 08:30:00,1,1,1,1,1
2025-08-31 09:30:00,1,1,1,1,1
2025-08-31 10:30:00,1,1,1,1,1
2025-08-31 11:30:00,1,1,1,1,1
2025-08-31 12:30:00,1,1,1,1,1
2025-08-31 13:30:00,1,1,1,1,1
2025-08-31 14:30:00,1,1,1,1,1
2025-08-31 15:30:00,1,1,1,1,1
2025-08-31 16:30:00,1,1,1,1,1
2025-08-31 17:30:00,1,1,1,1,1
2025-08-31 18:30:00,1,1,1,1,1
2025-08-31 19:30:00,1,1,1,1,1
2025-08-31 20:30:00,1,1,1,1,1
2025-08-31 21:30:00,1,1,1,1,1
2025-08-31 22:30:00,1,1,1,1,1
2025-08-31 23:30:00,1,1,1,1,1
2025-09-01 00:30:00,1,1,1,1,1
2025-09-01 01:30:00,1,1,1,1,1
2025-09-01 02:30:00,1,1,1,1,1
2025-09-01 03:30:00,1,1,1,1,1
2025-09-01 04:30:00,1,1,1,1,1
2025-09-01 05:30:00,1,1,1,1,1
2025-09-01 06:30:00,1,1,1,1,1
2025-09-01 07:30:00,1,1,1,1,1
2025-09-01 08:30:00,1,1,1,1,1
2025-09-01 09:30:00,1,1,1,1,1
2025-09-01 10:30:00,1,1,1,1,1
2025-09-01 11:30:00,1,1,1,1,1
2025-09-01 12:30:00,1,1,1,1,1
2025-09-01 13:30:00,1,1,1,1,1
2025-09-01 14:30:00,1,1,1,1,1
2025-09-01 15:30:00,1,1,1,1,1
2025-09-01 16:30:00,1,1,1,1,1
2025-09-01 17:30:00,1,1,1,1,1
2025-09-01 18:30:00,1,1,1,1,1
2025-09-01 19:30:00,1,1,1,1,1
2025-09-01 20:30:00,1,1,1,1,1
2025-09-01 21:30:00,1,1,1,1,1
2025-09-01 22:30:00,1,1,1,1,1
2025-09-01 23:30:00,1,1,1,1,1
2025-09-02 00:30:00,1,1,1,1,1
2025-09-02 01:30:00,1,1,1,1,1
2025-09-02 02:30:00,1,1,1,1,1
2025-09-02 03:30:00,1,1,1,1,1
2025-09-02 04:30:00,1,1,1,1,1
2025-09-02 05:30:00,1,1,1,1,1
2025-09-02 06:30:00,1,1,1,1,1
2025-09-02 07:30:00,1,1,1,1,1
2025-09-02 08:30:00,1,1,1,1,1
2025-09-02 09:30:00,1,1,1,1,1
2025-09-02 10:30:00,1,1,1,1,1
2025-09-02 11:30:00,1,1,1,1,1
2025-09-02 12:30:00,1,1,1,1,1
2025-09-02 13:30:00,1,1,1,1,1
2025-09-02 14:30:00,1,1,1,1,1
2025-09-02 15:30:00,1,1,1,1,1
2025-09-02 16:30:00,1,1,1,1,1
2025-09-02 17:30:00,1,1,1,1,1
2025-09-02 18:30:00,1,1,1,1,1
2025-09-02 19:30:00,1,1,1,1,1
2025-09-02 20:30:00,1,1,1,1,1
2025-09-02 21:30:00,1,1,1,1,1
2025-09-02 22:30:00,1,1,1,1,1
2025-09-02 23:30:00,1,1,1,1,1
2025-09-03 00:30:00,1,1,1,1,1
2025-09-03 01:30:00,1,1,1,1,1
2025-09-03 02:30:00,1,1,1,1,1
2025-09-03 03:30:00,1,1,1,1,1
2025-09-03 04:30:00,1,1,1,1,1
2025-09-03 05:30:00,1,1,1,1,1
2025-09-03 06:30:00,1,1,1,1,1
2025-09-03 07:30:00,1,1,1,1,1
2025-09-03 08:30:00,1,1,1,1,1
2025-09-03 09:30:00,1,1,1,1,1
2025-09-03 10:30:00,1,1,1,1,1
2025-09-03 11:30:00,1,1,1,1,1
2025-09-03 12:30:00,1,1,1,1,1
2025-09-03 13:30:00,1,1,1,1,1
2025-09-03 14:30:00,1,1,1,1,1
2025-09-03 15:30:00,1,1,1,1,1
2025-09-03 16:30:00,1,1,1,1,1
2025-09-03 17:30:00,1,1,1,1,1
2025-09-03 18:30:00,1,1,1,1,1
2025-09-03 19:30:00,1,1,1,1,1
2025-09-03 20:30:00,1,1,1,1,1
2025-09-03 21:30:00,1,1,1,1,1
2025-09-03 22:30:00,1,1,1,1,1
2025-09-03 23:30:00,1,1,1,1,1
2025-09-04 00:30:00,1,1,1,1,1
2025-09-04 01:30:00,1,1,1,1,1
2025-09-04 02:30:00,1,1,1,1,1
2025-09-04 03:30:00,1,1,1,1,1
2025-09-04 04:30:00,1,1,1,1,1
2025-09-04 05:30:00,1,1,1,1,1
2025-09-04 06:30:00,1,1,1,1,1
2025-09-04 07:30:00,1,1,1,1,1
2025-09-04 08:30:00,1,1,1,1,1
2025-09-04 09:30:00,1,1,1,1,1
2025-09-04 10:30:00,1,1,1,1,1
2025-09-04 11:30:00,1,1,1,1,1
2025-09-04 12:30:00,1,1,1,1,1
2025-09-04 13:30:00,1,1,1,1,1
2025-09-04 14:30:00,1,1,1,1,1
2025-09-04 15:30:00,1,1,1,1,1
2025-09-04 16:30:00,1,1,1,1,1
2025-09-04 17:30:00,1,1,1,1,1
2025-09-04 18:30:00,1,1,1,1,1
2025-09-04 19:30:00,1,1,1,1,1
2025-09-04 20:30:00,1,1,1,1,1
2025-09-04 21:30:00,1,1,1,1,1
2025-09-04 22:30:00,1,1,1,1,1
2025-09-04 23:30:00,1,1,1,1,1
2025-09-05 00:30:00,1,1,1,1,1
2025-09-05 01:30:00,1,1,1,1,1
2025-09-05 02:30:00,1,1,1,1,1
2025-09-05 03:30:00,1,1,1,1,1
2025-09-05 04:30:00,1,1,1,1,1
2025-09-05 05:30:00,1,1,1,1,1
2025-09-05 06:30:00,1,1,1,1,1
2025-09-05 07:30:00,1,1,1,1,1
2025-09-05 08:30:00,1,1,1,1,1
2025-09-05 09:30:00,1,1,1,1,1
2025-09-05 10:30:00,1,1,1,1,1
2025-09-05 11:30:00,1,1,1,1,1
2025-09-05 12:30:00,1,1,1,1,1
2025-09-05 13:30:00,1,1,1,1,1
2025-09-05 14:30:00,1,1,1,1,1
2025-09-05 15:30:00,1,1,1,1,1
2025-09-05 16:30:00,1,1,1,1,1
2025-09-05 17:30:00,1,1,1,1,1
2025-09-05 18:30:00,1,1,1,1,1
2025-09-05 19:30:00,1,1,1,1,1
2025-09-05 20:30:00,1,1,1,1,1
2025-09-05 21:30:00,1,1,1,1,1
2025-09-05 22:30:00,1,1,1,1,1
2025-09-05 23:30:00,1,1,1,1,1
2025-09-06 00:30:00,1,1,1,1,1
2025-09-06 01:30:00,1,1,1,1,1
2025-09-06 02:30:00,1,1,1,1,1
2025-09-06 03:30:00,1,1,1,1,1
2025-09-06 04:30:00,1,1,1,1,1
2025-09-06 05:30:00,1,1,1,1,1
2025-09-06 06:30:00,1,1,1,1,1
2025-09-06 07:30:00,1,1,1,1,1
2025-09-06 08:30:00,1,1,1,1,1
2025-09-06 09:30:00,1,1,1,1,1
2025-09-06 10:30:00,1,1,1,1,1
2025-09-06 11:30:00,1,1,1,1,1
2025-09-06 12:30:00,1,1,1,1,1
2025-09-06 13:30:00,1,1,1,1,1
2025-09-06 14:30:00,1,1,1,1,1
2025-09-06 15:30:00,1,1,1,1,1
2025-09-06 16:30:00,1,1,1,1,1
2025-09-06 17:30:00,1,1,1,1,1
2025-09-06 18:30:00,1,1,1,1,1
2025-09-06 19:30:00,1,1,1,1,1
2025-09-06 20:30:00,1,1,1,1,1
2025-09-06 21:30:00,1,1,1,1,1
2025-09-06 22:30:00,1,1,1,1,1
2025-09-06 23:30:00,1,1,1,1,1
2025-09-07 00:30:00,1,0,1,1,1
2025-09-07 01:30:00,1,1,1,1,1
2025-09-07 02:30:00,1,1,1,1,1
2025-09-07 03:30:00,1,1,1,1,1
2025-09-07 04:30:00,1,1,1,1,1
2025-09-07 05:30:00,1,1,1,1,1
2025-09-07 06:30:00,1,1,1,1,1
2025-09-07 07:30:00,1,1,1,1,1
2025-09-07 08:30:00,1,1,1,1,1
2025-09-07 09:30:00,1,1,1,1,1
2025-09-07 10:30:00,1,1,1,1,1
2025-09-07 11:30:00,1,1,1,1,1
2025-09-07 12:30:00,1,1,1,1,1
2025-09-07 13:30:00,1,1,1,1,1
2025-09-07 14:30:00,1,1,1,1,1
2025-09-07 15:30:00,1,1,1,1,1
2025-09-07 16:30:00,1,1,1,1,1
2025-09-07 17:30:00,1,1,1,1,1
2025-09-07 18:30:00,1,1,1,1,1
2025-09-07 19:30:00,1,1,1,1,1
2025-09-07 20:30:00,1,1,1,1,1
2025-09-07 21:30:00,1,1,1,1,1
2025-09-07 22:30:00,1,1,1,1,1
2025-09-07 23:30:00,1,1,1,1,1
2025-09-08 00:30:00,1,1,1,1,1
2025-09-08 01:30:00,1,1,1,1,1
2025-09-08 02:30:00,1,1,1,1,1
2025-09-08 03:30:00,1,1,1,1,1
2025-09-08 04:30:00,1,1,1,1,1
2025-09-08 05:30:00,1,1,1,1,1
2025-09-08 06:30:00,1,1,1,1,1
2025-09-08 07:30:00,1,1,1,1,1
2025-09-08 08:30:00,1,1,1,1,1
2025-09-08 09:30:00,1,1,1,1,1
2025-09-08 10:30:00,1,1,1,1,1
2025-09-08 11:30:00,1,1,1,1,1
2025-09-08 12:30:00,1,1,1,1,1
2025-09-08 13:30:00,1,1,1,1,1
2025-09-08 14:30:00,1,1,1,1,1
2025-09-08 15:30:00,1,1,1,1,1
2025-09-08 16:30:00,1,1,1,1,1
2025-09-08 17:30:00,1,1,1,1,1
2025-09-08 18:30:00,1,1,1,1,1
2025-09-08 19:30:00,1,1,1,1,1
2025-09-08 20:30:00,1,1,1,1,1
2025-09-08 21:30:00,1,1,1,1,1
2025-09-08 22:30:00,1,1,1,1,1
2025-09-08 23:30:00,1,1,1,1,1
2025-09-09 00:30:00,1,1,1,1,1
2025-09-09 01:30:00,1,1,1,1,1
2025-09-09 02:30:00,1,1,1,1,1
2025-09-09 03:30:00,1,1,1,1,1
2025-09-09 04:30:00,1,1,1,1,1
2025-09-09 05:30:00,1,1,1,1,1
2025-09-09 06:30:00,1,1,1,1,1
2025-09-09 07:30:00,1,1,1,1,1
2025-09-09 08:30:00,1,1,1,1,1
2025-09-09 09:30:00,1,1,1,1,1
2025-09-09 10:30:00,1,1,1,1,1
2025-09-09 11:30:00,1,1,1,1,1
2025-09-09 12:30:00,1,1,1,1,1
2025-09-09 13:30:00,1,1,1,1,1
2025-09-09 14:30:00,1,1,1,1,1
2025-09-09 15:30:00,1,1,1,1,1
2025-09-09 16:30:00,1,1,1,1,1
2025-09-09 17:30:00,1,1,1,1,1
2025-09-09 18:30:00,1,1,1,1,1
2025-09-09 19:30:00,1,1,1,1,1
2025-09-09 20:30:00,1,1,1,1,1
2025-09-09 21:30:00,1,1,1,1,1
2025-09-09 22:30:00,1,1,1,1,1
2025-09-09 23:30:00,1,1,1,1,1
2025-09-10 00:30:00,1,1,1,1,1
2025-09-10 01:30:00,1,1,1,1,1
2025-09-10 02:30:00,1,1,1,1,1
2025-09-10 03:30:00,1,1,1,1,1
2025-09-10 04:30:00,1,1,1,1,1
2025-09-10 05:30:00,1,1,1,1,1
2025-09-10 06:30:00,1,1,1,1,1
2025-09-10 07:30:00,1,1,1,1,1
2025-09-10 08:30:00,1,1,1,1,1
2025-09-10 09:30:00,1,1,1,1,1
2025-09-10 10:30:00,1,1,1,1,1
2025-09-10 11:30:00,1,1,1,1,1
2025-09-10 12:30:00,1,1,1,1,1
2025-09-10 13:30:00,1,1,1,1,1
2025-09-10 14:30:00,1,1,1,1,1
2025-09-10 15:30:00,1,1,1,1,1
2025-09-10 16:30:00,1,1,1,1,1
2025-09-10 17:30:00,1,1,1,1,1
2025-09-10 18:30:00,1,1,1,1,1
2025-09-10 19:30:00,1,1,1,1,1
2025-09-10 20:30:00,1,1,1,1,1
2025-09-10 21:30:00,1,1,1,1,1
2025-09-10 22:30:00,1,1,1,1,1
2025-09-10 23:30:00,1,1,1,1,1
2025-09-11 00:30:00,1,1,1,1,1
2025-09-11 01:30:00,1,1,1,1,1
2025-09-11 02:30:00,1,1,1,1,1
2025-09-11 03:30:00,1,1,1,1,1
2025-09-11 04:30:00,1,1,1,1,1
2025-09-11 05:30:00,1,1,1,1,1
2025-09-11 06:30:00,1,1,1,1,1
2025-09-11 07:30:00,1,1,1,1,1
2025-09-11 08:30:00,1,1,1,1,1
2025-09-11 09:30:00,1,1,1,1,1
2025-09-11 10:30:00,1,1,1,1,1
2025-09-11 11:30:00,1,1,1,1,1
2025-09-11 12:30:00,1,1,1,1,1
2025-09-11 13:30:00,1,1,1,1,1
2025-09-11 14:30:00,1,1,1,1,1
2025-09-11 15:30:00,1,1,1,1,1
2025-09-11 16:30:00,1,1,1,1,1
2025-09-11 17:30:00,1,1,1,1,1
2025-09-11 18:30:00,1,1,1,1,1
2025-09-11 19:30:00,1,1,1,1,1
2025-09-11 20:30:00,1,1,1,1,1
2025-09-11 21:30:00,1,1,1,1,1
2025-09-11 22:30:00,1,1,1,1,1
2025-09-11 23:30:00,1,1,1,1,1
2025-09-12 00:30:00,1,1,1,1,1
2025-09-12 01:30:00,1,1,1,1,1
2025-09-12 02:30:00,1,1,1,1,1
2025-09-12 03:30:00,1,1,1,1,1
2025-09-12 04:30:00,1,1,1,1,1
2025-09-12 05:30:00,1,1,1,1,1
2025-09-12 06:30:00,1,1,1,1,1
2025-09-12 07:30:00,1,1,1,1,1
2025-09-12 08:30:00,1,1,1,1,1
2025-09-12 09:30:00,1,1,1,1,1
2025-09-12 10:30:00,1,1,1,1,1
2025-09-12 11:30:00,1,1,1,1,1
2025-09-12 12:30:00,1,1,1,1,1
2025-09-12 13:30:00,1,1,1,1,1
2025-09-12 14:30:00,1,1,1,1,1
2025-09-12 15:30:00,1,1,1,1,1
2025-09-12 16:30:00,1,1,1,1,1
2025-09-12 17:30:00,1,1,1,1,1
2025-09-12 18:30:00,1,1,1,1,1
2025-09-12 19:30:00,1,1,1,1,1
2025-09-12 20:30:00,1,1,1,1,1
2025-09-12 21:30:00,1,1,1,1,1
2025-09-12 22:30:00,1,1,1,1,1
2025-09-12 23:30:00,1,1,1,1,1
2025-09-13 00:30:00,1,1,1,1,1
2025-09-13 01:30:00,1,1,1,1,1
2025-09-13 02:30:00,1,1,1,1,1
2025-09-13 03:30:00,1,1,1,1,1
2025-09-13 04:30:00,1,1,1,1,1
2025-09-13 05:30:00,1,1,1,1,1
2025-09-13 06:30:00,1,1,1,1,1
2025-09-13 07:30:00,1,1,1,1,1
2025-09-13 08:30:00,1,1,1,1,1
2025-09-13 09:30:00,1,1,1,1,1
2025-09-13 10:30:00,1,1,1,1,1
2025-09-13 11:30:00,1,1,1,1,1
2025-09-13 12:30:00,1,1,1,1,1
2025-09-13 13:30:00,1,1,1,1,1
2025-09-13 14:30:00,1,1,1,1,1
2025-09-13 15:30:00,1,1,1,1,1
2025-09-13 16:30:00,1,1,1,1,1
2025-09-13 17:30:00,1,1,1,1,1
2025-09-13 18:30:00,1,1,1,1,1
2025-09-13 19:30:00,1,1,1,1,1
2025-09-13 20:30:00,1,1,1,1,1
2025-09-13 21:30:00,1,1,1,1,1
2025-09-13 22:30:00,1,1,1,1,1
2025-09-13 23:30:00,1,1,1,1,1
2025-09-14 00:30:00,1,1,1,1,1
2025-09-14 01:30:00,1,1,1,1,1
2025-09-14 02:30:00,1,1,1,1,1
2025-09-14 03:30:00,1,1,1,1,1
2025-09-14 04:30:00,1,1,1,1,1
2025-09-14 05:30:00,1,1,1,1,1
2025-09-14 06:30:00,1,1,1,1,1
2025-09-14 07:30:00,1,1,1,1,1
2025-09-14 08:30:00,1,1,1,1,1
2025-09-14 09:30:00,1,1,1,1,1
2025-09-14 10:30:00,1,1,1,1,1
2025-09-14 11:30:00,1,1,1,1,1
2025-09-14 12:30:00,1,1,1,1,1
2025-09-14 13:30:00,1,1,1,1,1
2025-09-14 14:30:00,1,1,1,1,1
2025-09-14 15:30:00,1,1,1,1,1
2025-09-14 16:30:00,1,1,1,1,1
2025-09-14 17:30:00,1,1,1,1,1
2025-09-14 18:30:00,1,1,1,1,1
2025-09-14 19:30:00,1,1,1,1,1
2025-09-14 20:30:00,1,1,1,1,1
2025-09-14 21:30:00,1,1,1,1,1
2025-09-14 22:30:00,1,1,1,1,1
2025-09-14 23:30:00,1,1,1,1,1
2025-09-15 00:30:00,1,1,1,1,1
2025-09-15 01:30:00,1,1,1,1,1
2025-09-15 02:30:00,1,1,1,1,1
2025-09-15 03:30:00,1,1,1,1,1
2025-09-15 04:30:00,1,1,1,1,1
2025-09-15 05:30:00,1,1,1,1,1
2025-09-15 06:30:00,1,1,1,1,1
2025-09-15 07:30:00,1,1,1,1,1
2025-09-15 08:30:00,1,1,1,1,1
2025-09-15 09:30:00,1,1,1,1,1
2025-09-15 10:30:00,1,1,1,1,1
2025-09-15 11:30:00,1,1,1,1,1
2025-09-15 12:30:00,1,1,1,1,1
2025-09-15 13:30:00,1,1,1,1,1
2025-09-15 14:30:00,1,1,1,1,1
2025-09-15 15:30:00,1,1,1,1,1
2025-09-15 16:30:00,1,1,1,1,1
2025-09-15 17:30:00,1,1,1,1,1
2025-09-15 18:30:00,1,1,1,1,1
2025-09-15 19:30:00,1,1,1,1,1
2025-09-15 20:30:00,1,1,1,1,1
2025-09-15 21:30:00,1,1,1,1,1
2025-09-15 22:30:00,1,1,1,1,1
2025-09-15 23:30:00,1,1,1,1,1
2025-09-16 00:30:00,1,1,1,1,1
2025-09-16 01:30:00,1,1,1,1,1
2025-09-16 02:30:00,1,1,1,1,1
2025-09-16 03:30:00,1,1,1,1,1
2025-09-16 04:30:00,1,1,1,1,1
2025-09-16 05:30:00,1,1,1,1,1
2025-09-16 06:30:00,1,1,1,1,1
2025-09-16 07:30:00,1,1,1,1,1
2025-09-16 08:30:00,1,1,1,1,1
2025-09-16 09:30:00,1,1,1,1,1
2025-09-16 10:30:00,1,1,1,1,1
2025-09-16 11:30:00,1,1,1,1,1
2025-09-16 12:30:00,1,1,1,1,1
2025-09-16 13:30:00,1,1,1,1,1
2025-09-16 14:30:00,1,1,1,1,1
2025-09-16 15:30:00,1,1,1,1,1
2025-09-16 16:30:00,1,1,1,1,1
2025-09-16 17:30:00,1,1,1,1,1
2025-09-16 18:30:00,1,1,1,1,1
2025-09-16 19:30:00,1,1,1,1,1
2025-09-16 20:30:00,1,1,1,1,1
2025-09-16 21:30:00,1,1,1,1,1
2025-09-16 22:30:00,1,1,1,1,1
2025-09-16 23:30:00,1,1,1,1,1
2025-09-17 00:30:00,1,1,1,1,1
2025-09-17 01:30:00,1,1,1,1,1
2025-09-17 02:30:00,1,1,1,1,1
2025-09-17 03:30:00,1,1,1,1,1
2025-09-17 04:30:00,1,1,1,1,1
2025-09-17 05:30:00,1,1,1,1,1
2025-09-17 06:30:00,1,1,1,1,1
2025-09-17 07:30:00,1,1,1,1,1
2025-09-17 08:30:00,1,1,1,1,1
2025-09-17 09:30:00,1,1,1,1,1
2025-09-17 10:30:00,1,1,1,1,1
2025-09-17 11:30:00,1,1,1,1,1
2025-09-17 12:30:00,1,1,1,1,1
2025-09-17 13:30:00,1,1,1,1,1
2025-09-17 14:30:00,1,1,1,1,1
2025-09-17 15:30:00,1,1,1,1,1
2025-09-17 16:30:00,1,1,1,1,1
2025-09-17 17:30:00,1,1,1,1,1
2025-09-17 18:30:00,1,1,1,1,1
2025-09-17 19:30:00,1,1,1,1,1
2025-09-17 20:30:00,1,1,1,1,1
2025-09-17 21:30:00,1,1,1,1,1
2025-09-17 22:30:00,1,1,1,1,1
2025-09-17 23:30:00,1,1,1,1,1
2025-09-18 00:30:00,1,1,1,1,1
2025-09-18 01:30:00,1,1,1,1,1
2025-09-18 02:30:00,1,1,1,1,1
2025-09-18 03:30:00,1,1,1,1,1
2025-09-18 04:30:00,1,1,1,1,1
2025-09-18 05:30:00,1,1,1,1,1
2025-09-18 06:30:00,1,1,1,1,1
2025-09-18 07:30:00,1,1,1,1,1
2025-09-18 08:30:00,1,1,1,1,1
2025-09-18 09:30:00,1,1,1,1,1
2025-09-18 10:30:00,1,1,1,1,1
2025-09-18 11:30:00,1,1,1,1,1
2025-09-18 12:30:00,1,1,1,1,1
2025-09-18 13:30:00,1,1,1,1,1
2025-09-18 14:30:00,1,1,1,1,1
2025-09-18 15:30:00,1,1,1,1,1
2025-09-18 16:30:00,1,1,1,1,1
2025-09-18 17:30:00,1,1,1,1,1
2025-09-18 18:30:00,1,1,1,1,1
2025-09-18 19:30:00,1,1,1,1,1
2025-09-18 20:30:00,1,1,1,1,1
2025-09-18 21:30:00,1,1,1,1,1
2025-09-18 22:30:00,1,1,1,1,1
2025-09-18 23:30:00,1,1,1,1,1
2025-09-19 00:30:00,1,1,1,1,1
2025-09-19 01:30:00,1,1,1,1,1
2025-09-19 02:30:00,1,1,1,1,1
2025-09-19 03:30:00,1,1,1,1,1
2025-09-19 04:30:00,1,1,1,1,1
2025-09-19 05:30:00,1,1,1,1,1
2025-09-19 06:30:00,1,1,1,1,1
2025-09-19 07:30:00,1,1,1,1,1
2025-09-19 08:30:00,1,1,1,1,1
2025-09-19 09:30:00,1,1,1,1,1
2025-09-19 10:30:00,1,1,1,1,1
2025-09-19 11:30:00,1,1,1,1,1
2025-09-19 12:30:00,1,1,1,1,1
2025-09-19 13:30:00,1,1,1,1,1
2025-09-19 14:30:00,1,1,1,1,1
2025-09-19 15:30:00,1,1,1,1,1
2025-09-19 16:30:00,1,1,1,1,1
2025-09-19 17:30:00,1,1,1,1,1
2025-09-19 18:30:00,1,1,1,1,1
2025-09-19 19:30:00,1,1,1,1,1
2025-09-19 20:30:00,1,1,1,1,1
2025-09-19 21:30:00,1,1,1,1,1
2025-09-19 22:30:00,1,1,1,1,1
2025-09-19 23:30:00,1,1,1,1,1
2025-09-20 00:30:00,1,1,1,1,1
2025-09-20 01:30:00,1,1,1,1,1
2025-09-20 02:30:00,1,1,1,1,1
2025-09-20 03:30:00,1,1,1,1,1
2025-09-20 04:30:00,1,1,1,1,1
2025-09-20 05:30:00,1,1,1,1,1
2025-09-20 06:30:00,1,1,1,1,1
2025-09-20 07:30:00,1,1,1,1,1
2025-09-20 08:30:00,1,1,1,1,1
2025-09-20 09:30:00,1,1,1,1,1
2025-09-20 10:30:00,1,1,1,1,1
2025-09-20 11:30:00,1,1,1,1,1
2025-09-20 12:30:00,1,1,1,1,1
2025-09-20 13:30:00,1,1,1,1,1
2025-09-20 14:30:00,1,1,1,1,1
2025-09-20 15:30:00,1,1,1,1,1
2025-09-20 16:30:00,1,1,1,1,1
2025-09-20 17:30:00,1,1,1,1,1
2025-09-20 18:30:00,1,1,1,1,1
2025-09-20 19:30:00,1,1,1,1,1
2025-09-20 20:30:00,1,1,1,1,1
2025-09-20 21:30:00,1,1,1,1,1
2025-09-20 22:30:00,1,1,1,1,1
2025-09-20 23:30:00,1,1,1,1,1
2025-09-21 00:30:00,1,1,1,1,1
2025-09-21 01:30:00,1,1,1,1,1
2025-09-21 02:30:00,1,1,1,1,1
2025-09-21 03:30:00,1,1,1,1,1
2025-09-21 04:30:00,1,1,1,1,1
2025-09-21 05:30:00,1,1,1,1,1
2025-09-21 06:30:00,1,1,1,1,1
2025-09-21 07:30:00,1,1,1,1,1
2025-09-21 08:30:00,1,1,1,1,1
2025-09-21 09:30:00,1,1,1,1,1
2025-09-21 10:30:00,1,1,1,1,1
2025-09-21 11:30:00,1,1,1,1,1
2025-09-21 12:30:00,1,1,1,1,1
2025-09-21 13:30:00,1,1,1,1,1
2025-09-21 14:30:00,1,1,1,1,1
2025-09-21 15:30:00,1,1,1,1,1
2025-09-21 16:30:00,1,1,1,1,1
2025-09-21 17:30:00,1,1,1,1,1
2025-09-21 18:30:00,1,1,1,1,1
2025-09-21 19:30:00,1,1,1,1,1
2025-09-21 20:30:00,1,1,1,1,1
2025-09-21 21:30:00,1,1,1,1,1
2025-09-21 22:30:00,1,1,1,1,1
2025-09-21 23:30:00,1,1,1,1,1
2025-09-22 00:30:00,1,1,1,1,1
2025-09-22 01:30:00,1,1,1,1,1
2025-09-22 02:30:00,1,1,1,1,1
2025-09-22 03:30:00,1,1,1,1,1
2025-09-22 04:30:00,1,1,1,1,1
2025-09-22 05:30:00,1,1,1,1,1
2025-09-22 06:30:00,1,1,1,1,1
2025-09-22 07:30:00,1,1,1,1,1
2025-09-22 08:30:00,1,1,1,1,1
2025-09-22 09:30:00,1,1,1,1,1
2025-09-22 10:30:00,1,1,1,1,1
2025-09-22 11:30:00,1,1,1,1,1
2025-09-22 12:30:00,1,1,1,1,1
2025-09-22 13:30:00,1,1,1,1,1
2025-09-22 14:30:00,1,1,1,1,1
2025-09-22 15:30:00,1,1,1,1,1
2025-09-22 16:30:00,1,1,1,1,1
2025-09-22 17:30:00,1,1,1,1,1
2025-09-22 18:30:00,1,1,1,1,1
2025-09-22 19:30:00,1,1,1,1,1
2025-09-22 20:30:00,1,1,1,1,1
2025-09-22 21:30:00,1,1,1,1,1
2025-09-22 22:30:00,1,1,1,1,1
2025-09-22 23:30:00,1,1,1,1,1
2025-09-23 00:30:00,1,1,1,1,1
2025-09-23 01:30:00,1,1,1,1,1
2025-09-23 02:30:00,1,1,1,1,1
2025-09-23 03:30:00,1,1,1,1,1
2025-09-23 04:30:00,1,1,1,1,1
2025-09-23 05:30:00,1,1,1,1,1
2025-09-23 06:30:00,1,1,1,1,1
2025-09-23 07:30:00,1,1,1,1,1
2025-09-23 08:30:00,1,1,1,1,1
2025-09-23 09:30:00,1,1,1,1,1
2025-09-23 10:30:00,1,1,1,1,1
2025-09-23 11:30:00,1,1,1,1,1
2025-09-23 12:30:00,1,1,1,1,1
2025-09-23 13:30:00,1,1,1,1,1
2025-09-23 14:30:00,1,1,1,1,1
2025-09-23 15:30:00,1,1,1,1,1
2025-09-23 16:30:00,1,1,1,1,1
2025-09-23 17:30:00,1,1,1,1,1
2025-09-23 18:30:00,1,1,1,1,1
2025-09-23 19:30:00,1,1,1,1,1
2025-09-23 20:30:00,1,1,1,1,1
2025-09-23 21:30:00,1,1,1,1,1
2025-09-23 22:30:00,1,1,1,1,1
2025-09-23 23:30:00,1,1,1,1,1
2025-09-24 00:30:00,1,1,1,1,1
2025-09-24 01:30:00,1,1,1,1,1
2025-09-24 02:30:00,1,1,1,1,1
2025-09-24 03:30:00,1,1,1,1,1
2025-09-24 04:30:00,1,1,1,1,1
2025-09-24 05:30:00,1,1,1,1,1
2025-09-24 06:30:00,1,1,1,1,1
2025-09-24 07:30:00,1,1,1,1,1
2025-09-24 08:30:00,1,1,1,1,1
2025-09-24 09:30:00,1,1,1,1,1
2025-09-24 10:30:00,1,1,1,1,1
2025-09-24 11:30:00,1,1,1,1,1
2025-09-24 12:30:00,1,1,1,1,1
2025-09-24 13:30:00,1,1,1,1,1
2025-09-24 14:30:00,1,1,1,1,1
2025-09-24 15:30:00,1,1,1,1,1
2025-09-24 16:30:00,1,1,1,1,1
2025-09-24 17:30:00,1,1,1,1,1
2025-09-24 18:30:00,1,1,1,1,1
2025-09-24 19:30:00,1,1,1,1,1
2025-09-24 20:30:00,1,1,1,1,1
2025-09-24 21:30:00,1,1,1,1,1
2025-09-24 22:30:00,1,1,1,1,1
2025-09-24 23:30:00,1,1,1,1,1
2025-09-25 00:30:00,1,1,1,1,1
2025-09-25 01:30:00,1,1,1,1,1
2025-09-25 02:30:00,1,1,1,1,1
2025-09-25 03:30:00,1,1,1,1,1
2025-09-25 04:30:00,1,1,1,1,1
2025-09-25 05:30:00,1,1,1,1,1
2025-09-25 06:30:00,1,1,1,1,1
2025-09-25 07:30:00,1,1,1,1,1
2025-09-25 08:30:00,1,1,1,1,1
2025-09-25 09:30:00,1,1,1,1,1
2025-09-25 10:30:00,1,1,1,1,1
2025-09-25 11:30:00,1,1,1,1,1
2025-09-25 12:30:00,1,1,1,1,1
2025-09-25 13:30:00,1,1,1,1,1
2025-09-25 14:30:00,1,1,1,1,1
2025-09-25 15:30:00,1,1,1,1,1
2025-09-25 16:30:00,1,1,1,1,1
2025-09-25 17:30:00,1,1,1,1,1
2025-09-25 18:30:00,1,1,1,1,1
2025-09-25 19:30:00,1,1,1,1,1
2025-09-25 20:30:00,1,1,1,1,1
2025-09-25 21:30:00,1,1,1,1,1
2025-09-25 22:30:00,1,1,1,1,1
2025-09-25 23:30:00,1,1,1,1,1
2025-09-26 00:30:00,1,1,1,1,1
2025-09-26 01:30:00,1,1,1,1,1
2025-09-26 02:30:00,1,1,1,1,1
2025-09-26 03:30:00,1,1,1,1,1
2025-09-26 04:30:00,1,1,1,1,1
2025-09-26 05:30:00,1,1,1,1,1
2025-09-26 06:30:00,1,1,1,1,1
2025-09-26 07:30:00,1,1,1,1,1
2025-09-26 08:30:00,1,1,1,1,1
2025-09-26 09:30:00,1,1,1,1,1
2025-09-26 10:30:00,1,1,1,1,1
2025-09-26 11:30:00,1,1,1,1,1
2025-09-26 12:30:00,1,1,1,1,1
2025-09-26 13:30:00,1,1,1,1,1
2025-09-26 14:30:00,1,1,1,1,1
2025-09-26 15:30:00,1,1,1,1,1
2025-09-26 16:30:00,1,1,1,1,1
2025-09-26 17:30:00,1,1,1,1,1
2025-09-26 18:30:00,1,1,1,1,1
2025-09-26 19:30:00,1,1,1,1,1
2025-09-26 20:30:00,1,1,1,1,1
2025-09-26 21:30:00,1,1,1,1,1
2025-09-26 22:30:00,1,1,1,1,1
2025-09-26 23:30:00,1,1,1,1,1
2025-09-27 00:30:00,1,1,1,1,1
2025-09-27 01:30:00,1,1,1,1,1
2025-09-27 02:30:00,1,1,1,1,1
2025-09-27 03:30:00,1,1,1,1,1
2025-09-27 04:30:00,1,1,1,1,1
2025-09-27 05:30:00,1,1,1,1,1
2025-09-27 06:30:00,1,1,1,1,1
2025-09-27 07:30:00,1,1,1,1,1
2025-09-27 08:30:00,1,1,1,1,1
2025-09-27 09:30:00,1,1,1,1,1
2025-09-27 10:30:00,1,1,1,1,1
2025-09-27 11:30:00,1,1,1,1,1
2025-09-27 12:30:00,1,1,1,1,1
2025-09-27 13:30:00,1,1,1,1,1
2025-09-27 14:30:00,1,1,1,1,1
2025-09-27 15:30:00,1,1,1,1,1
2025-09-27 16:30:00,1,1,1,1,1
2025-09-27 17:30:00,1,1,1,1,1
2025-09-27 18:30:00,1,1,1,1,1
2025-09-27 19:30:00,1,1,1,1,1
2025-09-27 20:30:00,1,1,1,1,1
2025-09-27 21:30:00,1,1,1,1,1
2025-09-27 22:30:00,1,1,1,1,1
2025-09-27 23:30:00,1,1,1,1,1
2025-09-28 00:30:00,1,1,1,1,1
2025-09-28 01:30:00,1,1,1,1,1
2025-09-28 02:30:00,1,1,1,1,1
2025-09-28 03:30:00,1,1,1,1,1
2025-09-28 04:30:00,1,1,1,1,1
2025-09-28 05:30:00,1,1,1,1,1
2025-09-28 06:30:00,1,1,1,1,1
2025-09-28 07:30:00,1,1,1,1,1
2025-09-28 08:30:00,1,1,1,1,1
2025-09-28 09:30:00,1,1,1,1,1
2025-09-28 10:30:00,1,1,1,1,1
2025-09-28 11:30:00,1,1,1,1,1
2025-09-28 12:30:00,1,1,1,1,1
2025-09-28 13:30:00,1,1,1,1,1
2025-09-28 14:30:00,1,1,1,1,1
2025-09-28 15:30:00,1,1,1,1,1
2025-09-28 16:30:00,1,1,1,1,1
2025-09-28 17:30:00,1,1,1,1,1
2025-09-28 18:30:00,1,1,1,1,1
2025-09-28 19:30:00,1,1,1,1,1
2025-09-28 20:30:00,1,1,1,1,1
2025-09-28 21:30:00,1,1,1,1,1
2025-09-28 22:30:00,1,1,1,1,1
2025-09-28 23:30:00,1,1,1,1,1
2025-09-29 00:30:00,1,1,1,1,1
2025-09-29 01:30:00,1,1,1,1,1
2025-09-29 02:30:00,1,1,1,1,1
2025-09-29 03:30:00,1,1,1,1,1
2025-09-29 04:30:00,1,1,1,1,1
2025-09-29 05:30:00,1,1,1,1,1
2025-09-29 06:30:00,1,1,1,1,1
2025-09-29 07:30:00,1,1,1,1,1
2025-09-29 08:30:00,1,1,1,1,1
2025-09-29 09:30:00,1,1,1,1,1
2025-09-29 10:30:00,1,1,1,1,1
2025-09-29 11:30:00,1,1,1,1,1
2025-09-29 12:30:00,1,1,1,1,1
2025-09-29 13:30:00,1,1,1,1,1
2025-09-29 14:30:00,1,1,1,1,1
2025-09-29 15:30:00,1,1,1,1,1
2025-09-29 16:30:00,1,1,1,1,1
2025-09-29 17:30:00,1,1,1,1,1
2025-09-29 18:30:00,1,1,1,1,1
2025-09-29 19:30:00,1,1,1,1,1
2025-09-29 20:30:00,1,1,1,1,1
2025-09-29 21:30:00,1,1,1,1,1
2025-09-29 22:30:00,1,1,1,1,1
2025-09-29 23:30:00,1,1,1,1,1
2025-09-30 00:30:00,1,1,1,1,1
2025-09-30 01:30:00,1,1,1,1,1
2025-09-30 02:30:00,1,1,1,1,1
2025-09-30 03:30:00,1,1,1,1,1
2025-09-30 04:30:00,1,1,1,1,1
2025-09-30 05:30:00,1,1,1,1,1
2025-09-30 06:30:00,1,1,1,1,1
2025-09-30 07:30:00,1,1,1,1,1
2025-09-30 08:30:00,1,1,1,1,1
2025-09-30 09:30:00,1,1,1,1,1
2025-09-30 10:30:00,1,1,1,1,1
2025-09-30 11:30:00,1,1,1,1,1
2025-09-30 12:30:00,1,1,1,1,1
2025-09-30 13:30:00,1,1,1,1,1
2025-09-30 14:30:00,1,1,1,1,1
2025-09-30 15:30:00,1,1,1,1,1
2025-09-30 16:30:00,1,1,1,1,1
2025-09-30 17:30:00,1,1,1,1,1
2025-09-30 18:30:00,1,1,1,1,1
2025-09-30 19:30:00,1,1,1,1,1
2025-09-30 20:30:00,1,1,1,1,1
2025-09-30 21:30:00,1,1,1,1,1
2025-09-30 22:30:00,1,1,1,1,1
2025-09-30 23:30:00,1,1,1,1,1
2025-10-01 00:30:00,1,1,1,1,1
2025-10-01 01:30:00,1,1,1,1,1
2025-10-01 02:30:00,1,1,1,1,1
2025-10-01 03:30:00,1,1,1,1,1
2025-10-01 04:30:00,1,1,1,1,1
2025-10-01 05:30:00,1,1,1,1,1
2025-10-01 06:30:00,1,1,1,1,1
2025-10-01 07:30:00,1,1,1,1,1
2025-10-01 08:30:00,1,1,1,1,1
2025-10-01 09:30:00,1,1,1,1,1
2025-10-01 10:30:00,1,1,1,1,1
2025-10-01 11:30:00,1,1,1,1,1
2025-10-01 12:30:00,1,1,1,1,1
2025-10-01 13:30:00,1,1,1,1,1
2025-10-01 14:30:00,1,1,1,1,1
2025-10-01 15:30:00,1,1,1,1,1
2025-10-01 16:30:00,1,1,1,1,1
2025-10-01 17:30:00,1,1,1,1,1
2025-10-01 18:30:00,1,1,1,1,1
2025-10-01 19:30:00,1,1,1,1,1
2025-10-01 20:30:00,1,1,1,1,1
2025-10-01 21:30:00,1,1,1,1,1
2025-10-01 22:30:00,1,1,1,1,1
2025-10-01 23:30:00,1,1,1,1,1
2025-10-02 00:30:00,1,1,1,1,1
2025-10-02 01:30:00,1,1,1,1,1
2025-10-02 02:30:00,1,1,1,1,1
2025-10-02 03:30:00,1,1,1,1,1
2025-10-02 04:30:00,1,1,1,1,1
2025-10-02 05:30:00,1,1,1,1,1
2025-10-02 06:30:00,1,1,1,1,1
2025-10-02 07:30:00,1,1,1,1,1
2025-10-02 08:30:00,1,1,1,1,1
2025-10-02 09:30:00,1,1,1,1,1
2025-10-02 10:30:00,1,1,1,1,1
2025-10-02 11:30:00,1,1,1,1,1
2025-10-02 12:30:00,1,1,1,1,1
2025-10-02 13:30:00,1,1,1,1,1
2025-10-02 14:30:00,1,1,1,1,1
2025-10-02 15:30:00,1,1,1,1,1
2025-10-02 16:30:00,1,1,1,1,1
2025-10-02 17:30:00,1,1,1,1,1
2025-10-02 18:30:00,1,1,1,1,1
2025-10-02 19:30:00,1,1,1,1,1
2025-10-02 20:30:00,1,1,1,1,1
2025-10-02 21:30:00,1,1,1,1,1
2025-10-02 22:30:00,1,1,1,1,1
2025-10-02 23:30:00,1,1,1,1,1
2025-10-03 00:30:00,1,1,1,1,1
2025-10-03 01:30:00,1,1,1,1,1
2025-10-03 02:30:00,1,1,1,1,1
2025-10-03 03:30:00,1,1,1,1,1
2025-10-03 04:30:00,1,1,1,1,1
2025-10-03 05:30:00,1,1,1,1,1
2025-10-03 06:30:00,1,1,1,1,1
2025-10-03 07:30:00,1,1,1,1,1
2025-10-03 08:30:00,1,1,1,1,1
2025-10-03 09:30:00,1,1,1,1,1
2025-10-03 10:30:00,1,1,1,1,1
2025-10-03 11:30:00,1,1,1,1,1
2025-10-03 12:30:00,1,1,1,1,1
2025-10-03 13:30:00,1,1,1,1,1
2025-10-03 14:30:00,1,1,1,1,1
2025-10-03 15:30:00,1,1,1,1,1
2025-10-03 16:30:00,1,1,1,1,1
2025-10-03 17:30:00,1,1,1,1,1
2025-10-03 18:30:00,1,1,1,1,1
2025-10-03 19:30:00,1,1,1,1,1
2025-10-03 20:30:00,1,1,1,1,1
2025-10-03 21:30:00,1,1,1,1,1
2025-10-03 22:30:00,1,1,1,1,1
2025-10-03 23:30:00,1,1,1,1,1
2025-10-04 00:30:00,1,1,1,1,1
2025-10-04 01:30:00,1,1,1,1,1
2025-10-04 02:30:00,1,1,1,1,1
2025-10-04 03:30:00,1,1,1,1,1
2025-10-04 04:30:00,1,1,1,1,1
2025-10-04 05:30:00,1,1,1,1,1
2025-10-04 06:30:00,1,1,1,1,1
2025-10-04 07:30:00,1,1,1,1,1
2025-10-04 08:30:00,1,1,1,1,1
2025-10-04 09:30:00,1,1,1,1,1
2025-10-04 10:30:00,1,1,1,1,1
2025-10-04 11:30:00,1,1,1,1,1
2025-10-04 12:30:00,1,1,1,1,1
2025-10-04 13:30:00,1,1,1,1,1
2025-10-04 14:30:00,1,1,1,1,1
2025-10-04 15:30:00,1,1,1,1,1
2025-10-04 16:30:00,1,1,1,1,1
2025-10-04 17:30:00,1,1,1,1,1
2025-10-04 18:30:00,1,1,1,1,1
2025-10-04 19:30:00,1,1,1,1,1
2025-10-04 20:30:00,1,1,1,1,1
2025-10-04 21:30:00,1,1,1,1,1
2025-10-04 22:30:00,1,1,1,1,1
2025-10-04 23:30:00,1,1,1,1,1
2025-10-05 00:30:00,1,1,1,1,1
2025-10-05 01:30:00,1,1,1,1,1
2025-10-05 02:30:00,1,1,1,1,1
2025-10-05 03:30:00,1,1,1,1,1
2025-10-05 04:30:00,1,1,1,1,1
2025-10-05 05:30:00,1,1,1,1,1
2025-10-05 06:30:00,1,1,1,1,1
2025-10-05 07:30:00,1,1,1,1,1
2025-10-05 08:30:00,1,1,1,1,1
2025-10-05 09:30:00,1,1,1,1,1
2025-10-05 10:30:00,1,1,1,1,1
2025-10-05 11:30:00,1,1,1,1,1
2025-10-05 12:30:00,1,1,1,1,1
2025-10-05 13:30:00,1,1,1,1,1
2025-10-05 14:30:00,1,1,1,1,1
2025-10-05 15:30:00,1,1,1,1,1
2025-10-05 16:30:00,1,1,1,1,1
2025-10-05 17:30:00,1,1,1,1,1
2025-10-05 18:30:00,1,1,1,1,1
2025-10-05 19:30:00,1,1,1,1,1
2025-10-05 20:30:00,1,1,1,1,1
2025-10-05 21:30:00,1,1,1,1,1
2025-10-05 22:30:00,1,1,1,1,1
2025-10-05 23:30:00,1,1,1,1,1
2025-10-06 00:30:00,1,1,1,1,1
2025-10-06 01:30:00,1,1,1,1,1
2025-10-06 02:30:00,1,1,1,1,1
2025-10-06 03:30:00,1,1,1,1,1
2025-10-06 04:30:00,1,1,1,1,1
2025-10-06 05:30:00,1,1,1,1,1
2025-10-06 06:30:00,1,1,1,1,1
2025-10-06 07:30:00,1,1,1,1,1
2025-10-06 08:30:00,1,1,1,1,1
2025-10-06 09:30:00,1,1,1,1,1
2025-10-06 10:30:00,1,1,1,1,1
2025-10-06 11:30:00,1,1,1,1,1
2025-10-06 12:30:00,1,1,1,1,1
2025-10-06 13:30:00,1,1,1,1,1
2025-10-06 14:30:00,1,1,1,1,1
2025-10-06 15:30:00,1,1,1,1,1
2025-10-06 16:30:00,1,1,1,1,1
2025-10-06 17:30:00,1,1,1,1,1
2025-10-06 18:30:00,1,1,1,1,1
2025-10-06 19:30:00,1,1,1,1,1
2025-10-06 20:30:00,1,1,1,1,1
2025-10-06 21:30:00,1,1,1,1,1
2025-10-06 22:30:00,1,1,1,1,1
2025-10-06 23:30:00,1,1,1,1,1
2025-10-07 00:30:00,1,1,1,1,1
2025-10-07 01:30:00,1,1,1,1,1
2025-10-07 02:30:00,1,1,1,1,1
2025-10-07 03:30:00,1,1,1,1,1
2025-10-07 04:30:00,1,1,1,1,1
2025-10-07 05:30:00,1,1,1,1,1
2025-10-07 06:30:00,1,1,1,1,1
2025-10-07 07:30:00,1,1,1,1,1
2025-10-07 08:30:00,1,1,1,1,1
2025-10-07 09:30:00,1,1,1,1,1
2025-10-07 10:30:00,1,1,1,1,1
2025-10-07 11:30:00,1,1,1,1,1
2025-10-07 12:30:00,1,1,1,1,1
2025-10-07 13:30:00,1,1,1,1,1
2025-10-07 14:30:00,1,1,1,1,1
2025-10-07 15:30:00,1,1,1,1,1
2025-10-07 16:30:00,1,1,1,1,1
2025-10-07 17:30:00,1,1,1,1,1
2025-10-07 18:30:00,1,1,1,1,1
2025-10-07 19:30:00,1,1,1,1,1
2025-10-07 20:30:00,1,1,1,1,1
2025-10-07 21:30:00,1,1,1,1,1
2025-10-07 22:30:00,1,1,1,1,1
2025-10-07 23:30:00,1,1,1,1,1
2025-10-08 00:30:00,1,1,1,1,1
2025-10-08 01:30:00,1,1,1,1,1
2025-10-08 02:30:00,1,1,1,1,1
2025-10-08 03:30:00,1,1,1,1,1
2025-10-08 04:30:00,1,1,1,1,1
2025-10-08 05:30:00,1,1,1,1,1
2025-10-08 06:30:00,1,1,1,1,1
2025-10-08 07:30:00,1,1,1,1,1
2025-10-08 08:30:00,1,1,1,1,1
2025-10-08 09:30:00,1,1,1,1,1
2025-10-08 10:30:00,1,1,1,1,1
2025-10-08 11:30:00,1,1,1,1,1
2025-10-08 12:30:00,1,1,1,1,1
2025-10-08 13:30:00,1,1,1,1,1
2025-10-08 14:30:00,1,1,1,1,1
2025-10-08 15:30:00,1,1,1,1,1
2025-10-08 16:30:00,1,1,1,1,1
2025-10-08 17:30:00,1,1,1,1,1
2025-10-08 18:30:00,1,1,1,1,1
2025-10-08 19:30:00,1,1,1,1,1
2025-10-08 20:30:00,1,1,1,1,1
2025-10-08 21:30:00,1,1,1,1,1
2025-10-08 22:30:00,1,1,1,1,1
2025-10-08 23:30:00,1,1,1,1,1
2025-10-09 00:30:00,1,1,1,1,1
2025-10-09 01:30:00,1,1,1,1,1
2025-10-09 02:30:00,1,1,1,1,1
2025-10-09 03:30:00,1,1,1,1,1
2025-10-09 04:30:00,1,1,1,1,1
2025-10-09 05:30:00,1,1,1,1,1
2025-10-09 06:30:00,1,1,1,1,1
2025-10-09 07:30:00,1,1,1,1,1
2025-10-09 08:30:00,1,1,1,1,1
2025-10-09 09:30:00,1,1,1,1,1
2025-10-09 10:30:00,1,1,1,1,1
2025-10-09 11:30:00,1,1,1,1,1
2025-10-09 12:30:00,1,1,1,1,1
2025-10-09 13:30:00,1,1,1,1,1
2025-10-09 14:30:00,1,1,1,1,1
2025-10-09 15:30:00,1,1,1,1,1
2025-10-09 16:30:00,1,1,1,1,1
2025-10-09 17:30:00,1,1,1,1,1
2025-10-09 18:30:00,1,1,1,1,1
2025-10-09 19:30:00,1,1,1,1,1
2025-10-09 20:30:00,1,1,1,1,1
2025-10-09 21:30:00,1,1,1,1,1
2025-10-09 22:30:00,1,1,1,1,1
2025-10-09 23:30:00,1,1,1,1,1
2025-10-10 00:30:00,1,1,1,1,1
2025-10-10 01:30:00,1,1,1,1,1
2025-10-10 02:30:00,1,1,1,1,1
2025-10-10 03:30:00,1,1,1,1,1
2025-10-10 04:30:00,1,1,1,1,1
2025-10-10 05:30:00,1,1,1,1,1
2025-10-10 06:30:00,1,1,1,1,1
2025-10-10 07:30:00,1,1,1,1,1
2025-10-10 08:30:00,1,1,1,1,1
2025-10-10 09:30:00,1,1,1,1,1
2025-10-10 10:30:00,1,1,1,1,1
2025-10-10 11:30:00,1,1,1,1,1
2025-10-10 12:30:00,1,1,1,1,1
2025-10-10 13:30:00,1,1,1,1,1
2025-10-10 14:30:00,1,1,1,1,1
2025-10-10 15:30:00,1,1,1,1,1
2025-10-10 16:30:00,1,1,1,1,1
2025-10-10 17:30:00,1,1,1,1,1
2025-10-10 18:30:00,1,1,1,1,1
2025-10-10 19:30:00,1,1,1,1,1
2025-10-10 20:30:00,1,1,1,1,1
2025-10-10 21:30:00,1,1,1,1,1
2025-10-10 22:30:00,1,1,1,1,1
2025-10-10 23:30:00,1,1,1,1,1
2025-10-11 00:30:00,1,1,1,1,1
2025-10-11 01:30:00,1,1,1,1,1
2025-10-11 02:30:00,1,1,1,1,1
2025-10-11 03:30:00,1,1,1,1,1
2025-10-11 04:30:00,1,1,1,1,1
2025-10-11 05:30:00,1,1,1,1,1
2025-10-11 06:30:00,1,1,1,1,1
2025-10-11 07:30:00,1,1,1,1,1
2025-10-11 08:30:00,1,1,1,1,1
2025-10-11 09:30:00,1,1,1,1,1
2025-10-11 10:30:00,1,1,1,1,1
2025-10-11 11:30:00,1,1,1,1,1
2025-10-11 12:30:00,1,1,1,1,1
2025-10-11 13:30:00,1,1,1,1,1
2025-10-11 14:30:00,1,1,1,1,1
2025-10-11 15:30:00,1,1,1,1,1
2025-10-11 16:30:00,1,1,1,1,1
2025-10-11 17:30:00,1,1,1,1,1
2025-10-11 18:30:00,1,1,1,1,1
2025-10-11 19:30:00,1,1,1,1,1
2025-10-11 20:30:00,1,1,1,1,1
2025-10-11 21:30:00,1,1,1,1,1
2025-10-11 22:30:00,1,1,1,1,1
2025-10-11 23:30:00,1,1,1,1,1
2025-10-12 00:30:00,1,1,1,1,1
2025-10-12 01:30:00,1,1,1,1,1
2025-10-12 02:30:00,1,1,1,1,1
2025-10-12 03:30:00,1,1,1,1,1
2025-10-12 04:30:00,1,1,1,1,1
2025-10-12 05:30:00,1,1,1,1,1
2025-10-12 06:30:00,1,1,1,1,1
2025-10-12 07:30:00,1,1,1,1,1
2025-10-12 08:30:00,1,1,1,1,1
2025-10-12 09:30:00,1,1,1,1,1
2025-10-12 10:30:00,1,1,1,1,1
2025-10-12 11:30:00,1,1,1,1,1
2025-10-12 12:30:00,1,1,1,1,1
2025-10-12 13:30:00,1,1,1,1,1
2025-10-12 14:30:00,1,1,1,1,1
2025-10-12 15:30:00,1,1,1,1,1
2025-10-12 16:30:00,1,1,1,1,1
2025-10-12 17:30:00,1,1,1,1,1
2025-10-12 18:30:00,1,1,1,1,1
2025-10-12 19:30:00,1,1,1,1,1
2025-10-12 20:30:00,1,1,1,1,1
2025-10-12 21:30:00,1,1,1,1,1
2025-10-12 22:30:00,1,1,1,1,1
2025-10-12 23:30:00,1,1,1,1,1
2025-10-13 00:30:00,1,1,1,1,1
2025-10-13 01:30:00,1,1,1,1,1
2025-10-13 02:30:00,1,1,1,1,1
2025-10-13 03:30:00,1,1,1,1,1
2025-10-13 04:30:00,1,1,1,1,1
2025-10-13 05:30:00,1,1,1,1,1
2025-10-13 06:30:00,1,1,1,1,1
2025-10-13 07:30:00,1,1,1,1,1
2025-10-13 08:30:00,1,1,1,1,1
2025-10-13 09:30:00,1,1,1,1,1
2025-10-13 10:30:00,1,1,1,1,1
2025-10-13 11:30:00,1,1,1,1,1
2025-10-13 12:30:00,1,1,1,1,1
2025-10-13 13:30:00,1,1,1,1,1
2025-10-13 14:30:00,1,1,1,1,1
2025-10-13 15:30:00,1,1,1,1,1
2025-10-13 16:30:00,1,1,1,1,1
2025-10-13 17:30:00,1,1,1,1,1
2025-10-13 18:30:00,1,1,1,1,1
2025-10-13 19:30:00,1,1,1,1,1
2025-10-13 20:30:00,1,1,1,1,1
2025-10-13 21:30:00,1,1,1,1,1
2025-10-13 22:30:00,1,1,1,1,1
2025-10-13 23:30:00,1,1,1,1,1
2025-10-14 00:30:00,1,1,1,1,1
2025-10-14 01:30:00,1,1,1,1,1
2025-10-14 02:30:00,1,1,1,1,1
2025-10-14 03:30:00,1,1,1,1,1
2025-10-14 04:30:00,1,1,1,1,1
2025-10-14 05:30:00,1,1,1,1,1
2025-10-14 06:30:00,1,1,1,1,1
2025-10-14 07:30:00,1,1,1,1,1
2025-10-14 08:30:00,1,1,1,1,1
2025-10-14 09:30:00,1,1,1,1,1
2025-10-14 10:30:00,1,1,1,1,1
2025-10-14 11:30:00,1,1,1,1,1
2025-10-14 12:30:00,1,1,1,1,1
2025-10-14 13:30:00,1,1,1,1,1
2025-10-14 14:30:00,1,1,1,1,1
2025-10-14 15:30:00,1,1,1,1,1
2025-10-14 16:30:00,1,1,1,1,1
2025-10-14 17:30:00,1,1,1,1,1
2025-10-14 18:30:00,1,1,1,1,1
2025-10-14 19:30:00,1,1,1,1,1
2025-10-14 20:30:00,1,1,1,1,1
2025-10-14 21:30:00,1,1,1,1,1
2025-10-14 22:30:00,1,1,1,1,1
2025-10-14 23:30:00,1,1,1,1,1
2025-10-15 00:30:00,1,1,1,1,1
2025-10-15 01:30:00,1,1,1,1,1
2025-10-15 02:30:00,1,1,1,1,1
2025-10-15 03:30:00,1,1,1,1,1
2025-10-15 04:30:00,1,1,1,1,1
2025-10-15 05:30:00,1,1,1,1,1
2025-10-15 06:30:00,1,1,1,1,1
2025-10-15 07:30:00,1,1,1,1,1
2025-10-15 08:30:00,1,1,1,1,1
2025-10-15 09:30:00,1,1,1,1,1
2025-10-15 10:30:00,1,1,1,1,1
2025-10-15 11:30:00,1,1,1,1,1
2025-10-15 12:30:00,1,1,1,1,1
2025-10-15 13:30:00,1,1,1,1,1
2025-10-15 14:30:00,1,1,1,1,1
2025-10-15 15:30:00,1,1,1,1,1
2025-10-15 16:30:00,1,1,1,1,1
2025-10-15 17:30:00,1,1,1,1,1
2025-10-15 18:30:00,1,1,1,1,1
2025-10-15 19:30:00,1,1,1,1,1
2025-10-15 20:30:00,1,1,1,1,1
2025-10-15 21:30:00,1,1,1,1,1
2025-10-15 22:30:00,1,1,1,1,1
2025-10-15 23:30:00,1,1,1,1,1
2025-10-16 00:30:00,1,1,1,1,1
2025-10-16 01:30:00,1,1,1,1,1
2025-10-16 02:30:00,1,1,1,1,1
2025-10-16 03:30:00,1,1,1,1,1
2025-10-16 04:30:00,1,1,1,1,1
2025-10-16 05:30:00,1,1,1,1,1
2025-10-16 06:30:00,1,1,1,1,1
2025-10-16 07:30:00,1,1,1,1,1
2025-10-16 08:30:00,1,1,1,1,1
2025-10-16 09:30:00,1,1,1,1,1
2025-10-16 10:30:00,1,1,1,1,1
2025-10-16 11:30:00,1,1,1,1,1
2025-10-16 12:30:00,1,1,1,1,1
2025-10-16 13:30:00,1,1,1,1,1
2025-10-16 14:30:00,1,1,1,1,1
2025-10-16 15:30:00,1,1,1,1,1
2025-10-16 16:30:00,1,1,1,1,1
2025-10-16 17:30:00,1,1,1,1,1
2025-10-16 18:30:00,1,1,1,1,1
2025-10-16 19:30:00,1,1,1,1,1
2025-10-16 20:30:00,1,1,1,1,1
2025-10-16 21:30:00,1,1,1,1,1
2025-10-16 22:30:00,1,1,1,1,1
2025-10-16 23:30:00,1,1,1,1,1
2025-10-17 00:30:00,1,1,1,1,1
2025-10-17 01:30:00,1,1,1,1,1
2025-10-17 02:30:00,1,1,1,1,1
2025-10-17 03:30:00,1,1,1,1,1
2025-10-17 04:30:00,1,1,1,1,1
2025-10-17 05:30:00,1,1,1,1,1
2025-10-17 06:30:00,1,1,1,1,1
2025-10-17 07:30:00,1,1,1,1,1
2025-10-17 08:30:00,1,1,1,1,1
2025-10-17 09:30:00,1,1,1,1,1
2025-10-17 10:30:00,1,1,1,1,1
2025-10-17 11:30:00,1,1,1,1,1
2025-10-17 12:30:00,1,1,1,1,1
2025-10-17 13:30:00,1,1,1,1,1
2025-10-17 14:30:00,1,1,1,1,1
2025-10-17 15:30:00,1,1,1,1,1
2025-10-17 16:30:00,1,1,1,1,1
2025-10-17 17:30:00,1,1,1,1,1
2025-10-17 18:30:00,1,1,1,1,1
2025-10-17 19:30:00,1,1,1,1,1
2025-10-17 20:30:00,1,1,1,1,1
2025-10-17 21:30:00,1,1,1,1,1
2025-10-17 22:30:00,1,1,1,1,1
2025-10-17 23:30:00,1,1,1,1,1
2025-10-18 00:30:00,1,1,1,1,1
2025-10-18 01:30:00,1,1,1,1,1
2025-10-18 02:30:00,1,1,1,1,1
2025-10-18 03:30:00,1,1,1,1,1
2025-10-18 04:30:00,1,1,1,1,1
2025-10-18 05:30:00,1,1,1,1,1
2025-10-18 06:30:00,1,1,1,1,1
2025-10-18 07:30:00,1,1,1,1,1
2025-10-18 08:30:00,1,1,1,1,1
2025-10-18 09:30:00,1,1,1,1,1
2025-10-18 10:30:00,1,1,1,1,1
2025-10-18 11:30:00,1,1,1,1,1
2025-10-18 12:30:00,1,1,1,1,1
2025-10-18 13:30:00,1,1,1,1,1
2025-10-18 14:30:00,1,1,1,1,1
2025-10-18 15:30:00,1,1,1,1,1
2025-10-18 16:30:00,1,1,1,1,1
2025-10-18 17:30:00,1,1,1,1,1
2025-10-18 18:30:00,1,1,1,1,1
2025-10-18 19:30:00,1,1,1,1,1
2025-10-18 20:30:00,1,1,1,1,1
2025-10-18 21:30:00,1,1,1,1,1
2025-10-18 22:30:00,1,1,1,1,1
2025-10-18 23:30:00,1,1,1,1,1
2025-10-19 00:30:00,1,1,1,1,1
2025-10-19 01:30:00,1,1,1,1,1
2025-10-19 02:30:00,1,1,1,1,1
2025-10-19 03:30:00,1,1,1,1,1
2025-10-19 04:30:00,1,1,1,1,1
2025-10-19 05:30:00,1,1,1,1,1
2025-10-19 06:30:00,1,1,1,1,1
2025-10-19 07:30:00,1,1,1,1,1
2025-10-19 08:30:00,1,1,1,1,1
2025-10-19 09:30:00,1,1,1,1,1
2025-10-19 10:30:00,1,1,1,1,1
2025-10-19 11:30:00,1,1,1,1,1
2025-10-19 12:30:00,1,1,1,1,1
2025-10-19 13:30:00,1,1,1,1,1
2025-10-19 14:30:00,1,1,1,1,1
2025-10-19 15:30:00,1,1,1,1,1
2025-10-19 16:30:00,1,1,1,1,1
2025-10-19 17:30:00,1,1,1,1,1
2025-10-19 18:30:00,1,1,1,1,1
2025-10-19 19:30:00,1,1,1,1,1
2025-10-19 20:30:00,1,1,1,1,1
2025-10-19 21:30:00,1,1,1,1,1
2025-10-19 22:30:00,1,1,1,1,1
2025-10-19 23:30:00,1,1,1,1,1
2025-10-20 00:30:00,1,1,1,1,1
2025-10-20 01:30:00,1,1,1,1,1
2025-10-20 02:30:00,1,1,1,1,1
2025-10-20 03:30:00,1,1,1,1,1
2025-10-20 04:30:00,1,1,1,1,1
2025-10-20 05:30:00,1,1,1,1,1
2025-10-20 06:30:00,1,1,1,1,1
2025-10-20 07:30:00,1,1,1,1,1
2025-10-20 08:30:00,1,1,1,1,1
2025-10-20 09:30:00,1,1,1,1,1
2025-10-20 10:30:00,1,1,1,1,1
2025-10-20 11:30:00,1,1,1,1,1
2025-10-20 12:30:00,1,1,1,1,1
2025-10-20 13:30:00,1,1,1,1,1
2025-10-20 14:30:00,1,1,1,1,1
2025-10-20 15:30:00,1,1,1,1,1
2025-10-20 16:30:00,1,1,1,1,1
2025-10-20 17:30:00,1,1,1,1,1
2025-10-20 18:30:00,1,1,1,1,1
2025-10-20 19:30:00,1,1,1,1,1
2025-10-20 20:30:00,1,1,1,1,1
2025-10-24 16:30:00,1,1,1,1,1
2025-10-24 17:30:00,1,1,1,1,1
2025-10-24 18:30:00,1,1,1,1,1
2025-10-24 19:30:00,1,1,1,1,1
2025-10-24 20:30:00,1,1,1,1,1
2025-10-24 21:30:00,1,1,1,1,1
2025-10-24 22:30:00,1,1,1,1,1
2025-10-24 23:30:00,1,1,1,1,1
2025-10-25 00:30:00,1,1,1,1,1
2025-10-25 01:30:00,1,1,1,1,1
2025-10-25 02:30:00,1,1,1,1,1
2025-10-25 03:30:00,1,1,1,1,1
2025-10-25 04:30:00,1,1,1,1,1
2025-10-25 05:30:00,1,1,1,1,1
2025-10-25 06:30:00,1,1,1,1,1
2025-10-25 07:30:00,1,1,1,1,1
2025-10-25 08:30:00,1,1,1,1,1
2025-10-25 09:30:00,1,1,1,1,1
2025-10-25 10:30:00,1,1,1,1,1
2025-10-25 11:30:00,1,1,1,1,1
2025-10-25 12:30:00,1,1,1,1,1
2025-10-25 13:30:00,1,1,1,1,1
2025-10-25 14:30:00,1,1,1,1,1
2025-10-25 15:30:00,1,1,1,1,1
2025-10-25 16:30:00,1,1,1,1,1
2025-10-25 17:30:00,1,1,1,1,1
2025-10-25 18:30:00,1,1,1,1,1
2025-10-25 19:30:00,1,1,1,1,1
2025-10-25 20:30:00,1,1,1,1,1
2025-10-25 21:30:00,1,1,1,1,1
2025-10-25 22:30:00,1,1,1,1,1
2025-10-25 23:30:00,1,1,1,1,1
2025-10-26 00:30:00,1,1,1,1,1
2025-10-26 01:30:00,1,1,1,1,1
2025-10-26 02:30:00,1,1,1,1,1
2025-10-26 03:30:00,1,1,1,1,1
2025-10-26 04:30:00,1,1,1,1,1
2025-10-26 05:30:00,1,1,1,1,1
2025-10-26 06:30:00,1,1,1,1,1
2025-10-26 07:30:00,1,1,1,1,1
2025-10-26 08:30:00,1,1,1,1,1
2025-10-26 09:30:00,1,1,1,1,1
2025-10-26 10:30:00,1,1,1,1,1
2025-10-26 11:30:00,1,1,1,1,1
2025-10-26 12:30:00,1,1,1,1,1
2025-10-26 13:30:00,1,1,1,1,1
2025-10-26 14:30:00,1,1,1,1,1
2025-10-26 15:30:00,1,1,1,1,1
2025-10-26 16:30:00,1,1,1,1,1
2025-10-26 17:30:00,1,1,1,1,1
2025-10-26 18:30:00,1,1,1,1,1
2025-10-26 19:30:00,1,1,1,1,1
2025-10-26 20:30:00,1,1,1,1,1
2025-10-26 21:30:00,1,1,1,1,1
2025-10-26 22:30:00,1,1,1,1,1
2025-10-26 23:30:00,1,1,1,1,1
2025-10-27 00:30:00,1,1,1,1,1
2025-10-27 01:30:00,1,1,1,1,1
2025-10-27 02:30:00,1,1,1,1,1
2025-10-27 03:30:00,1,1,1,1,1
2025-10-27 04:30:00,1,1,1,1,1
2025-10-27 05:30:00,1,1,1,1,1
2025-10-27 06:30:00,1,1,1,1,1
2025-10-27 07:30:00,1,1,1,1,1
2025-10-27 08:30:00,1,1,1,1,1
2025-10-27 09:30:00,1,1,1,1,1
2025-10-27 10:30:00,1,1,1,1,1
2025-10-27 11:30:00,1,1,1,1,1
2025-10-27 12:30:00,1,1,1,1,1
2025-10-27 13:30:00,1,1,1,1,1
2025-10-27 14:30:00,1,1,1,1,1
2025-10-27 15:30:00,1,1,1,1,1
2025-10-27 16:30:00,1,1,1,1,1
2025-10-27 17:30:00,1,1,1,1,1
2025-10-27 18:30:00,1,1,1,1,1
2025-10-27 19:30:00,1,1,1,1,1
2025-10-27 20:30:00,1,1,1,1,1
2025-10-27 21:30:00,1,1,1,1,1
2025-10-27 22:30:00,1,1,1,1,1
2025-10-27 23:30:00,1,1,1,1,1
2025-10-28 00:30:00,1,1,1,1,1
2025-10-28 01:30:00,1,1,1,1,1
2025-10-28 02:30:00,1,1,1,1,1
2025-10-28 03:30:00,1,1,1,1,1
2025-10-28 04:30:00,1,1,1,1,1
2025-10-28 05:30:00,1,1,1,1,1
2025-10-28 06:30:00,1,1,1,1,1
2025-10-28 07:30:00,1,1,1,1,1
2025-10-28 08:30:00,1,1,1,1,1
2025-10-28 09:30:00,1,1,1,1,1
2025-10-28 10:30:00,1,1,1,1,1
2025-10-28 11:30:00,1,1,1,1,1
2025-10-28 12:30:00,1,1,1,1,1
2025-10-28 13:30:00,1,1,1,1,1
2025-10-28 14:30:00,1,1,1,1,1
2025-10-28 15:30:00,1,1,1,1,1
2025-10-28 16:30:00,1,1,1,1,1
2025-10-28 17:30:00,1,1,1,1,1
2025-10-28 18:30:00,1,1,1,1,1
2025-10-28 19:30:00,1,1,1,1,1
2025-10-28 20:30:00,1,1,1,1,1
2025-10-28 21:30:00,1,1,1,1,1
2025-10-28 22:30:00,1,1,1,1,1
2025-10-28 23:30:00,1,1,1,1,1
2025-10-29 00:30:00,1,1,1,1,1
2025-10-29 01:30:00,1,1,1,1,1
2025-10-29 02:30:00,1,1,1,1,1
2025-10-29 03:30:00,1,1,1,1,1
2025-10-29 04:30:00,1,1,1,1,1
2025-10-29 05:30:00,1,1,1,1,1
2025-10-29 06:30:00,1,1,1,1,1
2025-10-29 07:30:00,1,1,1,1,1
2025-10-29 08:30:00,1,1,1,1,1
2025-10-29 09:30:00,1,1,1,1,1
2025-10-29 10:30:00,1,1,1,1,1
2025-10-29 11:30:00,1,1,1,1,1
2025-10-29 12:30:00,1,1,1,1,1
2025-10-29 13:30:00,1,1,1,1,1
2025-10-29 16:30:00,1,1,1,1,1
2025-10-29 17:30:00,1,1,1,1,1
2025-10-29 18:30:00,1,1,1,1,1
2025-10-29 19:30:00,1,1,1,1,1
2025-10-29 20:30:00,1,1,1,1,1
2025-10-29 21:30:00,1,1,1,1,1
2025-10-29 22:30:00,1,1,1,1,1
2025-10-29 23:30:00,1,1,1,1,1
2025-10-30 00:30:00,1,1,1,1,1
2025-10-30 01:30:00,1,1,1,1,1
2025-10-30 02:30:00,1,1,1,1,1
2025-10-30 03:30:00,1,1,1,1,1
2025-10-30 04:30:00,1,1,1,1,1
2025-10-30 05:30:00,1,1,1,1,1
2025-10-30 06:30:00,1,1,1,1,1
2025-10-30 07:30:00,1,1,1,1,1
2025-10-30 08:30:00,1,1,1,1,1
2025-10-30 09:30:00,1,1,1,1,1
2025-10-30 16:30:00,1,1,1,1,1
2025-10-30 17:30:00,1,1,1,1,1
2025-10-30 18:30:00,1,1,1,1,1
2025-10-30 19:30:00,1,1,1,1,1
2025-10-30 20:30:00,1,1,1,1,1
2025-10-30 21:30:00,1,1,1,1,1
2025-10-30 22:30:00,1,1,1,1,1
2025-10-30 23:30:00,1,1,1,1,1
2025-10-31 00:30:00,1,1,1,1,1
2025-10-31 01:30:00,1,1,1,1,1
2025-10-31 02:30:00,1,1,1,1,1
2025-10-31 03:30:00,1,1,1,1,1
2025-10-31 04:30:00,1,1,1,1,1
2025-10-31 05:30:00,1,1,1,1,1
2025-10-31 06:30:00,1,1,1,1,1
2025-10-31 07:30:00,1,1,1,1,1
2025-10-31 08:30:00,1,1,1,1,1
2025-10-31 09:30:00,1,1,1,1,1
2025-10-31 16:30:00,1,1,1,1,1
2025-10-31 17:30:00,1,1,1,1,1
2025-10-31 18:30:00,1,1,1,1,1
2025-10-31 19:30:00,1,1,1,1,1
2025-10-31 20:30:00,1,1,1,1,1
2025-10-31 21:30:00,1,1,1,1,1
2025-10-31 22:30:00,1,1,1,1,1
2025-10-31 23:30:00,1,1,1,1,1
2025-11-01 00:30:00,1,1,1,1,1
2025-11-01 01:30:00,1,1,1,1,1
2025-11-01 02:30:00,1,1,1,1,1
2025-11-01 03:30:00,1,1,1,1,1
2025-11-01 04:30:00,1,1,1,1,1
2025-11-01 05:30:00,1,1,1,1,1
2025-11-01 06:30:00,1,1,1,1,1
2025-11-01 07:30:00,1,1,1,1,1
2025-11-01 08:30:00,1,1,1,1,1
2025-11-01 09:30:00,1,1,1,1,1
2025-11-01 16:30:00,1,1,1,1,1
2025-11-01 17:30:00,1,1,1,1,1
2025-11-01 18:30:00,1,1,1,1,1
2025-11-01 19:30:00,1,1,1,1,1
2025-11-01 20:30:00,1,1,1,1,1
2025-11-01 21:30:00,1,1,1,1,1
2025-11-01 22:30:00,1,1,1,1,1
2025-11-01 23:30:00,1,1,1,1,1
2025-11-02 00:30:00,1,1,1,1,1
2025-11-02 01:30:00,1,1,1,1,1
2025-11-02 02:30:00,1,1,1,1,1
2025-11-02 03:30:00,1,1,1,1,1
2025-11-02 04:30:00,1,1,1,1,1
2025-11-02 05:30:00,1,1,1,1,1
2025-11-02 06:30:00,1,1,1,1,1
2025-11-02 07:30:00,1,1,1,1,1
2025-11-02 08:30:00,1,1,1,1,1
2025-11-02 09:30:00,1,1,1,1,1
2025-11-02 16:30:00,1,1,1,1,1
2025-11-02 17:30:00,1,1,1,1,1
2025-11-02 18:30:00,1,1,1,1,1
2025-11-02 19:30:00,1,1,1,1,1
2025-11-02 20:30:00,1,1,1,1,1
2025-11-02 21:30:00,1,1,1,1,1
2025-11-02 22:30:00,1,1,1,1,1
2025-11-02 23:30:00,1,1,1,1,1
2025-11-03 00:30:00,1,1,1,1,1
2025-11-03 01:30:00,1,1,1,1,1
2025-11-03 02:30:00,1,1,1,1,1
2025-11-03 03:30:00,1,1,1,1,1
2025-11-03 04:30:00,1,1,1,1,1
2025-11-03 05:30:00,1,1,1,1,1
2025-11-03 06:30:00,1,1,1,1,1
2025-11-03 07:30:00,1,1,1,1,1
2025-11-03 17:30:00,1,1,1,1,1
2025-11-03 18:30:00,1,1,1,1,1
2025-11-03 19:30:00,1,1,1,1,1
2025-11-03 20:30:00,1,1,1,1,1
2025-11-03 21:30:00,1,1,1,1,1
2025-11-03 22:30:00,0,1,1,1,1
2025-11-03 23:30:00,0,1,1,1,1
2025-11-04 00:30:00,0,1,1,1,1
2025-11-04 01:30:00,1,1,1,1,1
2025-11-04 02:30:00,1,1,1,1,1
2025-11-04 03:30:00,1,1,1,1,1
2025-11-04 04:30:00,1,1,1,1,1
2025-11-04 05:30:00,1,1,1,1,1
2025-11-04 06:30:00,1,1,1,1,1
2025-11-04 07:30:00,1,1,1,1,1
2025-11-04 17:30:00,1,1,1,1,1
2025-11-04 18:30:00,1,1,1,1,1
2025-11-04 19:30:00,1,1,1,1,1
2025-11-04 20:30:00,1,1,1,1,1
2025-11-04 21:30:00,1,1,1,1,1
2025-11-04 22:30:00,1,1,1,1,1
2025-11-04 23:30:00,1,1,1,1,1
2025-11-05 00:30:00,0,1,1,1,1
2025-11-05 01:30:00,0,1,1,1,1
2025-11-05 02:30:00,1,1,1,1,1
2025-11-05 03:30:00,1,1,1,1,1
2025-11-05 04:30:00,1,1,1,1,1
2025-11-05 05:30:00,1,1,1,1,1
2025-11-05 06:30:00,1,1,1,1,1
